task_id,source_id,source_tier,evidence,prediction_head,source_family,oof_auc,auc,auprc,mcc,accuracy,balanced_accuracy,sensitivity,specificity,threshold
gue_emp_H3,P23,Primitive feature head,1--3-mer composition,Logistic L2 (C=1),Composition and FCGR,0.8441949402618184,0.8313971546384391,0.7702763992097448,0.5614206179414692,0.7755511022044088,0.7746755680905375,0.8754966887417218,0.6738544474393531,0.4508378617465496
gue_emp_H3,P24,Primitive feature head,1--3-mer composition,Logistic L2 (C=0.3),Composition and FCGR,0.8409602659353603,0.8272576355295335,0.7630456556220617,0.5618633560650284,0.7775551102204409,0.7768363649345782,0.8596026490066225,0.6940700808625337,0.480089800953865
gue_emp_H3,P18,Primitive feature head,4--6-mer composition,Logistic L2 (C=1),Composition and FCGR,0.8724274342982397,0.8659609789186198,0.8312408661258497,0.5829634996166657,0.790247160988644,0.7898020385212687,0.8410596026490066,0.738544474393531,0.4971447205543518
gue_emp_H3,P19,Primitive feature head,4--6-mer composition,Logistic L2 (C=0.3),Composition and FCGR,0.8720151873531173,0.865545063458346,0.830652305003708,0.5934378233159383,0.7962591850367402,0.7959711536745149,0.8291390728476821,0.7628032345013477,0.4997723740339279
gue_emp_H3,P06,Primitive feature head,Order-4 FCGR,Scaled logistic L2 (C=1),Composition and FCGR,0.8994953378866969,0.8955391728101961,0.8810135008840849,0.6313050001345403,0.8156312625250501,0.8156637689437889,0.8119205298013245,0.8194070080862533,0.5158076289296153
gue_emp_H3,P05,Primitive feature head,Order-4 FCGR,ExtraTrees (300),Composition and FCGR,0.9062655908391803,0.9046312989771692,0.9028991155487908,0.6393046339138321,0.8196392785571143,0.8195444565430821,0.8304635761589404,0.8086253369272237,0.5233333110809326
gue_emp_H3,P11,Primitive feature head,Basic motif/position descriptors,Scaled logistic L2 (C=1),Motif and position,0.879094586895945,0.8717784402277717,0.8471130854186636,0.6087321192432165,0.802939211756847,0.8024776423127041,0.8556291390728477,0.7493261455525606,0.4341772258281707
gue_emp_H3,P08,Primitive feature head,Basic motif/position descriptors,ExtraTrees (300),Motif and position,0.9057378635523298,0.9001285232323593,0.8992451123949783,0.6387028865150126,0.8189712758851035,0.8187197658021099,0.847682119205298,0.7897574123989218,0.5433333516120911
gue_emp_H3,P12,Primitive feature head,CKSNAP (gap 0--5),Scaled logistic L2 (C=1),Physicochemical,0.8949919355749894,0.8940200996055052,0.8752501699059035,0.6660964409900596,0.832999331997328,0.8328823119901465,0.8463576158940397,0.8194070080862533,0.4973851549625397
gue_emp_H3,P16,Primitive feature head,CKSNAP (gap 0--5),ExtraTrees (300),Physicochemical,0.9064188400715772,0.9025017404187716,0.9032873250132144,0.6372963543789238,0.8183032732130928,0.8184752146516485,0.7986754966887417,0.8382749326145552,0.5799999833106995
gue_emp_H3,P22,Primitive feature head,Z-curve descriptors,Scaled logistic L2 (C=1),Physicochemical,0.8293584748138544,0.8126827439710108,0.7302852302928429,0.5496596734416835,0.7615230460921844,0.7601417325645741,0.919205298013245,0.601078167115903,0.3409636354446411
gue_emp_H3,P15,Primitive feature head,Z-curve descriptors,ExtraTrees (300),Physicochemical,0.8841120676140601,0.8740847182306636,0.8491362324998447,0.5846873321031939,0.7909151636606546,0.7904410845932774,0.8450331125827815,0.7358490566037735,0.496666669845581
gue_emp_H3,P26,Primitive feature head,EIIP autocorrelation,Scaled logistic L2 (C=1),Physicochemical,0.8013797594760523,0.7806126274075792,0.7510048675397432,0.4357979978484037,0.717434869739479,0.7170712768426126,0.7589403973509934,0.6752021563342318,0.4841362690925598
gue_emp_H3,P25,Primitive feature head,EIIP autocorrelation,ExtraTrees (300),Physicochemical,0.7815293000086153,0.7677335284982416,0.7671776699997703,0.3946474336435713,0.6967267869071476,0.6962978168900947,0.7456953642384105,0.6469002695417789,0.496666669845581
gue_emp_H3,P14,Primitive feature head,Dinucleotide autocorrelation,Scaled logistic L2 (C=1),Physicochemical,0.8932822505501041,0.8917013262883562,0.883133350560521,0.6465710587273904,0.8229792919171677,0.8227512896949358,0.8490066225165563,0.7964959568733153,0.4698107743263245
gue_emp_H3,P13,Primitive feature head,Dinucleotide autocorrelation,ExtraTrees (300),Physicochemical,0.9066757744531444,0.9034326413309296,0.9066496326911913,0.6379077669344788,0.8189712758851035,0.818940218846504,0.8225165562913908,0.8153638814016172,0.5166666507720947
gue_emp_H3,P29,Primitive feature head,Center-context positional descriptors,Scaled logistic L2 (C=1),Motif and position,0.7230086382738176,0.7044331589939488,0.6499512564319032,0.3301774336669173,0.663994655978624,0.6633833740918584,0.7337748344370861,0.5929919137466307,0.4565502245724201
gue_emp_H3,P30,Primitive feature head,Center-context positional descriptors,ExtraTrees (300),Motif and position,0.7275748894319312,0.7218659074275718,0.6875311126007615,0.3342816688452921,0.665998663994656,0.665381731850556,0.7364238410596027,0.5943396226415094,0.4933333396911621
gue_emp_H3,P09,Primitive feature head,DNABERT-2 embedding,Scaled logistic L2 (C=1),DNABERT-2,0.8976209173848383,0.9055264989914495,0.8977764083356272,0.6435154666014519,0.8216432865731463,0.8214848003427286,0.8397350993377484,0.8032345013477089,0.4708234941959385
gue_emp_H3,P07,Primitive feature head,DNABERT-2 embedding,Scaled logistic L2 (C=0.3),DNABERT-2,0.9026195743438298,0.908118384177362,0.90138849883165,0.6638750466787158,0.8316633266533067,0.831813070098713,0.8145695364238411,0.8490566037735849,0.5824341863393784
gue_emp_H3,P03,Primitive feature head,DNABERT-1 mean embedding,Linear head,DNABERT-1,0.914858967894832,0.9138394530622443,0.901781715246438,0.6667721898110516,0.832999331997328,0.8327546812802342,0.8609271523178808,0.8045822102425876,0.4538115496933461
gue_emp_H3,P21,Primitive feature head,DNABERT-1 CLS embedding,Linear head,DNABERT-1,0.7297107681965065,0.7301690437514503,0.7066759336274487,0.3271513914821369,0.6633266533066132,0.6634869066957034,0.6450331125827815,0.6819407008086253,0.5128275096416474
gue_emp_H3,P17,Primitive feature head,Nucleotide Transformer mean embedding,Linear head,Nucleotide Transformer,0.8950708055809775,0.8883026008104103,0.8769169235005321,0.6430493163974862,0.8209752839011356,0.820683315185377,0.8543046357615894,0.7870619946091644,0.4652190309762955
gue_emp_H3,P10,Primitive feature head,Nucleotide Transformer CLS embedding,Linear head,Nucleotide Transformer,0.8930138630255293,0.8856089680655469,0.8722343385209237,0.6219308747693877,0.8102872411489646,0.8099596579853983,0.847682119205298,0.7722371967654986,0.4627187199890614
gue_emp_H3,P04,Primitive feature head,DNAshapeR MGW/HelT/ProT/Roll,Logistic (C=1),DNA shape,0.8918255828877422,0.8888773852662395,0.8738407583269975,0.6341197393830094,0.8169672678690715,0.8170462862140984,0.8079470198675497,0.8261455525606469,0.5686533153057098
gue_emp_H3,P01,Primitive feature head,DNAshapeR MGW/HelT/ProT/Roll,Histogram gradient boosting,DNA shape,0.9119045535225012,0.9148390782028168,0.9173261671883476,0.6710418813035826,0.8350033400133601,0.8352171507113404,0.8105960264900662,0.8598382749326146,0.5897661989927292
gue_emp_H3,P20,Primitive feature head,DNAshapeR EP,Logistic (C=1),DNA shape,0.8795695392473393,0.8767426500776493,0.855058487963833,0.6155361411097954,0.8062792251169004,0.8058121061744703,0.8596026490066225,0.7520215633423181,0.4732083499431611
gue_emp_H3,P02,Primitive feature head,DNAshapeR five-track profile,Logistic (C=0.3),DNA shape,0.8999598301421656,0.8988236554149338,0.8881768496945457,0.6400937022474368,0.8183032732130928,0.8178138555184663,0.8741721854304636,0.761455525606469,0.4510273317992687
gue_emp_H3,D05,Derived evidence channel,Feature-complementarity view-token channel,View-token expert,Deep feature interaction,0.9210806506056086,0.9443672908373646,0.941488924128248,0.7364131089467585,0.8677354709418837,0.8679343460488032,0.8450331125827815,0.8908355795148248,0.5447182077169423
gue_emp_H3,D02,Derived evidence channel,Integrated score-residual evidence channel,Integrated residual predictor,Score-residual evidence,0.9466313658290116,0.9472608486103424,0.9382608301260296,0.7688484569273345,0.8837675350701403,0.8834919048214063,0.91523178807947,0.8517520215633423,0.4227487921714783
gue_emp_H3,D14,Derived evidence channel,DNABERT-1 pooling interaction C,Pooling-interaction neural head,DNABERT-1,0.9029217696046032,0.9105585405472948,0.9004715846298013,0.6590213987507975,0.8289913159652639,0.8287115545955981,0.8609271523178808,0.7964959568733153,0.4034822784364224
gue_emp_H3,D18,Derived evidence channel,Nucleotide Transformer pooling interaction A,Pooling-interaction neural head,Nucleotide Transformer,0.9017878643114592,0.9051784152371432,0.9080851988323132,0.6425144316955116,0.8189712758851035,0.8184180932150444,0.8821192052980132,0.7547169811320755,0.2688953250646602
gue_emp_H3,D17,Derived evidence channel,DNABERT-2 pooling interaction C,Pooling-interaction neural head,DNABERT-2,0.9179009248843296,0.930304707163385,0.9316580856214411,0.7087423266623444,0.85437541750167,0.8543180235982935,0.8609271523178808,0.8477088948787062,0.5034403184056294
gue_emp_H3,D09,Derived evidence channel,Cross-foundation attention interaction A,Cross-attention interaction head,Cross-foundation interaction,0.927329068350592,0.9313150425733208,0.9279123488729818,0.7274676770699747,0.8637274549098196,0.8636591635279627,0.871523178807947,0.8557951482479784,0.4890922643244266
gue_emp_H3,D13,Derived evidence channel,DNABERT-1 pooling interaction B,Pooling-interaction neural head,DNABERT-1,0.9046077318380956,0.912165080951786,0.9011032735908704,0.6481208920627167,0.8183032732130928,0.8174541689723496,0.91523178807947,0.7196765498652291,0.2525765720009815
gue_emp_H3,D19,Derived evidence channel,Nucleotide Transformer pooling interaction B,Pooling-interaction neural head,Nucleotide Transformer,0.9020785622937992,0.9050498920047838,0.9034599942172988,0.6509482771444687,0.824315297261189,0.8239133539208511,0.8701986754966887,0.7776280323450134,0.3701011681556704
gue_emp_H3,D15,Derived evidence channel,DNABERT-2 pooling interaction A,Pooling-interaction neural head,DNABERT-2,0.91719135964299,0.9310240802556184,0.9303312814399134,0.6888679258144264,0.8430193720774883,0.8425956337801896,0.8913907284768212,0.793800539083558,0.3471585315465927
gue_emp_H3,D10,Derived evidence channel,Cross-foundation attention interaction B,Cross-attention interaction head,Cross-foundation interaction,0.927862224294822,0.9318603737884008,0.9268774639558972,0.7181308146933182,0.8583834335337341,0.8586280144945646,0.8304635761589404,0.8867924528301887,0.6714834570884705
gue_emp_H3,D12,Derived evidence channel,DNABERT-1 pooling interaction A,Pooling-interaction neural head,DNABERT-1,0.9021503044285134,0.9146016672319308,0.9063634832231432,0.6380662105303065,0.811623246492986,0.8106576105389051,0.9218543046357616,0.6994609164420486,0.2247405901551252
gue_emp_H3,D20,Derived evidence channel,Nucleotide Transformer pooling interaction C,Pooling-interaction neural head,Nucleotide Transformer,0.8998669912738967,0.9030042305563984,0.9050625491140188,0.6445483650952589,0.8216432865731463,0.8213339640491959,0.856953642384106,0.7857142857142857,0.3996284091472627
gue_emp_H3,D16,Derived evidence channel,DNABERT-2 pooling interaction B,Pooling-interaction neural head,DNABERT-2,0.9172450503885328,0.934603095267846,0.936102981157376,0.7207498944467522,0.8603874415497662,0.8603595080416272,0.8635761589403973,0.8571428571428571,0.4831592272222045
gue_emp_H3,D11,Derived evidence channel,Cross-foundation attention interaction C,Cross-attention interaction head,Cross-foundation interaction,0.9283178563635516,0.9339033576694452,0.93749908467779,0.7287803106145195,0.8643954575818303,0.8643446207672123,0.8701986754966887,0.8584905660377359,0.4884788286685945
gue_emp_H3,D01,Derived evidence channel,Cross-fitted dual meta-evidence channel,Composite predictor,Meta-evidence,0.951889837006107,0.9542475143249852,0.9488827721720804,0.790230388489304,0.895123580494322,0.895098266721408,0.8980132450331125,0.8921832884097035,0.4858333742618561
gue_emp_H3,D08,Derived evidence channel,Local DNABERT-2 cross-feature branch,Composite predictor,Pre-classifier local fusion,0.921402011675056,0.9320353081880008,0.9326723657522424,0.703275324014533,0.8510354041416166,0.8507515039003231,0.8834437086092716,0.8180592991913747,0.2633164972066879
gue_emp_H3,D06,Derived evidence channel,Local DNABERT-2 and DNABERT-1 interaction branch,Composite predictor,Pre-classifier local fusion,0.9266930547964264,0.9402474072222916,0.9389224839284688,0.7261307503266045,0.8617234468937875,0.8613243248067688,0.9072847682119204,0.8153638814016172,0.3206360325217249
gue_emp_H3,D03,Derived evidence channel,Local three-foundation interaction branch,Composite predictor,Pre-classifier local fusion,0.923108276204438,0.9389657449884864,0.9380704671381446,0.7482832051330249,0.87374749498998,0.8735233216115386,0.8993377483443709,0.8477088948787062,0.4443274402618413
gue_emp_H3,D07,Derived evidence channel,Local DNABERT-2 and Nucleotide Transformer interaction branch,Composite predictor,Pre-classifier local fusion,0.9239641283147472,0.9319255279270274,0.9246901039152672,0.7078509924013829,0.8523714094856379,0.8519367737098589,0.9019867549668874,0.8018867924528302,0.331783046424389
gue_emp_H3,D04,Derived evidence channel,Mean-pooled three-foundation interaction branch,Composite predictor,Pre-classifier local fusion,0.928880472704534,0.9393477445957764,0.9357434756973064,0.7453685197014156,0.8724114896459586,0.8725585048463969,0.8556291390728477,0.889487870619946,0.5733579891920092
gue_emp_H3,E05,Standalone sequence expert,"RC multiscale motif grammar, initialization 1",Neural expert,RC motif grammar,0.8816089490048697,0.9198113207547168,0.9085820101879098,0.6853642852610048,0.8396793587174348,0.83907552524946,0.9086092715231788,0.7695417789757413,0.2135009765625
gue_emp_H3,E04,Standalone sequence expert,"RC multiscale motif grammar, initialization 2",Neural expert,RC motif grammar,0.8798340318205827,0.9200844326234804,0.9055643828421336,0.6913897895139375,0.8450233800935204,0.8447216222487995,0.8794701986754967,0.8099730458221024,0.438720703125
gue_emp_H3,E03,Standalone sequence expert,"RC multiscale motif grammar, initialization 3",Neural expert,RC motif grammar,0.8813599038306725,0.9214589171917672,0.9094779610790732,0.6931374036861581,0.8463593854375417,0.846487031648846,0.8317880794701987,0.8611859838274932,0.59375
gue_emp_H3,E02,Standalone sequence expert,RC motif and biophysical grammar,Neural expert,RC biophysical grammar,0.899468238735227,0.9318050373966904,0.9220461379867024,0.7245345591765198,0.8617234468937875,0.8619392727727102,0.8370860927152318,0.8867924528301887,0.619140625
gue_emp_H3,E01,Standalone sequence expert,Position-aware RC biophysical grammar,Neural expert,Position-aware biophysical grammar,0.9160024285076718,0.924414059013584,0.9041636487108312,0.7094029724731705,0.8537074148296593,0.8533540993555988,0.8940397350993378,0.8126684636118598,0.55419921875
gue_human_tf_0,P23,Primitive feature head,1--3-mer composition,Logistic L2 (C=1),Composition and FCGR,0.8106875111994902,0.8692759999999999,0.8266858020800103,0.5802046092418092,0.779,0.779,0.916,0.642,0.4614635945856571
gue_human_tf_0,P24,Primitive feature head,1--3-mer composition,Logistic L2 (C=0.3),Composition and FCGR,0.8051042072793766,0.866296,0.8199777255852916,0.5836775979471699,0.781,0.781,0.916,0.646,0.4782147566974163
gue_human_tf_0,P18,Primitive feature head,4--6-mer composition,Logistic L2 (C=1),Composition and FCGR,0.8187563609936153,0.8709000000000001,0.8230025103554155,0.5893274545168681,0.785,0.785,0.912,0.658,0.4840819254517555
gue_human_tf_0,P19,Primitive feature head,4--6-mer composition,Logistic L2 (C=0.3),Composition and FCGR,0.8092932622900809,0.859472,0.807476490840002,0.5892266829278254,0.783,0.783,0.922,0.644,0.4890297822654247
gue_human_tf_0,P06,Primitive feature head,Order-4 FCGR,Scaled logistic L2 (C=1),Composition and FCGR,0.8446679813242238,0.8853040000000001,0.8569479814072891,0.6272350964605355,0.803,0.803,0.932,0.674,0.3955974465608597
gue_human_tf_0,P05,Primitive feature head,Order-4 FCGR,ExtraTrees (300),Composition and FCGR,0.8620957174980348,0.902688,0.8807311505278054,0.6565093303360818,0.818,0.818,0.942,0.694,0.496666669845581
gue_human_tf_0,P11,Primitive feature head,Basic motif/position descriptors,Scaled logistic L2 (C=1),Motif and position,0.8230821409359993,0.8743040000000001,0.8590416408555825,0.5810388497065079,0.785,0.7849999999999999,0.882,0.688,0.460908533334732
gue_human_tf_0,P08,Primitive feature head,Basic motif/position descriptors,ExtraTrees (300),Motif and position,0.8421423327973304,0.8925559999999999,0.879347565470728,0.6180484476702086,0.802,0.802,0.908,0.696,0.4833333194255829
gue_human_tf_0,P12,Primitive feature head,CKSNAP (gap 0--5),Scaled logistic L2 (C=1),Physicochemical,0.8367830070136361,0.8813240000000001,0.8582260158522255,0.5990838290578647,0.797,0.7969999999999999,0.862,0.732,0.5052844285964966
gue_human_tf_0,P16,Primitive feature head,CKSNAP (gap 0--5),ExtraTrees (300),Physicochemical,0.8625532959661126,0.90428,0.8906743064496172,0.6351987345833894,0.808,0.808,0.93,0.686,0.4833333194255829
gue_human_tf_0,P22,Primitive feature head,Z-curve descriptors,Scaled logistic L2 (C=1),Physicochemical,0.5258222811201101,0.492232,0.4874472357224717,0.0025542221739099,0.501,0.501,0.812,0.19,0.4681513082981109
gue_human_tf_0,P15,Primitive feature head,Z-curve descriptors,ExtraTrees (300),Physicochemical,0.7065304503469934,0.758972,0.7201416817999622,0.3638615420882386,0.659,0.659,0.902,0.416,0.4600000083446502
gue_human_tf_0,P26,Primitive feature head,EIIP autocorrelation,Scaled logistic L2 (C=1),Physicochemical,0.6922491702211973,0.80832,0.7714026700832566,0.4631264679351252,0.73,0.73,0.788,0.672,0.5104171967506408
gue_human_tf_0,P25,Primitive feature head,EIIP autocorrelation,ExtraTrees (300),Physicochemical,0.7144504235975779,0.823926,0.7962989142539969,0.4637490725027824,0.71,0.71,0.922,0.498,0.4633333384990692
gue_human_tf_0,P14,Primitive feature head,Dinucleotide autocorrelation,Scaled logistic L2 (C=1),Physicochemical,0.833658538399817,0.879208,0.8626702988402388,0.5870913228468525,0.787,0.787,0.892,0.682,0.4431512300670147
gue_human_tf_0,P13,Primitive feature head,Dinucleotide autocorrelation,ExtraTrees (300),Physicochemical,0.8484604044206505,0.8821619999999999,0.8616338508310055,0.5997980003478215,0.792,0.792,0.906,0.678,0.4933333396911621
gue_human_tf_0,P29,Primitive feature head,Center-context positional descriptors,Scaled logistic L2 (C=1),Motif and position,0.7279439636811533,0.766624,0.7303138904477333,0.4052736180361248,0.691,0.6910000000000001,0.858,0.524,0.4272435869276523
gue_human_tf_0,P30,Primitive feature head,Center-context positional descriptors,ExtraTrees (300),Motif and position,0.7446014772345988,0.774044,0.7286100463441585,0.4288478566698621,0.704,0.704,0.858,0.55,0.4666666686534881
gue_human_tf_0,P09,Primitive feature head,DNABERT-2 embedding,Scaled logistic L2 (C=1),DNABERT-2,0.8455318192873751,0.889252,0.8748497432643074,0.6210860819558723,0.801,0.801,0.924,0.678,0.4369778168201445
gue_human_tf_0,P07,Primitive feature head,DNABERT-2 embedding,Scaled logistic L2 (C=0.3),DNABERT-2,0.8458537499351803,0.8894960000000001,0.875088641314471,0.6172273008945254,0.798,0.798,0.928,0.668,0.4224494132399559
gue_human_tf_0,P03,Primitive feature head,DNABERT-1 mean embedding,Linear head,DNABERT-1,0.8774743659063993,0.913124,0.8993856342582089,0.6661342411738336,0.827,0.827,0.922,0.732,0.490538779348135
gue_human_tf_0,P21,Primitive feature head,DNABERT-1 CLS embedding,Linear head,DNABERT-1,0.8431398492620644,0.877848,0.8536036259518224,0.5863660431948817,0.786,0.786,0.896,0.676,0.4741858214139938
gue_human_tf_0,P17,Primitive feature head,Nucleotide Transformer mean embedding,Linear head,Nucleotide Transformer,0.8132811487936024,0.8569680000000001,0.8308681890215293,0.5568300595373868,0.77,0.77,0.892,0.648,0.4360046264529228
gue_human_tf_0,P10,Primitive feature head,Nucleotide Transformer CLS embedding,Linear head,Nucleotide Transformer,0.8149874099499409,0.864548,0.8476281582849692,0.5490479948334214,0.761,0.761,0.916,0.606,0.4300606307387352
gue_human_tf_0,P04,Primitive feature head,DNAshapeR MGW/HelT/ProT/Roll,Logistic (C=1),DNA shape,0.8224435538959136,0.873928,0.8471266263199602,0.5751663954366241,0.778,0.778,0.906,0.65,0.4046483695507049
gue_human_tf_0,P01,Primitive feature head,DNAshapeR MGW/HelT/ProT/Roll,Histogram gradient boosting,DNA shape,0.844500765163787,0.8954479999999999,0.8869250641603532,0.6314711234406418,0.808,0.808,0.918,0.698,0.4881608784198761
gue_human_tf_0,P20,Primitive feature head,DNAshapeR EP,Logistic (C=1),DNA shape,0.7635544588119977,0.7830919999999999,0.7538374362943583,0.4392397579858085,0.717,0.7170000000000001,0.794,0.64,0.4822543549537658
gue_human_tf_0,P02,Primitive feature head,DNAshapeR five-track profile,Logistic (C=0.3),DNA shape,0.838239771469129,0.8866279999999999,0.8661831529204254,0.6088025774475799,0.798,0.798,0.9,0.696,0.4631607317924499
gue_human_tf_0,D05,Derived evidence channel,Feature-complementarity view-token channel,View-token expert,Deep feature interaction,0.8336496989055339,0.897772,0.8817546572228862,0.6200531887260711,0.789,0.7889999999999999,0.97,0.608,0.182195937037468
gue_human_tf_0,D02,Derived evidence channel,Integrated score-residual evidence channel,Integrated residual predictor,Score-residual evidence,0.8807834047406136,0.9106,0.8921379373176316,0.6727433839925909,0.831,0.831,0.92,0.742,0.4752141767740249
gue_human_tf_0,D14,Derived evidence channel,DNABERT-1 pooling interaction C,Pooling-interaction neural head,DNABERT-1,0.8134889900059536,0.882168,0.8692783741701579,0.5099959207940109,0.722,0.722,0.968,0.476,0.1568532846868039
gue_human_tf_0,D18,Derived evidence channel,Nucleotide Transformer pooling interaction A,Pooling-interaction neural head,Nucleotide Transformer,0.77273705436764,0.8502320000000001,0.835868529556197,0.4779723615198376,0.705,0.705,0.962,0.448,0.0998611922934651
gue_human_tf_0,D17,Derived evidence channel,DNABERT-2 pooling interaction C,Pooling-interaction neural head,DNABERT-2,0.7953364081201835,0.876392,0.8639391969698892,0.584917871398591,0.792,0.792,0.82,0.764,0.5745941308140754
gue_human_tf_0,D09,Derived evidence channel,Cross-foundation attention interaction A,Cross-attention interaction head,Cross-foundation interaction,0.7956747359939802,0.890384,0.8768487901673412,0.5573160356048801,0.748,0.748,0.976,0.52,0.1333243038505315
gue_human_tf_0,D13,Derived evidence channel,DNABERT-1 pooling interaction B,Pooling-interaction neural head,DNABERT-1,0.8194543507278174,0.879616,0.8629086802115589,0.5427385042898359,0.745,0.745,0.96,0.53,0.2166797528415918
gue_human_tf_0,D19,Derived evidence channel,Nucleotide Transformer pooling interaction B,Pooling-interaction neural head,Nucleotide Transformer,0.7731713941571037,0.841712,0.8254838239217639,0.4665694748158434,0.692,0.692,0.976,0.408,0.0528277862817049
gue_human_tf_0,D15,Derived evidence channel,DNABERT-2 pooling interaction A,Pooling-interaction neural head,DNABERT-2,0.7931117781231212,0.881604,0.8552663443935977,0.5920190592647204,0.782,0.782,0.934,0.63,0.2877228799462319
gue_human_tf_0,D10,Derived evidence channel,Cross-foundation attention interaction B,Cross-attention interaction head,Cross-foundation interaction,0.7976300217173306,0.8829880000000001,0.8658487374262246,0.5594435621549695,0.746,0.746,0.984,0.508,0.1440574720501903
gue_human_tf_0,D12,Derived evidence channel,DNABERT-1 pooling interaction A,Pooling-interaction neural head,DNABERT-1,0.821861328505404,0.882004,0.8577156362034365,0.5809965560720094,0.767,0.7669999999999999,0.964,0.57,0.2581152755022048
gue_human_tf_0,D20,Derived evidence channel,Nucleotide Transformer pooling interaction C,Pooling-interaction neural head,Nucleotide Transformer,0.769719047445325,0.848204,0.8375249604154943,0.4467420250289598,0.681,0.681,0.974,0.388,0.0520799405872822
gue_human_tf_0,D16,Derived evidence channel,DNABERT-2 pooling interaction B,Pooling-interaction neural head,DNABERT-2,0.7970584363923401,0.8819559999999999,0.8606337938265074,0.5835123123402621,0.777,0.777,0.934,0.62,0.310372393578291
gue_human_tf_0,D11,Derived evidence channel,Cross-foundation attention interaction C,Cross-attention interaction head,Cross-foundation interaction,0.7979503600354386,0.8923599999999999,0.8648765173318888,0.5773951319648505,0.762,0.762,0.972,0.552,0.156564290076494
gue_human_tf_0,D01,Derived evidence channel,Cross-fitted dual meta-evidence channel,Composite predictor,Meta-evidence,0.8910009643342527,0.920524,0.9063299424669315,0.6992882000059332,0.846,0.8460000000000001,0.918,0.774,0.5356780290603638
gue_human_tf_0,D08,Derived evidence channel,Local DNABERT-2 cross-feature branch,Composite predictor,Pre-classifier local fusion,0.827138578399857,0.8955000000000001,0.8843141794346339,0.5495997344315819,0.744,0.744,0.974,0.514,0.207344873920083
gue_human_tf_0,D06,Derived evidence channel,Local DNABERT-2 and DNABERT-1 interaction branch,Composite predictor,Pre-classifier local fusion,0.838414238384523,0.8962359999999999,0.884698858435931,0.6332785063987776,0.808,0.808,0.924,0.692,0.3817489123344422
gue_human_tf_0,D03,Derived evidence channel,Local three-foundation interaction branch,Composite predictor,Pre-classifier local fusion,0.8373836402380976,0.900278,0.8877060242044003,0.618893881842773,0.794,0.794,0.95,0.638,0.2901968467235565
gue_human_tf_0,D07,Derived evidence channel,Local DNABERT-2 and Nucleotide Transformer interaction branch,Composite predictor,Pre-classifier local fusion,0.8292403135757102,0.8917440000000001,0.878663059309234,0.5551361100027009,0.745,0.745,0.98,0.51,0.0832203103601933
gue_human_tf_0,D04,Derived evidence channel,Mean-pooled three-foundation interaction branch,Composite predictor,Pre-classifier local fusion,0.8410162541101989,0.891144,0.8784602215932148,0.5646633576600422,0.757,0.757,0.964,0.55,0.2094494330883024
gue_human_tf_0,E05,Standalone sequence expert,"RC multiscale motif grammar, initialization 1",Neural expert,RC motif grammar,0.8645807445633853,0.914838,0.8981989302695663,0.6719820937484533,0.83,0.8300000000000001,0.924,0.736,0.452880859375
gue_human_tf_0,E04,Standalone sequence expert,"RC multiscale motif grammar, initialization 2",Neural expert,RC motif grammar,0.8586443060779949,0.910874,0.8978944114356789,0.6668926170770407,0.828,0.8280000000000001,0.918,0.738,0.60400390625
gue_human_tf_0,E03,Standalone sequence expert,"RC multiscale motif grammar, initialization 3",Neural expert,RC motif grammar,0.8677119810272138,0.914748,0.8994754581592407,0.6786840171272925,0.836,0.8360000000000001,0.906,0.766,0.5869140625
gue_human_tf_0,E02,Standalone sequence expert,RC motif and biophysical grammar,Neural expert,RC biophysical grammar,0.8651010934939128,0.914762,0.8999882588181924,0.6644473188727559,0.823,0.823,0.94,0.706,0.362548828125
gue_human_tf_0,E01,Standalone sequence expert,Position-aware RC biophysical grammar,Neural expert,Position-aware biophysical grammar,0.8601784933014496,0.913062,0.9003854345433364,0.6689158974596542,0.827,0.827,0.932,0.722,0.62890625
gue_mouse_0,P23,Primitive feature head,1--3-mer composition,Logistic L2 (C=1),Composition and FCGR,0.6555459043692111,0.7051699436061576,0.6803778922286279,0.2678136253647944,0.6283950617283951,0.6283950617283951,0.4864197530864197,0.7703703703703704,0.5024977999925614
gue_mouse_0,P24,Primitive feature head,1--3-mer composition,Logistic L2 (C=0.3),Composition and FCGR,0.6230798247664536,0.6933058984910838,0.66550225040733,0.2509673236928891,0.6172839506172839,0.6172839506172839,0.4395061728395061,0.7950617283950617,0.5009386372566224
gue_mouse_0,P18,Primitive feature head,4--6-mer composition,Logistic L2 (C=1),Composition and FCGR,0.8174429026979676,0.8215881725346748,0.8372509454118128,0.499251393762025,0.7481481481481481,0.7481481481481482,0.6938271604938272,0.8024691358024691,0.5006097960472107
gue_mouse_0,P19,Primitive feature head,4--6-mer composition,Logistic L2 (C=0.3),Composition and FCGR,0.8157422890250999,0.8203993293705227,0.8359416866812428,0.4893160426423827,0.7432098765432099,0.7432098765432098,0.6888888888888889,0.7975308641975308,0.5001871693134308
gue_mouse_0,P06,Primitive feature head,Order-4 FCGR,Scaled logistic L2 (C=1),Composition and FCGR,0.8035397345048505,0.7979698216735254,0.798613177480532,0.466689429089984,0.7333333333333333,0.7333333333333334,0.7283950617283951,0.7382716049382716,0.5053408923745155
gue_mouse_0,P05,Primitive feature head,Order-4 FCGR,ExtraTrees (300),Composition and FCGR,0.7949057048803441,0.8113976527968297,0.8234680100513971,0.4679706733164642,0.7283950617283951,0.7283950617283951,0.6197530864197531,0.837037037037037,0.5233333110809326
gue_mouse_0,P11,Primitive feature head,Basic motif/position descriptors,Scaled logistic L2 (C=1),Motif and position,0.5573914188820381,0.56595031245237,0.5901583674835753,0.1494170243370349,0.5703703703703704,0.5703703703703704,0.4024691358024691,0.7382716049382716,0.5312048196792603
gue_mouse_0,P08,Primitive feature head,Basic motif/position descriptors,ExtraTrees (300),Motif and position,0.5283727306574962,0.580896204846822,0.5860311303349408,0.1138328894991378,0.5444444444444444,0.5444444444444445,0.2320987654320987,0.8567901234567902,0.5433333516120911
gue_mouse_0,P12,Primitive feature head,CKSNAP (gap 0--5),Scaled logistic L2 (C=1),Physicochemical,0.7391876003860609,0.734833104709648,0.7246089915146672,0.3534678386522715,0.674074074074074,0.674074074074074,0.5876543209876544,0.7604938271604939,0.5579036867618561
gue_mouse_0,P16,Primitive feature head,CKSNAP (gap 0--5),ExtraTrees (300),Physicochemical,0.7097943283155868,0.7099436061575979,0.7095654989381265,0.2997431839357755,0.6395061728395062,0.6395061728395062,0.4567901234567901,0.8222222222222222,0.5299999713897705
gue_mouse_0,P22,Primitive feature head,Z-curve descriptors,Scaled logistic L2 (C=1),Physicochemical,0.5474909660076079,0.5660844383478127,0.5757416422695394,0.1476057624004546,0.5604938271604938,0.5604938271604938,0.2740740740740741,0.8469135802469135,0.549745368361473
gue_mouse_0,P15,Primitive feature head,Z-curve descriptors,ExtraTrees (300),Physicochemical,0.5614618364278046,0.6051150739216583,0.5897429438331757,0.1462163328133746,0.5617283950617284,0.5617283950617284,0.2938271604938272,0.8296296296296296,0.5333333611488342
gue_mouse_0,P14,Primitive feature head,Dinucleotide autocorrelation,Scaled logistic L2 (C=1),Physicochemical,0.6825424498235374,0.7006736777930194,0.7105084696452936,0.2909937982439233,0.6345679012345679,0.634567901234568,0.4444444444444444,0.8246913580246914,0.589792114496231
gue_mouse_0,P13,Primitive feature head,Dinucleotide autocorrelation,ExtraTrees (300),Physicochemical,0.650684221751227,0.6645450388660266,0.6795173608790888,0.2259225281592593,0.6098765432098765,0.6098765432098765,0.4938271604938271,0.725925925925926,0.5099999904632568
gue_mouse_0,P09,Primitive feature head,DNABERT-2 embedding,Scaled logistic L2 (C=1),DNABERT-2,0.7139064666998425,0.7376192653558908,0.716250189592607,0.3505203505205257,0.6703703703703704,0.6703703703703703,0.5530864197530864,0.7876543209876543,0.6153505349159241
gue_mouse_0,P07,Primitive feature head,DNABERT-2 embedding,Scaled logistic L2 (C=0.3),DNABERT-2,0.721157458059261,0.7413808870598995,0.7216779085781642,0.3730032747004418,0.6864197530864198,0.6864197530864198,0.671604938271605,0.7012345679012346,0.4772150748968125
gue_mouse_0,P03,Primitive feature head,DNABERT-1 mean embedding,Linear head,DNABERT-1,0.7514388041150905,0.7521109586953207,0.746526481426363,0.333774863871049,0.6518518518518519,0.6518518518518519,0.4444444444444444,0.8592592592592593,0.6153984612226486
gue_mouse_0,P21,Primitive feature head,DNABERT-1 CLS embedding,Linear head,DNABERT-1,0.5736639014436314,0.5983356195701874,0.5842615082673666,0.1441743217287179,0.5679012345679012,0.5679012345679013,0.7358024691358025,0.4,0.4557629163563251
gue_mouse_0,P17,Primitive feature head,Nucleotide Transformer mean embedding,Linear head,Nucleotide Transformer,0.6092725994401876,0.6243133668648072,0.6281746918697058,0.1449164511247271,0.5555555555555556,0.5555555555555556,0.2345679012345679,0.8765432098765432,0.6205440521240235
gue_mouse_0,P10,Primitive feature head,Nucleotide Transformer CLS embedding,Linear head,Nucleotide Transformer,0.6166831692414098,0.6405608901082153,0.6248750570137792,0.2201653474926492,0.6024691358024692,0.6024691358024692,0.419753086419753,0.7851851851851852,0.5677315187454224
gue_mouse_0,P04,Primitive feature head,DNAshapeR MGW/HelT/ProT/Roll,Logistic (C=1),DNA shape,0.7283993747597662,0.7260112787684805,0.7198222043208128,0.3344785477590954,0.662962962962963,0.662962962962963,0.5506172839506173,0.7753086419753087,0.5565037173032761
gue_mouse_0,P01,Primitive feature head,DNAshapeR MGW/HelT/ProT/Roll,Histogram gradient boosting,DNA shape,0.7230915653417614,0.7489163237311385,0.756943490812606,0.357391624788108,0.6777777777777778,0.6777777777777778,0.6271604938271605,0.7283950617283951,0.5087192490696907
gue_mouse_0,P20,Primitive feature head,DNAshapeR EP,Logistic (C=1),DNA shape,0.6210397962577161,0.6159244017680231,0.6201902656255045,0.19594651552007,0.5950617283950618,0.5950617283950617,0.4740740740740741,0.7160493827160493,0.5369001412391663
gue_mouse_0,P02,Primitive feature head,DNAshapeR five-track profile,Logistic (C=0.3),DNA shape,0.7383466317878449,0.7314372809023014,0.7287936236121162,0.3520896837264374,0.6753086419753086,0.6753086419753087,0.6296296296296297,0.7209876543209877,0.5272084438800813
gue_mouse_0,D05,Derived evidence channel,Feature-complementarity view-token channel,View-token expert,Deep feature interaction,0.7748656573938966,0.8011583600060966,0.8107153095717301,0.4144396776216196,0.6790123456790124,0.6790123456790124,0.4271604938271605,0.9308641975308642,0.7821836829185491
gue_mouse_0,D02,Derived evidence channel,Integrated score-residual evidence channel,Integrated residual predictor,Score-residual evidence,0.8519985260645291,0.8580155464106081,0.8670950378104161,0.5640444233812844,0.7777777777777778,0.7777777777777777,0.691358024691358,0.8641975308641975,0.5418851041793824
gue_mouse_0,D14,Derived evidence channel,DNABERT-1 pooling interaction C,Pooling-interaction neural head,DNABERT-1,0.7067809014351968,0.752842554488645,0.741085093193224,0.3662335103823572,0.6604938271604939,0.6604938271604939,0.419753086419753,0.9012345679012346,0.7708776104450227
gue_mouse_0,D18,Derived evidence channel,Nucleotide Transformer pooling interaction A,Pooling-interaction neural head,Nucleotide Transformer,0.5952589162100971,0.6073098613016308,0.6185375470264491,0.102880658436214,0.5308641975308642,0.5308641975308642,0.9308641975308642,0.1308641975308642,0.0915581125020981
gue_mouse_0,D17,Derived evidence channel,DNABERT-2 pooling interaction C,Pooling-interaction neural head,DNABERT-2,0.73179378669777,0.7442219173906417,0.7497265631174568,0.2924071591505994,0.6049382716049383,0.6049382716049383,0.2567901234567901,0.9530864197530864,0.9352918243408204
gue_mouse_0,D09,Derived evidence channel,Cross-foundation attention interaction A,Cross-attention interaction head,Cross-foundation interaction,0.7345534243620779,0.7712543819539704,0.7607401491501323,0.356304140747913,0.6580246913580247,0.6580246913580247,0.4271604938271605,0.8888888888888888,0.7649616158008576
gue_mouse_0,D13,Derived evidence channel,DNABERT-1 pooling interaction B,Pooling-interaction neural head,DNABERT-1,0.706741967006498,0.7527450083828684,0.7481977725824239,0.3741657386773941,0.6728395061728395,0.6728395061728395,0.4814814814814814,0.8641975308641975,0.7272098276019097
gue_mouse_0,D19,Derived evidence channel,Nucleotide Transformer pooling interaction B,Pooling-interaction neural head,Nucleotide Transformer,0.6015509684054265,0.6110531931108063,0.6164196353758238,0.160731142648433,0.5802469135802469,0.5802469135802468,0.6074074074074074,0.5530864197530864,0.4690963709354401
gue_mouse_0,D15,Derived evidence channel,DNABERT-2 pooling interaction A,Pooling-interaction neural head,DNABERT-2,0.7397969204297757,0.7539643347050755,0.7733155179681019,0.3734405937055581,0.654320987654321,0.654320987654321,0.3728395061728395,0.9358024691358025,0.8788317608833314
gue_mouse_0,D10,Derived evidence channel,Cross-foundation attention interaction B,Cross-attention interaction head,Cross-foundation interaction,0.7384297722313329,0.7607925621094345,0.7655152040748374,0.3754019724597101,0.6802469135802469,0.6802469135802469,0.5407407407407407,0.8197530864197531,0.6157567045092583
gue_mouse_0,D12,Derived evidence channel,DNABERT-1 pooling interaction A,Pooling-interaction neural head,DNABERT-1,0.7080223223053761,0.7639140374942844,0.7693819805885527,0.3842462849206112,0.6888888888888889,0.6888888888888889,0.5975308641975309,0.7802469135802469,0.6000699639320374
gue_mouse_0,D20,Derived evidence channel,Nucleotide Transformer pooling interaction C,Pooling-interaction neural head,Nucleotide Transformer,0.6048926268283367,0.6119920743789057,0.6215520856811786,0.1515983029917756,0.5753086419753086,0.5753086419753086,0.5185185185185185,0.6320987654320988,0.5438486424088479
gue_mouse_0,D16,Derived evidence channel,DNABERT-2 pooling interaction B,Pooling-interaction neural head,DNABERT-2,0.7356284137285356,0.7589391860996799,0.7607642633237599,0.3631769737338195,0.6654320987654321,0.6654320987654321,0.4592592592592592,0.8716049382716049,0.7617971852421767
gue_mouse_0,D11,Derived evidence channel,Cross-foundation attention interaction C,Cross-attention interaction head,Cross-foundation interaction,0.7338589682029977,0.7759244017680231,0.7768897885286747,0.4136631114930061,0.6987654320987654,0.6987654320987654,0.5604938271604938,0.837037037037037,0.6659378123283387
gue_mouse_0,D01,Derived evidence channel,Cross-fitted dual meta-evidence channel,Composite predictor,Meta-evidence,0.8606435130572669,0.8690504496265813,0.8760634918449464,0.5885121270043732,0.7888888888888889,0.788888888888889,0.6938271604938272,0.8839506172839506,0.5492013305425644
gue_mouse_0,D08,Derived evidence channel,Local DNABERT-2 cross-feature branch,Composite predictor,Pre-classifier local fusion,0.743148557212072,0.7620667581161408,0.7662882543443293,0.3413472865277625,0.6567901234567901,0.6567901234567901,0.4592592592592592,0.854320987654321,0.7258448541164401
gue_mouse_0,D06,Derived evidence channel,Local DNABERT-2 and DNABERT-1 interaction branch,Composite predictor,Pre-classifier local fusion,0.7779043878875218,0.8096448712086571,0.8236499753571297,0.3775452111242115,0.6481481481481481,0.6481481481481481,0.3382716049382716,0.9580246913580248,0.9548847275972366
gue_mouse_0,D03,Derived evidence channel,Local three-foundation interaction branch,Composite predictor,Pre-classifier local fusion,0.7661025115643538,0.7919280597469898,0.8081677973061081,0.3731189155805073,0.645679012345679,0.645679012345679,0.3333333333333333,0.9580246913580248,0.9239436984062194
gue_mouse_0,D07,Derived evidence channel,Local DNABERT-2 and Nucleotide Transformer interaction branch,Composite predictor,Pre-classifier local fusion,0.7414037751786013,0.7712299954275262,0.7717550637295133,0.3899313985713185,0.6814814814814815,0.6814814814814815,0.4987654320987654,0.8641975308641975,0.629980621337892
gue_mouse_0,D04,Derived evidence channel,Mean-pooled three-foundation interaction branch,Composite predictor,Pre-classifier local fusion,0.7751561594416818,0.7849230300259107,0.8003911631131471,0.3919253138514753,0.674074074074074,0.674074074074074,0.4444444444444444,0.9037037037037036,0.7446653351187713
gue_mouse_0,E05,Standalone sequence expert,"RC multiscale motif grammar, initialization 1",Neural expert,RC motif grammar,0.799206791971766,0.8775369608291419,0.8889625402037626,0.4937888132795993,0.7111111111111111,0.711111111111111,0.4518518518518518,0.9703703703703704,0.8212890625
gue_mouse_0,E04,Standalone sequence expert,"RC multiscale motif grammar, initialization 2",Neural expert,RC motif grammar,0.840339660341165,0.879128181679622,0.8903798217335116,0.5797202000139252,0.7703703703703704,0.7703703703703704,0.5901234567901235,0.9506172839506172,0.79541015625
gue_mouse_0,E03,Standalone sequence expert,"RC multiscale motif grammar, initialization 3",Neural expert,RC motif grammar,0.8406848362675483,0.8816217040085352,0.8917567355030162,0.5319711950159385,0.7382716049382716,0.7382716049382716,0.5160493827160494,0.9604938271604938,0.7822265625
gue_mouse_0,E02,Standalone sequence expert,RC motif and biophysical grammar,Neural expert,RC biophysical grammar,0.8538534089389233,0.8828562719097699,0.8981144353155838,0.5991046169680296,0.7839506172839507,0.7839506172839505,0.6246913580246913,0.94320987654321,0.32044677734375
gue_mouse_0,E01,Standalone sequence expert,Position-aware RC biophysical grammar,Neural expert,Position-aware biophysical grammar,0.810497437406693,0.8747233653406493,0.8875393354107897,0.4689197944468663,0.6901234567901234,0.6901234567901234,0.3975308641975308,0.982716049382716,0.751953125
gue_prom_300_all,P23,Primitive feature head,1--3-mer composition,Logistic L2 (C=1),Composition and FCGR,0.8649500459033211,0.8659416518285167,0.8842087039013566,0.6315696026207922,0.8099662162162162,0.8105910149294617,0.7181208053691275,0.903061224489796,0.5319624096155167
gue_prom_300_all,P24,Primitive feature head,1--3-mer composition,Logistic L2 (C=0.3),Composition and FCGR,0.8066889041609648,0.8091780235584166,0.8546995811690087,0.5805200621891314,0.7766891891891892,0.777685705154545,0.6302013422818792,0.9251700680272108,0.5467372983694077
gue_prom_300_all,P18,Primitive feature head,4--6-mer composition,Logistic L2 (C=1),Composition and FCGR,0.8369330451098238,0.8405975208875497,0.8684970127353839,0.5724765431317543,0.7743243243243243,0.7752636625119846,0.636241610738255,0.9142857142857144,0.5228264778852463
gue_prom_300_all,P19,Primitive feature head,4--6-mer composition,Logistic L2 (C=0.3),Composition and FCGR,0.7972982587494065,0.7970519449390494,0.840776632889962,0.5340467403069976,0.7515202702702702,0.7526263525544445,0.5889261744966443,0.9163265306122448,0.5139075368642807
gue_prom_300_all,P06,Primitive feature head,Order-4 FCGR,Scaled logistic L2 (C=1),Composition and FCGR,0.9382630749632596,0.9326599096014244,0.923533667148033,0.7285435912808788,0.8640202702702703,0.8638782358581016,0.8848993288590604,0.8428571428571429,0.4508587718009951
gue_prom_300_all,P05,Primitive feature head,Order-4 FCGR,ExtraTrees (300),Composition and FCGR,0.9498282528454854,0.9438652810117336,0.9374507489024329,0.7698782528496974,0.8847972972972973,0.8846915947587088,0.9003355704697986,0.8690476190476191,0.4366666674613952
gue_prom_300_all,P11,Primitive feature head,Basic motif/position descriptors,Scaled logistic L2 (C=1),Motif and position,0.9511298144152466,0.9463968406154408,0.9432865940671632,0.7703510934575173,0.8851351351351351,0.8851755467287585,0.8791946308724832,0.891156462585034,0.4880427680909633
gue_prom_300_all,P08,Primitive feature head,Basic motif/position descriptors,ExtraTrees (300),Motif and position,0.9603962889486908,0.9560209788613432,0.9542660607922122,0.7830977237392386,0.8915540540540541,0.8915376889010638,0.8939597315436242,0.8891156462585034,0.476666659116745
gue_prom_300_all,P12,Primitive feature head,CKSNAP (gap 0--5),Scaled logistic L2 (C=1),Physicochemical,0.9320297143569932,0.9252985321645436,0.9167352982878636,0.7047501705838933,0.8516891891891892,0.8514609870793954,0.885234899328859,0.817687074829932,0.3958565555512905
gue_prom_300_all,P16,Primitive feature head,CKSNAP (gap 0--5),ExtraTrees (300),Physicochemical,0.9452080334422612,0.9383129023421448,0.9321913590190064,0.746317284595376,0.872804054054054,0.8726418755421632,0.8966442953020134,0.8486394557823129,0.4266666769981384
gue_prom_300_all,P22,Primitive feature head,Z-curve descriptors,Scaled logistic L2 (C=1),Physicochemical,0.741984676417762,0.7371461671917089,0.7858536110566277,0.4296517685692698,0.6912162162162162,0.6927178925261379,0.4704697986577181,0.9149659863945578,0.6364839002490044
gue_prom_300_all,P15,Primitive feature head,Z-curve descriptors,ExtraTrees (300),Physicochemical,0.8917629966721679,0.8911698169200567,0.9015406434896228,0.6173422595923109,0.8052364864864865,0.8057172533442907,0.7345637583892617,0.8768707482993198,0.476666659116745
gue_prom_300_all,P26,Primitive feature head,EIIP autocorrelation,Scaled logistic L2 (C=1),Physicochemical,0.7270832254177851,0.7128856777610373,0.7298092953640308,0.3414290168534326,0.6592905405405406,0.6604517645984569,0.4885906040268456,0.832312925170068,0.577297568321228
gue_prom_300_all,P25,Primitive feature head,EIIP autocorrelation,ExtraTrees (300),Physicochemical,0.7943139298373256,0.7932687303109163,0.8018627873382173,0.4497343466115501,0.720945945945946,0.7215358626672146,0.6342281879194631,0.808843537414966,0.5066666603088379
gue_prom_300_all,P14,Primitive feature head,Dinucleotide autocorrelation,Scaled logistic L2 (C=1),Physicochemical,0.9356729002802384,0.9315594324978314,0.921552218242578,0.7270437633307933,0.8631756756756757,0.8630119161758663,0.887248322147651,0.8387755102040816,0.4232639074325562
gue_prom_300_all,P13,Primitive feature head,Dinucleotide autocorrelation,ExtraTrees (300),Physicochemical,0.9469719949914672,0.9406928274665572,0.934825256764274,0.7459737965901415,0.8729729729729729,0.8729238003926403,0.8802013422818792,0.8656462585034014,0.4533333480358124
gue_prom_300_all,P28,Primitive feature head,Promoter motif/position descriptors,Scaled logistic L2 (C=1),Motif and position,0.8662054733119994,0.8591741998812947,0.8696720831181645,0.5791603568822359,0.7849662162162162,0.7855419348947632,0.7003355704697987,0.8707482993197279,0.5801703780889512
gue_prom_300_all,P27,Primitive feature head,Promoter motif/position descriptors,ExtraTrees (300),Motif and position,0.9270756783053448,0.9246033648358672,0.928842903385539,0.7009143372301275,0.85,0.8501575126694974,0.8268456375838926,0.8734693877551021,0.496666669845581
gue_prom_300_all,P09,Primitive feature head,DNABERT-2 embedding,Scaled logistic L2 (C=1),DNABERT-2,0.9600451177326146,0.9598043646988996,0.9530770342657005,0.7991950213223993,0.8991554054054054,0.8989852988175135,0.9241610738255034,0.8738095238095238,0.405343770980835
gue_prom_300_all,P07,Primitive feature head,DNABERT-2 embedding,Scaled logistic L2 (C=0.3),DNABERT-2,0.9602008761927948,0.959850762452632,0.9533747472591358,0.800249043271232,0.8996621621621622,0.8994886545222116,0.9251677852348992,0.8738095238095238,0.4060873985290528
gue_prom_300_all,P03,Primitive feature head,DNABERT-1 mean embedding,Linear head,DNABERT-1,0.9546719028826752,0.9507705565447656,0.9414079129931996,0.7873626781282398,0.893581081081081,0.8934917591197553,0.9067114093959732,0.8802721088435375,0.4473752453923227
gue_prom_300_all,P21,Primitive feature head,DNABERT-1 CLS embedding,Linear head,DNABERT-1,0.8959006331051129,0.8936790622289185,0.8840377622402159,0.6446093091824909,0.8222972972972973,0.8223120120531434,0.8201342281879195,0.8244897959183674,0.4899906180799007
gue_prom_300_all,P17,Primitive feature head,Nucleotide Transformer mean embedding,Linear head,Nucleotide Transformer,0.9417557484678276,0.9335187531388394,0.9267947471266302,0.7287143436813556,0.8643581081081081,0.8643233803588549,0.8694630872483221,0.8591836734693877,0.4575785771012307
gue_prom_300_all,P10,Primitive feature head,Nucleotide Transformer CLS embedding,Linear head,Nucleotide Transformer,0.9499981858349964,0.944330685294252,0.942114353846953,0.751341894920255,0.8756756756756757,0.875651737204949,0.8791946308724832,0.8721088435374149,0.476848304271698
gue_prom_300_all,P04,Primitive feature head,DNAshapeR MGW/HelT/ProT/Roll,Logistic (C=1),DNA shape,0.9389264867645212,0.9340304981052824,0.933719955550428,0.7148656107656682,0.8574324324324324,0.8573939642971282,0.8630872483221477,0.8517006802721089,0.4565042071044445
gue_prom_300_all,P01,Primitive feature head,DNAshapeR MGW/HelT/ProT/Roll,Histogram gradient boosting,DNA shape,0.9524416552668667,0.9466539971693374,0.9479406085249232,0.748099592348413,0.8739864864864865,0.8739076838789207,0.8855704697986577,0.8622448979591837,0.4712824597954753
gue_prom_300_all,P20,Primitive feature head,DNAshapeR EP,Logistic (C=1),DNA shape,0.8963211486046436,0.8859494133223759,0.8847263358936549,0.6298034162670244,0.8140202702702702,0.8142526137971967,0.7798657718120805,0.8486394557823129,0.520631693303585
gue_prom_300_all,P02,Primitive feature head,DNAshapeR five-track profile,Logistic (C=0.3),DNA shape,0.9531596153301632,0.947457311783774,0.9466805891168764,0.7537637367935702,0.8768581081081082,0.8768878692416564,0.87248322147651,0.8812925170068027,0.4731974750757217
gue_prom_300_all,D05,Derived evidence channel,Feature-complementarity view-token channel,View-token expert,Deep feature interaction,0.9714130296569092,0.976036387709446,0.9756497916832564,0.8152546035258746,0.9045608108108107,0.9041375610646945,0.9667785234899328,0.8414965986394558,0.1701330915093432
gue_prom_300_all,D02,Derived evidence channel,Integrated score-residual evidence channel,Integrated residual predictor,Score-residual evidence,0.9756720113633446,0.971910925444003,0.9697076948607304,0.824664356727948,0.9119932432432432,0.9118465507008172,0.9335570469798656,0.8901360544217687,0.4955278597772133
gue_prom_300_all,D14,Derived evidence channel,DNABERT-1 pooling interaction C,Pooling-interaction neural head,DNABERT-1,0.9414848843174356,0.956552527051089,0.9508803616249863,0.7759023198843852,0.8820945945945946,0.8814979683148427,0.9697986577181208,0.7931972789115647,0.181504525244236
gue_prom_300_all,D18,Derived evidence channel,Nucleotide Transformer pooling interaction A,Pooling-interaction neural head,Nucleotide Transformer,0.9397812053869796,0.9518846162626124,0.9474530953997918,0.7781031541252057,0.8888513513513514,0.8887298543578506,0.9067114093959732,0.8707482993197279,0.4513431973755376
gue_prom_300_all,D17,Derived evidence channel,DNABERT-2 pooling interaction C,Pooling-interaction neural head,DNABERT-2,0.9472560196948672,0.9607591425832076,0.9538346061696226,0.7954048100372386,0.8942567567567568,0.8938022188741268,0.9610738255033556,0.826530612244898,0.2448157519102099
gue_prom_300_all,D09,Derived evidence channel,Cross-foundation attention interaction A,Cross-attention interaction head,Cross-foundation interaction,0.9327655863578308,0.957720004109026,0.9449969869865102,0.8220740396202274,0.9087837837837838,0.908421220837328,0.9620805369127516,0.8547619047619047,0.254785757511856
gue_prom_300_all,D13,Derived evidence channel,DNABERT-1 pooling interaction B,Pooling-interaction neural head,DNABERT-1,0.9445980643235689,0.9572155070081724,0.949598671006997,0.8032487156056657,0.9001689189189189,0.8998710222343971,0.943959731543624,0.85578231292517,0.3765794746577764
gue_prom_300_all,D19,Derived evidence channel,Nucleotide Transformer pooling interaction B,Pooling-interaction neural head,Nucleotide Transformer,0.9400526212701448,0.9538526685842122,0.9521274829245672,0.7754309021022378,0.887331081081081,0.8874708943980276,0.8667785234899329,0.9081632653061223,0.641162246465683
gue_prom_300_all,D15,Derived evidence channel,DNABERT-2 pooling interaction A,Pooling-interaction neural head,DNABERT-2,0.9449398370572322,0.9598008263708168,0.953897609915328,0.7971307725638103,0.8961148648648649,0.8957300369812354,0.9526845637583892,0.8387755102040816,0.2537931203842178
gue_prom_300_all,D10,Derived evidence channel,Cross-foundation attention interaction B,Cross-attention interaction head,Cross-foundation interaction,0.9367771000610888,0.9588870246085012,0.9483023389768932,0.8359222341704784,0.9179054054054054,0.9178400219148062,0.92751677852349,0.9081632653061223,0.5230181366205237
gue_prom_300_all,D12,Derived evidence channel,DNABERT-1 pooling interaction A,Pooling-interaction neural head,DNABERT-1,0.9435146605699674,0.955338481029996,0.9457038120956996,0.7808507394381663,0.8859797297297297,0.8854597543715472,0.9624161073825503,0.8085034013605442,0.2402935251593589
gue_prom_300_all,D20,Derived evidence channel,Nucleotide Transformer pooling interaction C,Pooling-interaction neural head,Nucleotide Transformer,0.9391436954311978,0.953147685248596,0.9494562388376836,0.7747835725828347,0.8869932432432432,0.886827146966169,0.9114093959731544,0.8622448979591837,0.3527502194046975
gue_prom_300_all,D16,Derived evidence channel,DNABERT-2 pooling interaction B,Pooling-interaction neural head,DNABERT-2,0.9447564405197036,0.959824053782587,0.9514819700511544,0.8095437534115809,0.9038851351351352,0.903651326302333,0.938255033557047,0.8690476190476191,0.3725091293454171
gue_prom_300_all,D11,Derived evidence channel,Cross-foundation attention interaction C,Cross-attention interaction head,Cross-foundation interaction,0.9324187817930902,0.9583955394238234,0.9407845721597214,0.8149498166543967,0.9048986486486488,0.9045096562114778,0.9620805369127516,0.8469387755102041,0.2543043196201327
gue_prom_300_all,D01,Derived evidence channel,Cross-fitted dual meta-evidence channel,Composite predictor,Meta-evidence,0.9820285013904596,0.9812320230105466,0.9806726773977872,0.856635658615861,0.9282094594594594,0.9281251426745194,0.9406040268456376,0.9156462585034012,0.479427754878999
gue_prom_300_all,D08,Derived evidence channel,Local DNABERT-2 cross-feature branch,Composite predictor,Pre-classifier local fusion,0.9643933378111202,0.9715715312970826,0.9705304466864236,0.829629425156164,0.9136824324324324,0.913423960188102,0.9516778523489932,0.8751700680272109,0.3273610509932045
gue_prom_300_all,D06,Derived evidence channel,Local DNABERT-2 and DNABERT-1 interaction branch,Composite predictor,Pre-classifier local fusion,0.9731165725919306,0.9794769552116148,0.979827399261008,0.8515857249771259,0.9256756756756755,0.9255878190202256,0.9385906040268456,0.9125850340136056,0.416640892624855
gue_prom_300_all,D03,Derived evidence channel,Local three-foundation interaction branch,Composite predictor,Pre-classifier local fusion,0.9734514278790618,0.9808718554535908,0.9818022948303282,0.8547105101156572,0.927027027027027,0.9268867278455006,0.9476510067114094,0.9061224489795918,0.3542473316192627
gue_prom_300_all,D07,Derived evidence channel,Local DNABERT-2 and Nucleotide Transformer interaction branch,Composite predictor,Pre-classifier local fusion,0.9714957790032984,0.9784311509838834,0.979351014620946,0.8434464665669417,0.9212837837837838,0.9214308542208828,0.8996644295302013,0.9431972789115646,0.7661409229040149
gue_prom_300_all,D04,Derived evidence channel,Mean-pooled three-foundation interaction branch,Composite predictor,Pre-classifier local fusion,0.9738078345670474,0.9811008765922478,0.9822861485781108,0.8583071596375536,0.9285472972972972,0.9283602702826096,0.9560402684563758,0.9006802721088435,0.2912765443325043
gue_prom_300_all,E05,Standalone sequence expert,"RC multiscale motif grammar, initialization 1",Neural expert,RC motif grammar,0.9283967069521504,0.9648852896863443,0.9609362017503714,0.7690687989465739,0.8826013513513513,0.8829281376980322,0.8345637583892618,0.9312925170068028,0.62548828125
gue_prom_300_all,E04,Standalone sequence expert,"RC multiscale motif grammar, initialization 2",Neural expert,RC motif grammar,0.9547739121420789,0.9674893279459432,0.9634823372907168,0.8182145884741957,0.9089527027027028,0.9088492443957448,0.9241610738255034,0.8935374149659864,0.6962890625
gue_prom_300_all,E03,Standalone sequence expert,"RC multiscale motif grammar, initialization 3",Neural expert,RC motif grammar,0.9633873168690412,0.9662965689631556,0.962803119709763,0.8126140927085089,0.9050675675675676,0.9047938638542664,0.9453020134228188,0.8642857142857143,0.6640625
gue_prom_300_all,E02,Standalone sequence expert,RC motif and biophysical grammar,Neural expert,RC biophysical grammar,0.9705819425312776,0.9740039606446604,0.9726351789706584,0.8301314162288036,0.9150337837837836,0.9150698534447336,0.9097315436241612,0.9204081632653062,0.7757568359375018
gue_prom_300_all,E01,Standalone sequence expert,Position-aware RC biophysical grammar,Neural expert,Position-aware biophysical grammar,0.9764317480967024,0.9795311144592064,0.980186738886354,0.8439156646467698,0.9219594594594596,0.9219627448294754,0.921476510067114,0.9224489795918368,0.6717529296875018
gue_prom_core_all,P23,Primitive feature head,1--3-mer composition,Logistic L2 (C=1),Composition and FCGR,0.8284913830655858,0.83335267925624,0.8489501290792312,0.5370512553218051,0.7657094594594595,0.7658999517892753,0.6954177897574124,0.8363821138211383,0.5498085245490074
gue_prom_core_all,P24,Primitive feature head,1--3-mer composition,Logistic L2 (C=0.3),Composition and FCGR,0.8004938365348052,0.80892499899561,0.8356738974154709,0.513033885892088,0.7491554054054054,0.7494717821167429,0.6324123989218329,0.8665311653116531,0.5620595812797546
gue_prom_core_all,P18,Primitive feature head,4--6-mer composition,Logistic L2 (C=1),Composition and FCGR,0.8166434178001283,0.8232548493780086,0.8383833840255552,0.5149122581236205,0.7548986486486486,0.7550835835177758,0.6866576819407008,0.823509485094851,0.5123857930302621
gue_prom_core_all,P19,Primitive feature head,4--6-mer composition,Logistic L2 (C=0.3),Composition and FCGR,0.790839926853939,0.796725596972951,0.817346804214369,0.4749520905164576,0.731418918918919,0.7317164478922418,0.6216307277628033,0.8418021680216802,0.5124165564775467
gue_prom_core_all,P06,Primitive feature head,Order-4 FCGR,Scaled logistic L2 (C=1),Composition and FCGR,0.8608087992753153,0.8620963835564905,0.8638403981874014,0.5630722370571218,0.7814189189189189,0.7814538455357599,0.7685309973045822,0.7943766937669376,0.5175782442092896
gue_prom_core_all,P05,Primitive feature head,Order-4 FCGR,ExtraTrees (300),Composition and FCGR,0.8713432825009416,0.8769656370755083,0.8800370292952766,0.5865324343707241,0.7912162162162162,0.7913717412106736,0.7338274932614556,0.8489159891598916,0.5
gue_prom_core_all,P11,Primitive feature head,Basic motif/position descriptors,Scaled logistic L2 (C=1),Motif and position,0.8728839691166211,0.871177553798786,0.8688650651534957,0.5842819379760181,0.791722972972973,0.7917913023469857,0.7665094339622641,0.8170731707317073,0.5304625630378723
gue_prom_core_all,P08,Primitive feature head,Basic motif/position descriptors,ExtraTrees (300),Motif and position,0.8793836028874311,0.8836658891774227,0.883337183913335,0.599694055394161,0.799831081081081,0.799841945521881,0.795822102425876,0.8038617886178862,0.4866666793823242
gue_prom_core_all,P12,Primitive feature head,CKSNAP (gap 0--5),Scaled logistic L2 (C=1),Physicochemical,0.8574889479451719,0.8573214217233143,0.8582300487375389,0.5534570660903183,0.7765202702702703,0.7765684007918245,0.7587601078167115,0.7943766937669376,0.515226237475872
gue_prom_core_all,P16,Primitive feature head,CKSNAP (gap 0--5),ExtraTrees (300),Physicochemical,0.8723199568569133,0.8763304744738822,0.8742873396733384,0.5902459090670915,0.7951013513513514,0.7950802233763578,0.8028975741239892,0.7872628726287263,0.4633333384990692
gue_prom_core_all,P22,Primitive feature head,Z-curve descriptors,Scaled logistic L2 (C=1),Physicochemical,0.7399221582231299,0.7446785015778056,0.7743144519534229,0.4141898376638478,0.695777027027027,0.6962108013937283,0.5357142857142857,0.8567073170731707,0.5988390743732452
gue_prom_core_all,P15,Primitive feature head,Z-curve descriptors,ExtraTrees (300),Physicochemical,0.8062554586639042,0.8142102594796163,0.8283548542819184,0.479639120109078,0.7351351351351352,0.7353952548959453,0.6391509433962265,0.8316395663956639,0.496666669845581
gue_prom_core_all,P26,Primitive feature head,EIIP autocorrelation,Scaled logistic L2 (C=1),Physicochemical,0.654607003116112,0.6518956835879006,0.683409958936971,0.2648428273819844,0.6121621621621621,0.6128697068641845,0.3510781671159029,0.8746612466124661,0.5973658561706543
gue_prom_core_all,P25,Primitive feature head,EIIP autocorrelation,ExtraTrees (300),Physicochemical,0.7003271527172199,0.6997753590238058,0.7284175570622362,0.3215553144869557,0.6405405405405405,0.6411880291309652,0.4016172506738544,0.8807588075880759,0.5533333420753479
gue_prom_core_all,P14,Primitive feature head,Dinucleotide autocorrelation,Scaled logistic L2 (C=1),Physicochemical,0.8490817705351388,0.8525405248577418,0.8572870248981446,0.5575504391664236,0.7783783783783784,0.7784461537337746,0.7533692722371967,0.8035230352303523,0.5236522555351257
gue_prom_core_all,P13,Primitive feature head,Dinucleotide autocorrelation,ExtraTrees (300),Physicochemical,0.8761515136679293,0.882910599237394,0.8822511711934425,0.6110415422602445,0.8052364864864865,0.8052912183434502,0.7850404312668463,0.8255420054200542,0.5
gue_prom_core_all,P28,Primitive feature head,Promoter motif/position descriptors,Scaled logistic L2 (C=1),Motif and position,0.7876940925217795,0.7891733253164741,0.7996261278863082,0.4689343655985858,0.7304054054054054,0.7306499682247496,0.6401617250673854,0.8211382113821138,0.5814841762185097
gue_prom_core_all,P27,Primitive feature head,Promoter motif/position descriptors,ExtraTrees (300),Motif and position,0.8316325139309289,0.8392062761597967,0.84467576913301,0.5066797067318872,0.7508445945945946,0.7510285867683475,0.6829514824797843,0.8191056910569106,0.5433333516120911
gue_prom_core_all,P09,Primitive feature head,DNABERT-2 embedding,Scaled logistic L2 (C=1),DNABERT-2,0.8649452224741917,0.8689300026844607,0.8689482262579737,0.5671269713448267,0.7831081081081082,0.7831804834220849,0.7564016172506739,0.8099593495934959,0.522726833820343
gue_prom_core_all,P07,Primitive feature head,DNABERT-2 embedding,Scaled logistic L2 (C=0.3),DNABERT-2,0.8651042891417717,0.8689975707455861,0.8690232936324117,0.5664503768740038,0.7827702702702702,0.7828426431164581,0.7560646900269542,0.809620596205962,0.5221301913261414
gue_prom_core_all,P03,Primitive feature head,DNABERT-1 mean embedding,Linear head,DNABERT-1,0.8832342025734607,0.8855687518718178,0.8866900805584754,0.6018013488050558,0.8003378378378379,0.8004167305824001,0.7712264150943396,0.8296070460704607,0.5291914939880371
gue_prom_core_all,P21,Primitive feature head,DNABERT-1 CLS embedding,Linear head,DNABERT-1,0.8460223686594062,0.8512168984981631,0.8496718435116051,0.5445361678196226,0.7717905405405405,0.7718660289702628,0.7439353099730458,0.7997967479674797,0.5120157673954964
gue_prom_core_all,P17,Primitive feature head,Nucleotide Transformer mean embedding,Linear head,Nucleotide Transformer,0.8261763578376697,0.8292546535219396,0.8325610739599378,0.5017062645379095,0.7501689189189189,0.7502634241301982,0.7152964959568733,0.785230352303523,0.5083273127675056
gue_prom_core_all,P10,Primitive feature head,Nucleotide Transformer CLS embedding,Linear head,Nucleotide Transformer,0.8357607478127506,0.8393327380039299,0.8438265151976498,0.5186477922800281,0.7587837837837837,0.7588660253179351,0.7284366576819407,0.7892953929539296,0.5163410007953644
gue_prom_core_all,P04,Primitive feature head,DNAshapeR MGW/HelT/ProT/Roll,Logistic (C=1),DNA shape,0.8412089590987653,0.8495634212996444,0.8521767681069998,0.5528212404044639,0.7763513513513514,0.7763752839684731,0.7675202156334232,0.785230352303523,0.4907195493578911
gue_prom_core_all,P01,Primitive feature head,DNAshapeR MGW/HelT/ProT/Roll,Histogram gradient boosting,DNA shape,0.8640230075698829,0.8690638833190892,0.8744535725539063,0.5730259396931157,0.7856418918918919,0.7857430477943593,0.7483153638814016,0.823170731707317,0.5137210190296173
gue_prom_core_all,P20,Primitive feature head,DNAshapeR EP,Logistic (C=1),DNA shape,0.7849459467023856,0.7981095438060176,0.804266477178548,0.4572275535544107,0.7256756756756757,0.7258855068335051,0.6482479784366577,0.8035230352303523,0.5519867241382599
gue_prom_core_all,P02,Primitive feature head,DNAshapeR five-track profile,Logistic (C=0.3),DNA shape,0.8629408127855602,0.8705724658324749,0.8716184738799289,0.578462858006865,0.7891891891891892,0.7892086501727551,0.7820080862533693,0.7964092140921409,0.4952739737927913
gue_prom_core_all,D05,Derived evidence channel,Feature-complementarity view-token channel,View-token expert,Deep feature interaction,0.8598965902479792,0.888063748182967,0.8824275282659249,0.580108818388692,0.7802364864864865,0.7798838011965026,0.910377358490566,0.649390243902439,0.2175563424825674
gue_prom_core_all,D02,Derived evidence channel,Integrated score-residual evidence channel,Integrated residual predictor,Score-residual evidence,0.9001990817198011,0.9006504681370939,0.9007572784406144,0.6402105196975459,0.8201013513513513,0.8201059722861379,0.8183962264150944,0.8218157181571816,0.4834519997239113
gue_prom_core_all,D14,Derived evidence channel,DNABERT-1 pooling interaction C,Pooling-interaction neural head,DNABERT-1,0.8347264276265476,0.874695087710648,0.8710192378840066,0.5895661244652803,0.7940878378378379,0.7939909166611883,0.8298517520215634,0.758130081300813,0.3992019891738894
gue_prom_core_all,D18,Derived evidence channel,Nucleotide Transformer pooling interaction A,Pooling-interaction neural head,Nucleotide Transformer,0.7868481090118593,0.8257871108444912,0.8171945697337906,0.4690950723863331,0.7190878378378378,0.7195646973316094,0.5431266846361186,0.8960027100271003,0.7558836266398437
gue_prom_core_all,D17,Derived evidence channel,DNABERT-2 pooling interaction C,Pooling-interaction neural head,DNABERT-2,0.8055258160222502,0.8561747049832358,0.852280357462337,0.5446778447204823,0.7706081081081081,0.7704512085552122,0.8285040431266847,0.7123983739837398,0.3838133960962296
gue_prom_core_all,D09,Derived evidence channel,Cross-foundation attention interaction A,Cross-attention interaction head,Cross-foundation interaction,0.8055380950653579,0.865887727905244,0.849320801744894,0.5586128358312513,0.7714527027027027,0.7711300849531406,0.8904986522911051,0.6517615176151762,0.2492575235664853
gue_prom_core_all,D13,Derived evidence channel,DNABERT-1 pooling interaction B,Pooling-interaction neural head,DNABERT-1,0.8354490978630857,0.8711726459835352,0.8675150536033767,0.5795723365568463,0.7893581081081081,0.7892803271024624,0.8180592991913747,0.7605013550135501,0.4064650423824791
gue_prom_core_all,D19,Derived evidence channel,Nucleotide Transformer pooling interaction B,Pooling-interaction neural head,Nucleotide Transformer,0.7893128616190879,0.8267379715154968,0.825612498871534,0.4977262470903006,0.7461148648648649,0.7463097794724578,0.6741913746630728,0.8184281842818428,0.612883947789669
gue_prom_core_all,D15,Derived evidence channel,DNABERT-2 pooling interaction A,Pooling-interaction neural head,DNABERT-2,0.8168544072181664,0.8548964473809159,0.8485535950490513,0.5668821887868736,0.7831081081081082,0.7830380426445773,0.8089622641509434,0.7571138211382114,0.4400877468287976
gue_prom_core_all,D10,Derived evidence channel,Cross-foundation attention interaction B,Cross-attention interaction head,Cross-foundation interaction,0.8082441668767195,0.8643996326671488,0.838581767368681,0.5886208740762338,0.7942567567567568,0.794278994002878,0.7860512129380054,0.8025067750677507,0.4976456016302109
gue_prom_core_all,D12,Derived evidence channel,DNABERT-1 pooling interaction A,Pooling-interaction neural head,DNABERT-1,0.834432380973963,0.8723766586132843,0.8683047531979429,0.5915034701673727,0.7951013513513514,0.7951870539594884,0.7634770889487871,0.8268970189701897,0.5486149117350578
gue_prom_core_all,D20,Derived evidence channel,Nucleotide Transformer pooling interaction C,Pooling-interaction neural head,Nucleotide Transformer,0.7862713427822071,0.8265087308891956,0.8218349182652437,0.4962391392432844,0.7429054054054054,0.7431756258263391,0.6431940700808625,0.8431571815718157,0.6963544487953186
gue_prom_core_all,D16,Derived evidence channel,DNABERT-2 pooling interaction B,Pooling-interaction neural head,DNABERT-2,0.8109703779817267,0.8480105543137642,0.8396121284503784,0.553303661051904,0.7763513513513514,0.7764099810809428,0.7547169811320755,0.7981029810298103,0.5135270506143572
gue_prom_core_all,D11,Derived evidence channel,Cross-foundation attention interaction C,Cross-attention interaction head,Cross-foundation interaction,0.8039554676184595,0.8606796799100068,0.8396866223590193,0.5862577113773431,0.7913851351351351,0.7915283347577411,0.738544474393531,0.8445121951219512,0.5809958428144455
gue_prom_core_all,D01,Derived evidence channel,Cross-fitted dual meta-evidence channel,Composite predictor,Meta-evidence,0.911818840412435,0.9121454845360448,0.912863821443394,0.6593606276925333,0.8293918918918919,0.8294454305729042,0.8096361185983828,0.8492547425474255,0.5382888615131378
gue_prom_core_all,D08,Derived evidence channel,Local DNABERT-2 cross-feature branch,Composite predictor,Pre-classifier local fusion,0.8539620933410775,0.8812602036903119,0.8811334625297278,0.6085158900029166,0.8027027027027027,0.8028354845543064,0.7537061994609164,0.8519647696476965,0.6459479704499245
gue_prom_core_all,D06,Derived evidence channel,Local DNABERT-2 and DNABERT-1 interaction branch,Composite predictor,Pre-classifier local fusion,0.8615187803687174,0.8886428703825447,0.8853418031925797,0.6028278998471229,0.7991554054054054,0.798986387774929,0.8615229110512129,0.736449864498645,0.3211663067340863
gue_prom_core_all,D03,Derived evidence channel,Local three-foundation interaction branch,Composite predictor,Pre-classifier local fusion,0.8701278946966852,0.8976294795798362,0.8926013797409306,0.6455057834397657,0.8219594594594595,0.8218613722525365,0.8581536388140162,0.7855691056910569,0.4327531456947341
gue_prom_core_all,D07,Derived evidence channel,Local DNABERT-2 and Nucleotide Transformer interaction branch,Composite predictor,Pre-classifier local fusion,0.8546941479627935,0.8842759420266036,0.8810051332742017,0.6104521172313015,0.8043918918918919,0.8042881978685016,0.842654986522911,0.7659214092140921,0.3817586526274681
gue_prom_core_all,D04,Derived evidence channel,Mean-pooled three-foundation interaction branch,Composite predictor,Pre-classifier local fusion,0.8712015718020745,0.8947679379506059,0.8872021301149328,0.6096178752820992,0.7984797297297297,0.7982020504167306,0.9009433962264152,0.6954607046070461,0.2276711761951447
gue_prom_core_all,E05,Standalone sequence expert,"RC multiscale motif grammar, initialization 1",Neural expert,RC motif grammar,0.9082364538957798,0.9175747266232772,0.9184992201764868,0.6778719114664574,0.8386824324324325,0.8387319301090586,0.8204177897574124,0.8570460704607046,0.63525390625
gue_prom_core_all,E04,Standalone sequence expert,"RC multiscale motif grammar, initialization 2",Neural expert,RC motif grammar,0.9113490637839144,0.91907714583379,0.9199132289010492,0.6804026425572123,0.8402027027027027,0.8402006223566278,0.8409703504043127,0.8394308943089431,0.52734375
gue_prom_core_all,E03,Standalone sequence expert,"RC multiscale motif grammar, initialization 3",Neural expert,RC motif grammar,0.9108314174897488,0.9168622944652628,0.9182899627307574,0.6762266889915747,0.8380067567567567,0.838037987859663,0.8264824797843666,0.8495934959349594,0.53662109375
gue_prom_core_all,E02,Standalone sequence expert,RC motif and biophysical grammar,Neural expert,RC biophysical grammar,0.9082285161349276,0.9184669217817516,0.9192223408990076,0.6759342862506399,0.8375,0.8375682072184603,0.8123315363881402,0.8628048780487805,0.609130859375
gue_prom_core_all,E01,Standalone sequence expert,Position-aware RC biophysical grammar,Neural expert,Position-aware biophysical grammar,0.8987772888802942,0.9207996748515328,0.9221569875985544,0.6813423915409275,0.8398648648648649,0.839955003323618,0.8066037735849056,0.8733062330623306,0.38818359375
ipromoter_hs_notata,P23,Primitive feature head,1--3-mer composition,Logistic L2 (C=1),Composition and FCGR,0.6355027994724332,0.6337927024478838,0.6224994011684069,0.1929736841321301,0.5964754309235915,0.5964707572061647,0.6055541270249422,0.5873873873873874,0.4998669955134391
ipromoter_hs_notata,P24,Primitive feature head,1--3-mer composition,Logistic L2 (C=0.3),Composition and FCGR,0.6209098260869141,0.619225297368779,0.6085539972945847,0.1632833847410648,0.5812966297916131,0.5813194857422166,0.5368989457444073,0.6257400257400257,0.5069276875257492
ipromoter_hs_notata,P18,Primitive feature head,4--6-mer composition,Logistic L2 (C=1),Composition and FCGR,0.6882775483471397,0.6982206355052846,0.6891686811275404,0.291144998362538,0.6453563159248777,0.6453699226905707,0.6189251735664695,0.6718146718146718,0.5019427251815796
ipromoter_hs_notata,P19,Primitive feature head,4--6-mer composition,Logistic L2 (C=0.3),Composition and FCGR,0.6711078096280716,0.6806630124963887,0.6695228851753081,0.2686031575407274,0.6342937998456393,0.634296151935648,0.629724865003857,0.6388674388674389,0.4999127888679504
ipromoter_hs_notata,P06,Primitive feature head,Order-4 FCGR,Scaled logistic L2 (C=1),Composition and FCGR,0.7567410278512199,0.765267611217727,0.7602808222708137,0.3972855938279442,0.6986107537947003,0.6986058423703063,0.7081511956801234,0.6890604890604891,0.4990054070949554
ipromoter_hs_notata,P05,Primitive feature head,Order-4 FCGR,ExtraTrees (300),Composition and FCGR,0.7011116932327519,0.7005244637797994,0.6641619542814531,0.3175471187632982,0.6587342423462825,0.658728129003264,0.6706094111596812,0.6468468468468469,0.5
ipromoter_hs_notata,P11,Primitive feature head,Basic motif/position descriptors,Scaled logistic L2 (C=1),Motif and position,0.7343156925401227,0.7317933332075786,0.7283684832928212,0.3339438855950146,0.6669668124517623,0.6669685113243868,0.6636667523785035,0.6702702702702703,0.4926424923539161
ipromoter_hs_notata,P08,Primitive feature head,Basic motif/position descriptors,ExtraTrees (300),Motif and position,0.7567748336510908,0.7569020035720987,0.7458719434107022,0.3749872702355922,0.6874196038075637,0.6874265368479819,0.673952172795063,0.7009009009009008,0.5
ipromoter_hs_notata,P12,Primitive feature head,CKSNAP (gap 0--5),Scaled logistic L2 (C=1),Physicochemical,0.7210346642205625,0.7196621298961232,0.7087854696646982,0.3284818469215046,0.6637509647543093,0.6637704670103745,0.6258678323476472,0.7016731016731017,0.5130642557144165
ipromoter_hs_notata,P16,Primitive feature head,CKSNAP (gap 0--5),ExtraTrees (300),Physicochemical,0.6742228004543149,0.6682132192803317,0.6423869689027042,0.2421071614137384,0.6210445073321328,0.621047186848164,0.6158395474415017,0.6262548262548262,0.503333330154419
ipromoter_hs_notata,P22,Primitive feature head,Z-curve descriptors,Scaled logistic L2 (C=1),Physicochemical,0.7181680524047718,0.715425979555576,0.7137441813628026,0.3111333410917272,0.6553897607409314,0.6554016493075376,0.6322962201079969,0.6785070785070785,0.5050908124446869
ipromoter_hs_notata,P15,Primitive feature head,Z-curve descriptors,ExtraTrees (300),Physicochemical,0.7465734726643134,0.7499691404294131,0.7387295329852783,0.3652693512114737,0.6820169796758425,0.6820378105027115,0.6415530984829005,0.7225225225225225,0.5099999904632568
ipromoter_hs_notata,P26,Primitive feature head,EIIP autocorrelation,Scaled logistic L2 (C=1),Physicochemical,0.6147588727604709,0.6206445397754217,0.6040720996881443,0.1802710814801614,0.5888860303576022,0.5888426353841627,0.6731807662638211,0.5045045045045045,0.4818654894828796
ipromoter_hs_notata,P25,Primitive feature head,EIIP autocorrelation,ExtraTrees (300),Physicochemical,0.5940933969911213,0.5967345775779821,0.5693485459117171,0.1442508604095556,0.5629019809621816,0.5627753161823617,0.8089483157624068,0.3166023166023166,0.4666666686534881
ipromoter_hs_notata,P14,Primitive feature head,Dinucleotide autocorrelation,Scaled logistic L2 (C=1),Physicochemical,0.7223348090126551,0.7317205608797277,0.7240203834027461,0.33940405664296,0.6696681245176228,0.6696729348825003,0.6603239907431216,0.679021879021879,0.5057829815149307
ipromoter_hs_notata,P13,Primitive feature head,Dinucleotide autocorrelation,ExtraTrees (300),Physicochemical,0.6840111559799441,0.6808097154201552,0.6491418388346125,0.2690200446227725,0.6342937998456393,0.6343079331765369,0.606839804577012,0.6617760617760617,0.5099999904632568
ipromoter_hs_notata,P28,Primitive feature head,Promoter motif/position descriptors,Scaled logistic L2 (C=1),Motif and position,0.7320729589868961,0.7307369265456178,0.7314745643249595,0.3355820103931335,0.6660663750964755,0.6661028217726598,0.5952687066083826,0.736936936936937,0.5313083797693252
ipromoter_hs_notata,P27,Primitive feature head,Promoter motif/position descriptors,ExtraTrees (300),Motif and position,0.7378663191648747,0.7412731616382942,0.7360375657228124,0.3527815531122182,0.6735271417545665,0.673572988923979,0.5844690151709951,0.7626769626769627,0.5299999713897705
ipromoter_hs_notata,P09,Primitive feature head,DNABERT-2 embedding,Scaled logistic L2 (C=1),DNABERT-2,0.8110981960289827,0.8228781770052018,0.8180616553042566,0.4834760043536126,0.7417031129405711,0.741707280509029,0.7336076112111083,0.7498069498069498,0.5059915876388551
ipromoter_hs_notata,P07,Primitive feature head,DNABERT-2 embedding,Scaled logistic L2 (C=0.3),DNABERT-2,0.8113106607590004,0.8229628298540616,0.8181615372190737,0.4837354388948354,0.7418317468484693,0.7418359806377292,0.7336076112111083,0.75006435006435,0.5062251925468445
ipromoter_hs_notata,P03,Primitive feature head,DNABERT-1 mean embedding,Linear head,DNABERT-1,0.7619886864521177,0.7686493237534635,0.7577292335267506,0.3992869770569764,0.6996398250578852,0.6996379584962769,0.7032656209822576,0.696010296010296,0.5025205838680268
ipromoter_hs_notata,P21,Primitive feature head,DNABERT-1 CLS embedding,Linear head,DNABERT-1,0.6888512344618591,0.6884828773231961,0.6840567180038089,0.2631637498007804,0.63082068433239,0.6308478555328645,0.5780406274106454,0.6836550836550837,0.5212855273485184
ipromoter_hs_notata,P17,Primitive feature head,Nucleotide Transformer mean embedding,Linear head,Nucleotide Transformer,0.7432070519748109,0.7464471119909537,0.7397416766181029,0.3645190108408688,0.6820169796758425,0.6820033933944964,0.7084083311905374,0.6555984555984556,0.4858358430862426
ipromoter_hs_notata,P10,Primitive feature head,Nucleotide Transformer CLS embedding,Linear head,Nucleotide Transformer,0.7901019115161048,0.8031810012267713,0.8011637069882218,0.4616494916762344,0.7307692307692307,0.7307746529911611,0.7202365646695809,0.7413127413127413,0.5005625486373901
ipromoter_hs_notata,P04,Primitive feature head,DNAshapeR MGW/HelT/ProT/Roll,Logistic (C=1),DNA shape,0.7442646544843107,0.7460497929513101,0.7386293002272812,0.3648517255510937,0.6822742474916388,0.6822634411217594,0.7032656209822576,0.6612612612612613,0.4782047271728515
ipromoter_hs_notata,P01,Primitive feature head,DNAshapeR MGW/HelT/ProT/Roll,Histogram gradient boosting,DNA shape,0.7516431074568386,0.7590033665888641,0.7525666646306135,0.3804988219085666,0.6902495497813224,0.690249335402331,0.6906659809719722,0.6898326898326899,0.4871455150842667
ipromoter_hs_notata,P20,Primitive feature head,DNAshapeR EP,Logistic (C=1),DNA shape,0.708936840958571,0.7040420577062387,0.6972633912825495,0.2905602681492613,0.6450990481090816,0.6450857829875573,0.6708665466700952,0.6193050193050194,0.4759898459911346
ipromoter_hs_notata,P02,Primitive feature head,DNAshapeR five-track profile,Logistic (C=0.3),DNA shape,0.7634989885025885,0.7630955276622544,0.7567897094794318,0.3946637047467473,0.697324414715719,0.6973263863724136,0.6934944715865261,0.7011583011583011,0.4992029574513435
ipromoter_hs_notata,D05,Derived evidence channel,Feature-complementarity view-token channel,View-token expert,Deep feature interaction,0.8084769185570894,0.8526120764999655,0.8501165942551592,0.4906843376011156,0.7284538204270645,0.7283598295426529,0.91103111339676,0.5456885456885456,0.1500554867088795
ipromoter_hs_notata,D02,Derived evidence channel,Integrated score-residual evidence channel,Integrated residual predictor,Score-residual evidence,0.8556607585054786,0.8679673686102074,0.8685147533245466,0.5729836491861006,0.7864677128891175,0.7864642146462666,0.7932630496271535,0.7796653796653796,0.4764764690399169
ipromoter_hs_notata,D14,Derived evidence channel,DNABERT-1 pooling interaction C,Pooling-interaction neural head,DNABERT-1,0.727291304490881,0.7824268231056608,0.7728843828852346,0.4214298569817875,0.7078723951633651,0.7078300244924056,0.7901774235021857,0.6254826254826255,0.4184743237495422
ipromoter_hs_notata,D18,Derived evidence channel,Nucleotide Transformer pooling interaction A,Pooling-interaction neural head,Nucleotide Transformer,0.7473976875117234,0.7964760190525167,0.7948662885767136,0.4270462189180642,0.704656547465912,0.7047296718163265,0.5626124967858062,0.8468468468468469,0.7109410929679871
ipromoter_hs_notata,D17,Derived evidence channel,DNABERT-2 pooling interaction C,Pooling-interaction neural head,DNABERT-2,0.7372005702931622,0.7898775313534891,0.7739120810586708,0.3801950509021692,0.6659377411885773,0.6658119641148698,0.9102597068655182,0.4213642213642213,0.1808153161406517
ipromoter_hs_notata,D09,Derived evidence channel,Cross-foundation attention interaction A,Cross-attention interaction head,Cross-foundation interaction,0.7670398913717412,0.8286591260106302,0.8149415923229149,0.4721811782767238,0.7229225623874453,0.7228376376229295,0.8878889174595012,0.5577863577863578,0.2462824854254726
ipromoter_hs_notata,D13,Derived evidence channel,DNABERT-1 pooling interaction B,Pooling-interaction neural head,DNABERT-1,0.7315542284333245,0.7837656486152242,0.7761196823036244,0.4252652406496331,0.7126318497555956,0.7126308470612919,0.7145795834404731,0.7106821106821107,0.4767735290527343
ipromoter_hs_notata,D19,Derived evidence channel,Nucleotide Transformer pooling interaction B,Pooling-interaction neural head,Nucleotide Transformer,0.7507504407105865,0.7945084194505639,0.7967961644838364,0.4383030824051458,0.7176485721636223,0.7176182500687515,0.7765492414502443,0.6586872586872586,0.4007754671573641
ipromoter_hs_notata,D15,Derived evidence channel,DNABERT-2 pooling interaction A,Pooling-interaction neural head,DNABERT-2,0.741029414279235,0.7917440968868072,0.7860902563753361,0.4328783513684661,0.7131463853871881,0.7131014348293855,0.8004628439187452,0.6257400257400257,0.3801650726795196
ipromoter_hs_notata,D10,Derived evidence channel,Cross-foundation attention interaction B,Cross-attention interaction head,Cross-foundation interaction,0.7679523809284214,0.8297792043227887,0.8135415126482588,0.4948819392723315,0.7418317468484693,0.741886017818134,0.6364103882746207,0.8473616473616473,0.6951486825942994
ipromoter_hs_notata,D12,Derived evidence channel,DNABERT-1 pooling interaction A,Pooling-interaction neural head,DNABERT-1,0.7275543222333871,0.7838996105902766,0.7794418680820165,0.428241823742821,0.7140468227424749,0.7140397974288435,0.7276934944715865,0.7003861003861004,0.4760180866718291
ipromoter_hs_notata,D20,Derived evidence channel,Nucleotide Transformer pooling interaction C,Pooling-interaction neural head,Nucleotide Transformer,0.7505266427686564,0.7920959456315589,0.7944417031162362,0.4417052118080692,0.7207357859531772,0.720727173928511,0.737464643867318,0.703989703989704,0.4728393471240996
ipromoter_hs_notata,D16,Derived evidence channel,DNABERT-2 pooling interaction B,Pooling-interaction neural head,DNABERT-2,0.7386248226226549,0.7904534884221179,0.7782753213394603,0.4370864233170482,0.7164908669925393,0.7164554482116838,0.7852918488043199,0.6476190476190476,0.4240302154421813
ipromoter_hs_notata,D11,Derived evidence channel,Cross-foundation attention interaction C,Cross-attention interaction head,Cross-foundation interaction,0.7694462378615341,0.8277622955946432,0.819279169187366,0.4984847575293226,0.7454334962696166,0.745478104927835,0.6587811776806377,0.8321750321750322,0.6376827210187911
ipromoter_hs_notata,D01,Derived evidence channel,Cross-fitted dual meta-evidence channel,Composite predictor,Meta-evidence,0.8811508790914309,0.8989294624676472,0.9017086309573524,0.6351957597994401,0.8175971186004631,0.8175964084423843,0.8189766006685524,0.8162162162162162,0.4963470995426178
ipromoter_hs_notata,D08,Derived evidence channel,Local DNABERT-2 cross-feature branch,Composite predictor,Pre-classifier local fusion,0.8020673706576363,0.8480673966402945,0.8496753286036463,0.5012682647257559,0.7375868278878313,0.737668565233492,0.5788120339418874,0.8965250965250965,0.8134099185466767
ipromoter_hs_notata,D06,Derived evidence channel,Local DNABERT-2 and DNABERT-1 interaction branch,Composite predictor,Pre-classifier local fusion,0.8344551013570631,0.8792128939724723,0.881397430177937,0.5961355157815003,0.797530228968356,0.797545530690298,0.7678066340961687,0.8272844272844273,0.4211439728736878
ipromoter_hs_notata,D03,Derived evidence channel,Local three-foundation interaction branch,Composite predictor,Pre-classifier local fusion,0.8470448480847693,0.8885816941358212,0.8895720636697254,0.62311269162453,0.8115513249292513,0.8115526649597105,0.8089483157624068,0.8141570141570141,0.4378409236669539
ipromoter_hs_notata,D07,Derived evidence channel,Local DNABERT-2 and Nucleotide Transformer interaction branch,Composite predictor,Pre-classifier local fusion,0.8220992031671495,0.8671308012269701,0.865954443556508,0.5571769248848104,0.770131206586056,0.7701939569514782,0.6482386217536642,0.8921492921492922,0.7130576854944229
ipromoter_hs_notata,D04,Derived evidence channel,Mean-pooled three-foundation interaction branch,Composite predictor,Pre-classifier local fusion,0.8482018399345814,0.888132153753136,0.8893218576248632,0.603751272625023,0.7958579881656804,0.7959089641013015,0.6968372332219079,0.894980694980695,0.620587677955629
ipromoter_hs_notata,E05,Standalone sequence expert,"RC multiscale motif grammar, initialization 1",Neural expert,RC motif grammar,0.8309345151673801,0.8607281270176615,0.8584999829122891,0.5622929118765244,0.7810650887573964,0.7810711199757228,0.7693494471586526,0.7927927927927928,0.489990234375
ipromoter_hs_notata,E04,Standalone sequence expert,"RC multiscale motif grammar, initialization 2",Neural expert,RC motif grammar,0.8324900005644336,0.8571590067090196,0.8536836089663101,0.5598619920535163,0.7799073835863134,0.7799105684680383,0.7737207508356904,0.7861003861003861,0.5380859375
ipromoter_hs_notata,E03,Standalone sequence expert,"RC multiscale motif grammar, initialization 3",Neural expert,RC motif grammar,0.8319955304253726,0.8575299503301561,0.8527822883585737,0.5559874232264171,0.7779778749678415,0.7779804636580157,0.7729493443044484,0.783011583011583,0.57763671875
ipromoter_hs_notata,E02,Standalone sequence expert,RC motif and biophysical grammar,Neural expert,RC biophysical grammar,0.8421243235942799,0.8715892066624903,0.8671672442294105,0.587179130935597,0.7935425778235142,0.7935378239055277,0.802777063512471,0.7842985842985843,0.58837890625
ipromoter_hs_notata,E01,Standalone sequence expert,Position-aware RC biophysical grammar,Neural expert,Position-aware biophysical grammar,0.8741325814063416,0.8962390043130594,0.8962058498420951,0.6427439279720032,0.8209416002058143,0.820954790149956,0.7953201337104654,0.8465894465894466,0.67919921875
ipromoter_hs_tata,P23,Primitive feature head,1--3-mer composition,Logistic L2 (C=1),Composition and FCGR,0.6336755006937709,0.6445361145703612,0.602105950229146,0.2366507146065939,0.6150341685649203,0.6147571606475716,0.7363636363636363,0.4931506849315068,0.4914061799645424
ipromoter_hs_tata,P24,Primitive feature head,1--3-mer composition,Logistic L2 (C=0.3),Composition and FCGR,0.6246868789258695,0.6424657534246575,0.6033272136745838,0.224436218822664,0.6116173120728929,0.6114881693648817,0.6681818181818182,0.5547945205479452,0.4986720889806747
ipromoter_hs_tata,P18,Primitive feature head,4--6-mer composition,Logistic L2 (C=1),Composition and FCGR,0.7512665899449102,0.7447281029472811,0.7008620031499329,0.3893299127816917,0.693621867881549,0.6934983395599834,0.7477272727272727,0.639269406392694,0.4995081749558449
ipromoter_hs_tata,P19,Primitive feature head,4--6-mer composition,Logistic L2 (C=0.3),Composition and FCGR,0.7473906171821065,0.7418404939809049,0.6983099191696306,0.3939132125513724,0.6958997722095672,0.6957762557077626,0.75,0.6415525114155252,0.4998506969213486
ipromoter_hs_tata,P06,Primitive feature head,Order-4 FCGR,Scaled logistic L2 (C=1),Composition and FCGR,0.8247641519376134,0.8122094229970944,0.794896775337359,0.4559176899605013,0.7255125284738041,0.7256745537567455,0.6545454545454545,0.7968036529680366,0.5676798325777054
ipromoter_hs_tata,P05,Primitive feature head,Order-4 FCGR,ExtraTrees (300),Composition and FCGR,0.8753151477477494,0.8700394354503942,0.8629056316331282,0.5791696509090695,0.7892938496583144,0.7893420506434206,0.7681818181818182,0.8105022831050228,0.5233333110809326
ipromoter_hs_tata,P11,Primitive feature head,Basic motif/position descriptors,Scaled logistic L2 (C=1),Motif and position,0.8498157834747302,0.8431506849315068,0.8114126356159507,0.5179009278585067,0.7562642369020501,0.7560969281859693,0.8295454545454546,0.682648401826484,0.4004620423913002
ipromoter_hs_tata,P08,Primitive feature head,Basic motif/position descriptors,ExtraTrees (300),Motif and position,0.8634197085416349,0.8716064757160648,0.8688438864728779,0.556767279826592,0.7779043280182233,0.7779680365296804,0.75,0.8059360730593608,0.5166666507720947
ipromoter_hs_tata,P12,Primitive feature head,CKSNAP (gap 0--5),Scaled logistic L2 (C=1),Physicochemical,0.8015581715318183,0.7968088418430884,0.7855487385604438,0.4181926328436054,0.7072892938496583,0.7071347031963471,0.775,0.639269406392694,0.4523522019386292
ipromoter_hs_tata,P16,Primitive feature head,CKSNAP (gap 0--5),ExtraTrees (300),Physicochemical,0.7705023977980922,0.7877879825653799,0.7664268870908266,0.4377804437890614,0.7175398633257403,0.7174086757990867,0.775,0.6598173515981736,0.4933333396911621
ipromoter_hs_tata,P22,Primitive feature head,Z-curve descriptors,Scaled logistic L2 (C=1),Physicochemical,0.8333553024753629,0.8239362806143629,0.8094347799275357,0.4830386932468964,0.7414578587699316,0.7414798671647986,0.7318181818181818,0.7511415525114156,0.5030576890707016
ipromoter_hs_tata,P15,Primitive feature head,Z-curve descriptors,ExtraTrees (300),Physicochemical,0.8564311704348204,0.8772312162723122,0.8767172680293038,0.5650706208330043,0.7824601366742597,0.7824304690743047,0.7954545454545454,0.769406392694064,0.5
ipromoter_hs_tata,P26,Primitive feature head,EIIP autocorrelation,Scaled logistic L2 (C=1),Physicochemical,0.5950548839429406,0.6377438771274387,0.6225873500207532,0.1987090416986226,0.5763097949886105,0.5755707762557077,0.9,0.2511415525114155,0.3875550127029419
ipromoter_hs_tata,P25,Primitive feature head,EIIP autocorrelation,ExtraTrees (300),Physicochemical,0.6034064005919834,0.6375025944375259,0.6272635798522527,0.1950877385424336,0.5888382687927107,0.5883561643835616,0.8,0.3767123287671233,0.4799999892711639
ipromoter_hs_tata,P14,Primitive feature head,Dinucleotide autocorrelation,Scaled logistic L2 (C=1),Physicochemical,0.8151127268293648,0.8058582399335823,0.7963448235542867,0.4852004077738426,0.7425968109339408,0.742585097550851,0.7477272727272727,0.7374429223744292,0.4806801497936249
ipromoter_hs_tata,P13,Primitive feature head,Dinucleotide autocorrelation,ExtraTrees (300),Physicochemical,0.8242062492237839,0.8307311124948111,0.8251751962741884,0.5004510072310672,0.7494305239179955,0.7493358239933583,0.7909090909090909,0.7077625570776256,0.5066666603088379
ipromoter_hs_tata,P28,Primitive feature head,Promoter motif/position descriptors,Scaled logistic L2 (C=1),Motif and position,0.8763735577785193,0.8639788293897883,0.8807091959040902,0.5538724649769466,0.7722095671981777,0.7724159402241594,0.6818181818181818,0.863013698630137,0.5597631239891052
ipromoter_hs_tata,P27,Primitive feature head,Promoter motif/position descriptors,ExtraTrees (300),Motif and position,0.8759986231590102,0.8670350767953507,0.8898219167407266,0.572193186750967,0.775626423690205,0.7759288086342881,0.6431818181818182,0.908675799086758,0.5333333611488342
ipromoter_hs_tata,P09,Primitive feature head,DNABERT-2 embedding,Scaled logistic L2 (C=1),DNABERT-2,0.7984453629869732,0.8033156911581569,0.7824800612631149,0.4448306453001942,0.7209567198177677,0.721082399335824,0.6659090909090909,0.776255707762557,0.5605209267139434
ipromoter_hs_tata,P07,Primitive feature head,DNABERT-2 embedding,Scaled logistic L2 (C=0.3),DNABERT-2,0.8122321750812533,0.8160647571606475,0.7980436376878045,0.4635788488016731,0.7312072892938497,0.7312837276878372,0.6977272727272728,0.7648401826484018,0.5257422715425492
ipromoter_hs_tata,P03,Primitive feature head,DNABERT-1 mean embedding,Linear head,DNABERT-1,0.8271813250294839,0.8096201743462018,0.7822328688122918,0.4723047629492002,0.734624145785877,0.7344904524699045,0.7931818181818182,0.6757990867579908,0.4783801317214965
ipromoter_hs_tata,P21,Primitive feature head,DNABERT-1 CLS embedding,Linear head,DNABERT-1,0.6737358663835161,0.6816469489414694,0.6403071976345968,0.2643229911518643,0.6321184510250569,0.632139892071399,0.6227272727272727,0.6415525114155252,0.5076396346092223
ipromoter_hs_tata,P17,Primitive feature head,Nucleotide Transformer mean embedding,Linear head,Nucleotide Transformer,0.8016359957987866,0.7770132835201328,0.7544553886286488,0.4043603948903606,0.7015945330296127,0.70167600664176,0.6659090909090909,0.7374429223744292,0.5350073397159576
ipromoter_hs_tata,P10,Primitive feature head,Nucleotide Transformer CLS embedding,Linear head,Nucleotide Transformer,0.8476876951078693,0.8214352428393523,0.8199271567687828,0.4706006168104776,0.7300683371298405,0.7303030303030303,0.6272727272727273,0.8333333333333334,0.6066790020465851
ipromoter_hs_tata,P04,Primitive feature head,DNAshapeR MGW/HelT/ProT/Roll,Logistic (C=1),DNA shape,0.8711934610753822,0.8565068493150685,0.8332321940921505,0.5288167947618151,0.7642369020501139,0.7642745952677459,0.7477272727272727,0.7808219178082192,0.5180828136205673
ipromoter_hs_tata,P01,Primitive feature head,DNAshapeR MGW/HelT/ProT/Roll,Histogram gradient boosting,DNA shape,0.9335267266367496,0.9323941469489416,0.9411905497865724,0.7139121545401864,0.856492027334852,0.8565483603154835,0.8318181818181818,0.8812785388127854,0.4775197112560272
ipromoter_hs_tata,P20,Primitive feature head,DNAshapeR EP,Logistic (C=1),DNA shape,0.7752572983759696,0.7654991697799917,0.7361725219849631,0.4256105299740518,0.7050113895216401,0.7047011207970113,0.8409090909090909,0.5684931506849316,0.3979416871070861
ipromoter_hs_tata,P02,Primitive feature head,DNAshapeR five-track profile,Logistic (C=0.3),DNA shape,0.8833318579149387,0.8713625985886261,0.8521215900642718,0.5717532536153436,0.785876993166287,0.785870693233707,0.7886363636363637,0.7831050228310502,0.472121435403824
ipromoter_hs_tata,D05,Derived evidence channel,Feature-complementarity view-token channel,View-token expert,Deep feature interaction,0.9186665071269192,0.9295039435450394,0.9303554372480388,0.6907554696117465,0.8451025056947609,0.8450550020755501,0.865909090909091,0.8242009132420092,0.3484415113925934
ipromoter_hs_tata,D02,Derived evidence channel,Integrated score-residual evidence channel,Integrated residual predictor,Score-residual evidence,0.9597160516766104,0.9553237858032378,0.9573547527142456,0.744745975704565,0.8712984054669703,0.8713833540888336,0.8340909090909091,0.908675799086758,0.5348736047744754
ipromoter_hs_tata,D14,Derived evidence channel,DNABERT-1 pooling interaction C,Pooling-interaction neural head,DNABERT-1,0.8419749885776675,0.8446191365711914,0.8389548562081353,0.5057378222679317,0.7528473804100227,0.7528590701535907,0.7477272727272727,0.7579908675799086,0.5188860297203064
ipromoter_hs_tata,D18,Derived evidence channel,Nucleotide Transformer pooling interaction A,Pooling-interaction neural head,Nucleotide Transformer,0.8592159821211718,0.8482928601079286,0.8429904178578446,0.5408025969654532,0.7687927107061503,0.7689134495641345,0.7159090909090909,0.821917808219178,0.634270623326302
ipromoter_hs_tata,D17,Derived evidence channel,DNABERT-2 pooling interaction C,Pooling-interaction neural head,DNABERT-2,0.8402238615039346,0.8512401411374014,0.8225666707677779,0.5627292731858905,0.7801822323462415,0.7800747198007472,0.8272727272727273,0.7328767123287672,0.4104875165224075
ipromoter_hs_tata,D09,Derived evidence channel,Cross-foundation attention interaction A,Cross-attention interaction head,Cross-foundation interaction,0.8885072527352798,0.8837121212121213,0.8743528586016394,0.6013641658870865,0.8006833712984055,0.8006797426317974,0.8022727272727272,0.7990867579908676,0.5159971541166306
ipromoter_hs_tata,D13,Derived evidence channel,DNABERT-1 pooling interaction B,Pooling-interaction neural head,DNABERT-1,0.828843440597872,0.851074097135741,0.8503676572327198,0.5029468083222095,0.7471526195899773,0.7469385637193857,0.8409090909090909,0.6529680365296804,0.3539414149522784
ipromoter_hs_tata,D19,Derived evidence channel,Nucleotide Transformer pooling interaction B,Pooling-interaction neural head,Nucleotide Transformer,0.8551259115572604,0.8452833125778332,0.8405900899649085,0.5125586455663895,0.7562642369020501,0.756247405562474,0.7636363636363637,0.7488584474885844,0.495819762647152
ipromoter_hs_tata,D15,Derived evidence channel,DNABERT-2 pooling interaction A,Pooling-interaction neural head,DNABERT-2,0.8471712986697563,0.8538968451639686,0.8259736589165976,0.5638439233128331,0.775626423690205,0.7753839767538397,0.8818181818181818,0.6689497716894978,0.2829645988345149
ipromoter_hs_tata,D10,Derived evidence channel,Cross-foundation attention interaction B,Cross-attention interaction head,Cross-foundation interaction,0.8897834085796714,0.886379202988792,0.8781847941667892,0.6179913368483925,0.8086560364464692,0.8087069323370693,0.7863636363636364,0.8310502283105022,0.5920536577701567
ipromoter_hs_tata,D12,Derived evidence channel,DNABERT-1 pooling interaction A,Pooling-interaction neural head,DNABERT-1,0.8328350958908463,0.8512972187629722,0.8483926554383576,0.5178974025546637,0.7574031890660592,0.7575238688252387,0.7045454545454546,0.8105022831050228,0.6110592365264891
ipromoter_hs_tata,D20,Derived evidence channel,Nucleotide Transformer pooling interaction C,Pooling-interaction neural head,Nucleotide Transformer,0.8565381788019019,0.8453352013283519,0.8438662611509729,0.4914916620250183,0.744874715261959,0.7447748028227481,0.7886363636363637,0.7009132420091324,0.4161745214462281
ipromoter_hs_tata,D16,Derived evidence channel,DNABERT-2 pooling interaction B,Pooling-interaction neural head,DNABERT-2,0.8432505769534459,0.8568285595682856,0.833276000317432,0.5494767239063967,0.7744874715261959,0.77453300124533,0.7545454545454545,0.7945205479452054,0.532158122062683
ipromoter_hs_tata,D11,Derived evidence channel,Cross-foundation attention interaction C,Cross-attention interaction head,Cross-foundation interaction,0.8890414028342951,0.886991490244915,0.8819084281695845,0.6092398710384495,0.8018223234624146,0.8016656288916564,0.8704545454545455,0.7328767123287672,0.3132995286583901
ipromoter_hs_tata,D01,Derived evidence channel,Cross-fitted dual meta-evidence channel,Composite predictor,Meta-evidence,0.9723034783231854,0.9720734744707348,0.9747638359969236,0.7958349795380977,0.89749430523918,0.8975456621004566,0.875,0.9200913242009132,0.490184785723686
ipromoter_hs_tata,D08,Derived evidence channel,Local DNABERT-2 cross-feature branch,Composite predictor,Pre-classifier local fusion,0.8444061862509813,0.8688719385637192,0.8587249070758723,0.5418614392654719,0.7585421412300684,0.7581984225819842,0.9090909090909092,0.6073059360730594,0.165405438542366
ipromoter_hs_tata,D06,Derived evidence channel,Local DNABERT-2 and DNABERT-1 interaction branch,Composite predictor,Pre-classifier local fusion,0.8963028933441121,0.9122249896222496,0.9047053864811272,0.6603556554878499,0.8291571753986332,0.829244499792445,0.7909090909090909,0.867579908675799,0.6483532732725146
ipromoter_hs_tata,D03,Derived evidence channel,Local three-foundation interaction branch,Composite predictor,Pre-classifier local fusion,0.9206121948680732,0.9352428393524284,0.932740635556498,0.7272362168301476,0.8633257403189066,0.8632783312577833,0.884090909090909,0.8424657534246576,0.3908721181750301
ipromoter_hs_tata,D07,Derived evidence channel,Local DNABERT-2 and Nucleotide Transformer interaction branch,Composite predictor,Pre-classifier local fusion,0.8625369705801573,0.8742528019925281,0.8618272881686175,0.583244470267372,0.7915717539863326,0.7915473225404732,0.8022727272727272,0.7808219178082192,0.4805876106023788
ipromoter_hs_tata,D04,Derived evidence channel,Mean-pooled three-foundation interaction branch,Composite predictor,Pre-classifier local fusion,0.9113036018692092,0.9278123702781238,0.9224263566786852,0.7135559366232472,0.856492027334852,0.8564445828144458,0.8772727272727273,0.8356164383561644,0.3084342360496524
ipromoter_hs_tata,E05,Standalone sequence expert,"RC multiscale motif grammar, initialization 1",Neural expert,RC motif grammar,0.9268023046359593,0.92994499792445,0.9171234607685936,0.6765707052247126,0.8382687927107062,0.8382783312577833,0.8340909090909091,0.8424657534246576,0.6328125
ipromoter_hs_tata,E04,Standalone sequence expert,"RC multiscale motif grammar, initialization 2",Neural expert,RC motif grammar,0.9164420301627404,0.9300876919883768,0.9175187999340086,0.6746590646816939,0.8325740318906606,0.8327625570776256,0.75,0.9155251141552512,0.78759765625
ipromoter_hs_tata,E03,Standalone sequence expert,"RC multiscale motif grammar, initialization 3",Neural expert,RC motif grammar,0.9120713869030188,0.9273687214611872,0.915662982076723,0.6919934477195063,0.8451025056947609,0.8450186799501869,0.8818181818181818,0.8082191780821918,0.6400732421875
ipromoter_hs_tata,E02,Standalone sequence expert,RC motif and biophysical grammar,Neural expert,RC biophysical grammar,0.9320727099155576,0.9335694271481942,0.9201189953855023,0.7179920584891666,0.8587699316628702,0.8587276878372769,0.8772727272727273,0.8401826484018264,0.6023193359375005
ipromoter_hs_tata,E01,Standalone sequence expert,Position-aware RC biophysical grammar,Neural expert,Position-aware biophysical grammar,0.9761231906263266,0.9807129514321296,0.9793927104066036,0.8480290550774665,0.9236902050113897,0.9237339144873392,0.9045454545454544,0.9429223744292238,0.7418652343750001
ipromoter_mm_notata,P23,Primitive feature head,1--3-mer composition,Logistic L2 (C=1),Composition and FCGR,0.6518083526879918,0.6540245144729536,0.6268126685730586,0.2340937402743878,0.6170477523720641,0.6170466209322794,0.6180857675574891,0.6160074743070695,0.4971531170606613
ipromoter_mm_notata,P24,Primitive feature head,1--3-mer composition,Logistic L2 (C=0.3),Composition and FCGR,0.6342427941320524,0.6335892545416151,0.6096308639834076,0.2021793642075338,0.6010265982267848,0.6010432306287101,0.5857675574891237,0.6163189037682965,0.5004453659057617
ipromoter_mm_notata,P18,Primitive feature head,4--6-mer composition,Logistic L2 (C=1),Composition and FCGR,0.7427738310384936,0.7410424835076905,0.7138492278246933,0.3647159583236299,0.6809768237673044,0.6809085320639761,0.7436295835922934,0.6181874805356586,0.4959511709213257
ipromoter_mm_notata,P19,Primitive feature head,4--6-mer composition,Logistic L2 (C=0.3),Composition and FCGR,0.7288694049073011,0.724098562682389,0.6954012293066804,0.3437192306308014,0.6705552963135791,0.6704868228949623,0.7333747669359851,0.6075988788539396,0.498518259525299
ipromoter_mm_notata,P06,Primitive feature head,Order-4 FCGR,Scaled logistic L2 (C=1),Composition and FCGR,0.8036268091480849,0.8097798915668037,0.8016916231814784,0.4649239161292741,0.732462280292425,0.7324606082378029,0.7339962709757614,0.7309249454998443,0.5036012762784958
ipromoter_mm_notata,P05,Primitive feature head,Order-4 FCGR,ExtraTrees (300),Composition and FCGR,0.7670451027321155,0.7742588840141071,0.7526394539855106,0.4149724835835131,0.705552963135791,0.7056259470871862,0.6385954008701057,0.7726564933042666,0.5199999809265137
ipromoter_mm_notata,P11,Primitive feature head,Basic motif/position descriptors,Scaled logistic L2 (C=1),Motif and position,0.799864354070523,0.8060850297270936,0.8113883132026695,0.4628129199090785,0.7268626536008711,0.7269690268013214,0.6292728402734618,0.824665213329181,0.5691199231147767
ipromoter_mm_notata,P08,Primitive feature head,Basic motif/position descriptors,ExtraTrees (300),Motif and position,0.8216446192972242,0.8312283617978055,0.8315197511275815,0.4967645574440252,0.7483278892518277,0.7483384299503397,0.7386575512740833,0.7580193086265961,0.4933333396911621
ipromoter_mm_notata,P12,Primitive feature head,CKSNAP (gap 0--5),Scaled logistic L2 (C=1),Physicochemical,0.7636425753140781,0.7782222545673579,0.7603260503300944,0.4161004235836775,0.7080416861098149,0.7080354123749952,0.713797389683033,0.7022734350669574,0.4923053699731828
ipromoter_mm_notata,P16,Primitive feature head,CKSNAP (gap 0--5),ExtraTrees (300),Physicochemical,0.7218383252821958,0.7320273361129074,0.7208502331518505,0.3437246417584564,0.671799657800591,0.6717833488402882,0.6867619639527657,0.6568047337278107,0.496666669845581
ipromoter_mm_notata,P22,Primitive feature head,Z-curve descriptors,Scaled logistic L2 (C=1),Physicochemical,0.782924998725797,0.7898277924761041,0.7951960426346558,0.4293674833276034,0.7130191320578628,0.7130856891678485,0.6519577377252952,0.7742136406104018,0.5302670657634735
ipromoter_mm_notata,P15,Primitive feature head,Z-curve descriptors,ExtraTrees (300),Physicochemical,0.8123941772338273,0.8226854394049046,0.8249221451621864,0.489308151730277,0.7431948981179033,0.743253361705867,0.6895587321317589,0.7969479912799751,0.5166666507720947
ipromoter_mm_notata,P26,Primitive feature head,EIIP autocorrelation,Scaled logistic L2 (C=1),Physicochemical,0.634720282541871,0.636150127968669,0.5970540262740424,0.2071947239308008,0.5986934204386374,0.5985252779493424,0.7529521441889372,0.4440984117097477,0.4514176219701767
ipromoter_mm_notata,P25,Primitive feature head,EIIP autocorrelation,ExtraTrees (300),Physicochemical,0.6298716478421924,0.6317106613201706,0.6003890905573287,0.2105783877250981,0.5895162544719241,0.5892273471842344,0.8545680546923555,0.3238866396761133,0.4566666781902313
ipromoter_mm_notata,P14,Primitive feature head,Dinucleotide autocorrelation,Scaled logistic L2 (C=1),Physicochemical,0.7611921949961561,0.7725281181705446,0.76412061014848,0.4154144778183343,0.7075750505521854,0.707593333512694,0.6908017402113114,0.7243849268140766,0.5080664819478989
ipromoter_mm_notata,P13,Primitive feature head,Dinucleotide autocorrelation,ExtraTrees (300),Physicochemical,0.7383219465339376,0.7436907952561299,0.7297978532989846,0.3592187011691167,0.6795769170944159,0.6795650207229306,0.6904909881914233,0.6686390532544378,0.5
ipromoter_mm_notata,P28,Primitive feature head,Promoter motif/position descriptors,Scaled logistic L2 (C=1),Motif and position,0.8015094387262032,0.8115138510623925,0.819050787831865,0.4700995952979138,0.7344843677088194,0.7345211428474099,0.7007458048477315,0.7682964808470881,0.5132098543643951
ipromoter_mm_notata,P27,Primitive feature head,Promoter motif/position descriptors,ExtraTrees (300),Motif and position,0.8064202337856679,0.8207690062458156,0.8299340139806224,0.4841854421835183,0.7416394462591382,0.7416718265115313,0.7119328775637042,0.7714107754593584,0.503333330154419
ipromoter_mm_notata,P09,Primitive feature head,DNABERT-2 embedding,Scaled logistic L2 (C=1),DNABERT-2,0.8611791448181766,0.8774017956840794,0.8765478992190598,0.5934054884501113,0.7967024420594183,0.7967006768026085,0.7983219390926041,0.7950794145126129,0.4942529797554016
ipromoter_mm_notata,P07,Primitive feature head,DNABERT-2 embedding,Scaled logistic L2 (C=0.3),DNABERT-2,0.8614967427682017,0.8775520908839816,0.8766809457095059,0.5934048450320372,0.7967024420594183,0.796701015523278,0.798011187072716,0.79539084397384,0.494756817817688
ipromoter_mm_notata,P03,Primitive feature head,DNABERT-1 mean embedding,Linear head,DNABERT-1,0.8051345370774244,0.813044142658307,0.8006461964793807,0.468370207020499,0.7341732773370664,0.7341778736432544,0.7299564947172157,0.7383992525692931,0.5086069703102112
ipromoter_mm_notata,P21,Primitive feature head,DNABERT-1 CLS embedding,Linear head,DNABERT-1,0.7353832609508066,0.7230843362207174,0.7153428119704586,0.3266151652391924,0.6632446725773837,0.6632278453939505,0.6786824114356743,0.6477732793522267,0.492405669093132
ipromoter_mm_notata,P17,Primitive feature head,Nucleotide Transformer mean embedding,Linear head,Nucleotide Transformer,0.7893020618762603,0.8030347533213498,0.7967829774232965,0.4456808315668696,0.7221962980245762,0.7222366151624147,0.685208203853325,0.7592650264715042,0.5271232908964157
ipromoter_mm_notata,P10,Primitive feature head,Nucleotide Transformer CLS embedding,Linear head,Nucleotide Transformer,0.8425359892683768,0.8512524632250968,0.8521730263025737,0.5371493425650842,0.7685487634157723,0.7685403597290932,0.776258545680547,0.7608221737776394,0.4780946511030198
ipromoter_mm_notata,P04,Primitive feature head,DNAshapeR MGW/HelT/ProT/Roll,Logistic (C=1),DNA shape,0.810993823366019,0.8165592889885394,0.8118781460817629,0.4790199892173796,0.7385285425416084,0.7385768389774197,0.6942200124300808,0.7829336655247586,0.5204331791400909
ipromoter_mm_notata,P01,Primitive feature head,DNAshapeR MGW/HelT/ProT/Roll,Histogram gradient boosting,DNA shape,0.801080354048235,0.8135217871909004,0.8140092530984733,0.4702511001235441,0.7341732773370664,0.7341233396154727,0.7799875699192045,0.6882591093117408,0.4416450810432434
ipromoter_mm_notata,P20,Primitive feature head,DNAshapeR EP,Logistic (C=1),DNA shape,0.7687306703171064,0.7779119864341404,0.7763480845304569,0.4137217435976776,0.7057085083216674,0.705764725784327,0.6541330018645121,0.757396449704142,0.5090219855308533
ipromoter_mm_notata,P02,Primitive feature head,DNAshapeR five-track profile,Logistic (C=0.3),DNA shape,0.8260602179631187,0.8334265621652108,0.8279791017790619,0.508646672041491,0.7539275159433816,0.7539570316378654,0.7268489745183344,0.7810650887573964,0.5084866499900819
ipromoter_mm_notata,D05,Derived evidence channel,Feature-complementarity view-token channel,View-token expert,Deep feature interaction,0.8741194642515095,0.9087422643457398,0.90784839912842,0.6515496801544871,0.8236117592160522,0.8236738747070308,0.7666252330640149,0.8807225163500467,0.6341673451662079
ipromoter_mm_notata,D02,Derived evidence channel,Integrated score-residual evidence channel,Integrated residual predictor,Score-residual evidence,0.9015669536423376,0.9115702916036564,0.913220285655975,0.661253243354878,0.8306112925804946,0.8306055028753514,0.8359229334990678,0.825288072251635,0.5028721630573273
ipromoter_mm_notata,D14,Derived evidence channel,DNABERT-1 pooling interaction C,Pooling-interaction neural head,DNABERT-1,0.7883301203076738,0.8367894777488586,0.831013127348893,0.4983950054657477,0.7396173588427438,0.739466996896738,0.877563704164077,0.601370289629399,0.2679684996604918
ipromoter_mm_notata,D18,Derived evidence channel,Nucleotide Transformer pooling interaction A,Pooling-interaction neural head,Nucleotide Transformer,0.8128844951125482,0.8536736385703356,0.8525346236245908,0.5313656623570353,0.7592160522631825,0.7593346577634099,0.6504039776258546,0.8682653379009654,0.7349253475666045
ipromoter_mm_notata,D17,Derived evidence channel,DNABERT-2 pooling interaction C,Pooling-interaction neural head,DNABERT-2,0.8131610734363262,0.8645098934500908,0.8624756284750251,0.5774671222924211,0.7883030020220874,0.7883320503884739,0.7616532007458049,0.815010900031143,0.5317272007465366
ipromoter_mm_notata,D09,Derived evidence channel,Cross-foundation attention interaction A,Cross-attention interaction head,Cross-foundation interaction,0.8414422973967255,0.8923089891239697,0.8886996743482727,0.6391392620983433,0.8194120391973868,0.8193943809918476,0.8356121814791796,0.8031765805045157,0.4910350394248963
ipromoter_mm_notata,D13,Derived evidence channel,DNABERT-1 pooling interaction B,Pooling-interaction neural head,DNABERT-1,0.7899476660786962,0.8375077591227638,0.8296734633280685,0.5237235808537155,0.7618603204230829,0.7618615623461845,0.7607209446861405,0.7630021800062285,0.4643889448046687
ipromoter_mm_notata,D19,Derived evidence channel,Nucleotide Transformer pooling interaction B,Pooling-interaction neural head,Nucleotide Transformer,0.8106271930250915,0.8490495207683191,0.8496723081880508,0.5421151741009541,0.7707263960180433,0.7707525444212803,0.7467371037911746,0.7947679850513859,0.5193146669864656
ipromoter_mm_notata,D15,Derived evidence channel,DNABERT-2 pooling interaction A,Pooling-interaction neural head,DNABERT-2,0.8133376120541794,0.8614178576246702,0.8593107005821066,0.5093575274359754,0.7388396329133613,0.7390278213544608,0.5661901802361715,0.91186546247275,0.7733823692798615
ipromoter_mm_notata,D10,Derived evidence channel,Cross-foundation attention interaction B,Cross-attention interaction head,Cross-foundation interaction,0.8372519018911246,0.8897515512922775,0.8876350674037259,0.6242786453139688,0.811012599160056,0.8109658010192202,0.8539465506525793,0.7679850513858612,0.4420964145660406
ipromoter_mm_notata,D12,Derived evidence channel,DNABERT-1 pooling interaction A,Pooling-interaction neural head,DNABERT-1,0.7894859378648711,0.8313609951342292,0.8255112975168408,0.4849336222435014,0.7354176388240784,0.7352864096170346,0.855811062771908,0.6147617564621614,0.3312097638845445
ipromoter_mm_notata,D20,Derived evidence channel,Nucleotide Transformer pooling interaction C,Pooling-interaction neural head,Nucleotide Transformer,0.8105927434135888,0.8475596820980706,0.8470943319387076,0.5494611331334442,0.7744594804790792,0.7744829235426156,0.7529521441889372,0.796013702896294,0.5213256090879442
ipromoter_mm_notata,D16,Derived evidence channel,DNABERT-2 pooling interaction B,Pooling-interaction neural head,DNABERT-2,0.814946900833289,0.8626153803571819,0.8630010434506168,0.5550749115543443,0.7721263026909317,0.7722325601921146,0.6746426351771286,0.8698224852071006,0.69417045712471
ipromoter_mm_notata,D11,Derived evidence channel,Cross-foundation attention interaction C,Cross-attention interaction head,Cross-foundation interaction,0.8384435198476196,0.8875117850598636,0.8821985125764122,0.6141500033621814,0.8069684243272671,0.8069534611349001,0.8206960845245495,0.7932108377452507,0.4816225177049638
ipromoter_mm_notata,D01,Derived evidence channel,Cross-fitted dual meta-evidence channel,Composite predictor,Meta-evidence,0.9205252995438268,0.9309694050071432,0.932252588853282,0.7110924554198101,0.8551874319489812,0.8552114787983119,0.8331261653200746,0.8772967922765493,0.5156011748313903
ipromoter_mm_notata,D08,Derived evidence channel,Local DNABERT-2 cross-feature branch,Composite predictor,Pre-classifier local fusion,0.843289505736856,0.893878330374205,0.896732445840196,0.6047722377472874,0.7915694509254938,0.7917131601109378,0.6597265382224985,0.9236997819993772,0.6906832814216616
ipromoter_mm_notata,D06,Derived evidence channel,Local DNABERT-2 and DNABERT-1 interaction branch,Composite predictor,Pre-classifier local fusion,0.8828484012184201,0.9171867158011644,0.9193503215127382,0.640194750785423,0.8102348732306736,0.8103684429243091,0.6876942200124301,0.933042665836188,0.7796711301803589
ipromoter_mm_notata,D03,Derived evidence channel,Local three-foundation interaction branch,Composite predictor,Pre-classifier local fusion,0.8983161938664151,0.9300951669592892,0.9317103282332508,0.7141192421004284,0.8570539741794991,0.857056683839482,0.8545680546923555,0.8595453129866085,0.4436358734965324
ipromoter_mm_notata,D07,Derived evidence channel,Local DNABERT-2 and Nucleotide Transformer interaction branch,Composite predictor,Pre-classifier local fusion,0.8753458092134293,0.9134948540588124,0.9145444400698508,0.6795519752902044,0.8396329133613315,0.8396166340107682,0.8545680546923555,0.824665213329181,0.3883921623229985
ipromoter_mm_notata,D04,Derived evidence channel,Mean-pooled three-foundation interaction branch,Composite predictor,Pre-classifier local fusion,0.8894653271949354,0.926936112829984,0.9286724133831984,0.6929418069140147,0.8456991756105149,0.8456624108511392,0.8794282162834058,0.8118966054188727,0.4304594302177441
ipromoter_mm_notata,E05,Standalone sequence expert,"RC multiscale motif grammar, initialization 1",Neural expert,RC motif grammar,0.8809434889121668,0.911601357127912,0.9110909149917488,0.6615332742733522,0.8307668377663712,0.8307666371366761,0.8309509011808577,0.8305823730924945,0.377685546875
ipromoter_mm_notata,E04,Standalone sequence expert,"RC multiscale motif grammar, initialization 2",Neural expert,RC motif grammar,0.879046031567573,0.9105374838938324,0.909556409104474,0.6630902998982413,0.8315445636957536,0.8315428397450575,0.8331261653200746,0.8299595141700404,0.45068359375
ipromoter_mm_notata,E03,Standalone sequence expert,"RC multiscale motif grammar, initialization 3",Neural expert,RC motif grammar,0.8681264771075601,0.9088883013429404,0.9080182028142668,0.663088874180917,0.8315445636957536,0.8315445333484048,0.8315724052206339,0.8315166614761756,0.5234375
ipromoter_mm_notata,E02,Standalone sequence expert,RC motif and biophysical grammar,Neural expert,RC biophysical grammar,0.903475669561992,0.9217278470391652,0.92191708507719,0.6882982889347382,0.8441437237517498,0.8441401517739575,0.8474207582349286,0.8408595453129866,0.481201171875
ipromoter_mm_notata,E01,Standalone sequence expert,Position-aware RC biophysical grammar,Neural expert,Position-aware biophysical grammar,0.9076353421831322,0.9328959030089816,0.9338929003888622,0.7098151731300903,0.8523876186032042,0.8524519698929585,0.793349906774394,0.9115540330115228,0.6982421875
ipromoter_mm_tata,P23,Primitive feature head,1--3-mer composition,Logistic L2 (C=1),Composition and FCGR,0.6684546860462192,0.6231609195402299,0.6055658295065593,0.1546430877335411,0.5765864332603938,0.5771408045977011,0.540948275862069,0.6133333333333333,0.5035989966988563
ipromoter_mm_tata,P24,Primitive feature head,1--3-mer composition,Logistic L2 (C=0.3),Composition and FCGR,0.6572518551514955,0.606786398467433,0.5944177509942775,0.1366630770760649,0.562363238512035,0.5648084291187739,0.4051724137931034,0.7244444444444444,0.5067231947183609
ipromoter_mm_tata,P18,Primitive feature head,4--6-mer composition,Logistic L2 (C=1),Composition and FCGR,0.776735720692079,0.7360871647509579,0.6995082448840036,0.3696379758950353,0.6838074398249453,0.6843869731800767,0.646551724137931,0.7222222222222222,0.5003579688072205
ipromoter_mm_tata,P19,Primitive feature head,4--6-mer composition,Logistic L2 (C=0.3),Composition and FCGR,0.7745217079966997,0.7329070881226053,0.696001588528709,0.358579122961062,0.6794310722100656,0.6791714559386973,0.6961206896551724,0.6622222222222223,0.4999331521987915
ipromoter_mm_tata,P06,Primitive feature head,Order-4 FCGR,Scaled logistic L2 (C=1),Composition and FCGR,0.848899003361246,0.8348227969348659,0.8161708890603082,0.5250676452793103,0.7614879649890591,0.7620354406130269,0.7262931034482759,0.7977777777777778,0.5534937885403632
ipromoter_mm_tata,P05,Primitive feature head,Order-4 FCGR,ExtraTrees (300),Composition and FCGR,0.8789022694097881,0.8663817049808428,0.8568348073482859,0.5603963305836259,0.7800875273522976,0.7802203065134099,0.771551724137931,0.7888888888888889,0.5299999713897705
ipromoter_mm_tata,P11,Primitive feature head,Basic motif/position descriptors,Scaled logistic L2 (C=1),Motif and position,0.8789294365871678,0.8692289272030652,0.8697564787158558,0.5667533480190774,0.7833698030634574,0.7830507662835249,0.8038793103448276,0.7622222222222222,0.4796957540512085
ipromoter_mm_tata,P08,Primitive feature head,Basic motif/position descriptors,ExtraTrees (300),Motif and position,0.8829007839713953,0.8694636015325672,0.8684745650703172,0.5851317166971421,0.7921225382932167,0.7924425287356323,0.771551724137931,0.8133333333333334,0.5166666507720947
ipromoter_mm_tata,P12,Primitive feature head,CKSNAP (gap 0--5),Scaled logistic L2 (C=1),Physicochemical,0.8238453276047261,0.7986398467432951,0.7813923493635051,0.459367646336667,0.7297592997811816,0.7294444444444445,0.75,0.7088888888888889,0.471532910168171
ipromoter_mm_tata,P16,Primitive feature head,CKSNAP (gap 0--5),ExtraTrees (300),Physicochemical,0.7819493490055766,0.7723275862068966,0.7598409151387202,0.4013372581901907,0.6991247264770241,0.697897509578544,0.7780172413793104,0.6177777777777778,0.4833333194255829
ipromoter_mm_tata,P22,Primitive feature head,Z-curve descriptors,Scaled logistic L2 (C=1),Physicochemical,0.8670991411878956,0.8625957854406132,0.8665942278127836,0.562433394074484,0.7811816192560175,0.7808285440613028,0.8038793103448276,0.7577777777777778,0.4853265774250033
ipromoter_mm_tata,P15,Primitive feature head,Z-curve descriptors,ExtraTrees (300),Physicochemical,0.8844353927101558,0.8830411877394636,0.8850447535901076,0.6060476371008888,0.8030634573304157,0.8028496168582375,0.8168103448275862,0.7888888888888889,0.5066666603088379
ipromoter_mm_tata,P26,Primitive feature head,EIIP autocorrelation,Scaled logistic L2 (C=1),Physicochemical,0.6244877901873653,0.6110919540229884,0.558919050985714,0.2009985261754651,0.5973741794310722,0.5948659003831418,0.7586206896551724,0.4311111111111111,0.4406099098920822
ipromoter_mm_tata,P25,Primitive feature head,EIIP autocorrelation,ExtraTrees (300),Physicochemical,0.6341825059543268,0.6195354406130268,0.5933926509172385,0.1946869164048641,0.5820568927789934,0.5774329501915709,0.8793103448275862,0.2755555555555555,0.4566666781902313
ipromoter_mm_tata,P14,Primitive feature head,Dinucleotide autocorrelation,Scaled logistic L2 (C=1),Physicochemical,0.8347508163624542,0.8059961685823754,0.8062302861597022,0.4485087036300844,0.7242888402625821,0.7238888888888889,0.75,0.6977777777777778,0.482252853512764
ipromoter_mm_tata,P13,Primitive feature head,Dinucleotide autocorrelation,ExtraTrees (300),Physicochemical,0.8319608295703423,0.8050646551724137,0.8029255545590132,0.4637232646734538,0.7319474835886215,0.7316666666666667,0.75,0.7133333333333334,0.5133333206176758
ipromoter_mm_tata,P28,Primitive feature head,Promoter motif/position descriptors,Scaled logistic L2 (C=1),Motif and position,0.8921108313066468,0.9005411877394636,0.908993429876777,0.6284389200813124,0.8085339168490153,0.8098802681992336,0.7219827586206896,0.8977777777777778,0.6036455944180489
ipromoter_mm_tata,P27,Primitive feature head,Promoter motif/position descriptors,ExtraTrees (300),Motif and position,0.886355730463282,0.888888888888889,0.908734387898415,0.6009165561775152,0.7964989059080962,0.7976245210727969,0.7241379310344828,0.8711111111111111,0.5077666592597975
ipromoter_mm_tata,P09,Primitive feature head,DNABERT-2 embedding,Scaled logistic L2 (C=1),DNABERT-2,0.8427975397164675,0.8646503831417625,0.8568985636163543,0.5283255033389336,0.7516411378555798,0.7491522988505748,0.9116379310344828,0.5866666666666667,0.126741062104702
ipromoter_mm_tata,P07,Primitive feature head,DNABERT-2 embedding,Scaled logistic L2 (C=0.3),DNABERT-2,0.8539185697162159,0.8709865900383142,0.8675251181440309,0.5587962316344947,0.7735229759299781,0.7718103448275861,0.8836206896551724,0.66,0.2124336171150207
ipromoter_mm_tata,P03,Primitive feature head,DNABERT-1 mean embedding,Linear head,DNABERT-1,0.8471153995835264,0.8404549808429119,0.8268922299711586,0.4960739675714991,0.7439824945295405,0.7424137931034482,0.8448275862068966,0.64,0.4366958975791931
ipromoter_mm_tata,P21,Primitive feature head,DNABERT-1 CLS embedding,Linear head,DNABERT-1,0.7119199994731215,0.7141235632183909,0.6892349634307453,0.3117578136056709,0.6411378555798687,0.6375670498084292,0.8706896551724138,0.4044444444444444,0.3806278067827225
ipromoter_mm_tata,P17,Primitive feature head,Nucleotide Transformer mean embedding,Linear head,Nucleotide Transformer,0.8137708700801214,0.7956297892720305,0.8002849854391296,0.4213220920200439,0.7100656455142232,0.7092097701149425,0.7650862068965517,0.6533333333333333,0.4849965542554855
ipromoter_mm_tata,P10,Primitive feature head,Nucleotide Transformer CLS embedding,Linear head,Nucleotide Transformer,0.8742676088213845,0.8647557471264369,0.873365088202004,0.5427332558201866,0.7713347921225383,0.7713984674329502,0.7672413793103449,0.7755555555555556,0.5047074854373932
ipromoter_mm_tata,P04,Primitive feature head,DNAshapeR MGW/HelT/ProT/Roll,Logistic (C=1),DNA shape,0.8910245932557146,0.8963936781609196,0.9025236448327676,0.6354152837464113,0.8172866520787746,0.8175957854406131,0.7974137931034483,0.8377777777777777,0.5273803290724755
ipromoter_mm_tata,P01,Primitive feature head,DNAshapeR MGW/HelT/ProT/Roll,Histogram gradient boosting,DNA shape,0.9413473363293564,0.9451819923371646,0.952386162755278,0.7540229479724481,0.87527352297593,0.8759482758620689,0.8318965517241379,0.92,0.525884485244751
ipromoter_mm_tata,P20,Primitive feature head,DNAshapeR EP,Logistic (C=1),DNA shape,0.808737533034689,0.8330555555555555,0.8342944595245374,0.5123563648701825,0.7527352297592997,0.7513026819923372,0.8448275862068966,0.6577777777777778,0.4274962252378463
ipromoter_mm_tata,P02,Primitive feature head,DNAshapeR five-track profile,Logistic (C=0.3),DNA shape,0.8984181069012714,0.9058285440613028,0.9029493891009996,0.6439093540091514,0.8216630196936543,0.8212021072796936,0.8512931034482759,0.7911111111111111,0.4664310324192048
ipromoter_mm_tata,D05,Derived evidence channel,Feature-complementarity view-token channel,View-token expert,Deep feature interaction,0.9331462914333132,0.9525574712643678,0.9524382076408976,0.7594242091299912,0.8796498905908097,0.8797557471264368,0.8728448275862069,0.8866666666666667,0.5857871723175069
ipromoter_mm_tata,D02,Derived evidence channel,Integrated score-residual evidence channel,Integrated residual predictor,Score-residual evidence,0.9710107507181714,0.9706561302681992,0.973696796745614,0.8102522159641508,0.9048140043763676,0.9050766283524904,0.8879310344827587,0.9222222222222224,0.5079347193241119
ipromoter_mm_tata,D14,Derived evidence channel,DNABERT-1 pooling interaction C,Pooling-interaction neural head,DNABERT-1,0.8538279376175748,0.868544061302682,0.8612375857557538,0.5826109449593072,0.7888402625820569,0.7877011494252874,0.8620689655172413,0.7133333333333334,0.3846099287271501
ipromoter_mm_tata,D18,Derived evidence channel,Nucleotide Transformer pooling interaction A,Pooling-interaction neural head,Nucleotide Transformer,0.8805164338222526,0.8835153256704981,0.8891914557182925,0.5875346962016957,0.7866520787746171,0.7848419540229885,0.9030172413793104,0.6666666666666666,0.2249362105876207
ipromoter_mm_tata,D17,Derived evidence channel,DNABERT-2 pooling interaction C,Pooling-interaction neural head,DNABERT-2,0.877063358348092,0.8675622605363985,0.8678678580294591,0.5579637991303367,0.7789934354485777,0.7790086206896552,0.7780172413793104,0.78,0.5090032517910004
ipromoter_mm_tata,D09,Derived evidence channel,Cross-foundation attention interaction A,Cross-attention interaction head,Cross-foundation interaction,0.9161085794993936,0.9145833333333332,0.9151223983418038,0.6463957230670461,0.8216630196936543,0.8207998084291188,0.8771551724137931,0.7644444444444445,0.3307781438529493
ipromoter_mm_tata,D13,Derived evidence channel,DNABERT-1 pooling interaction B,Pooling-interaction neural head,DNABERT-1,0.8534074076735078,0.8666666666666667,0.8639879553147318,0.5766768802394573,0.787746170678337,0.7870929118773946,0.8297413793103449,0.7444444444444445,0.4479873813688756
ipromoter_mm_tata,D19,Derived evidence channel,Nucleotide Transformer pooling interaction B,Pooling-interaction neural head,Nucleotide Transformer,0.8789464254281186,0.8842289272030651,0.8903565330963732,0.6104719646952377,0.8041575492341356,0.8046982758620689,0.7693965517241379,0.84,0.6308337080478669
ipromoter_mm_tata,D15,Derived evidence channel,DNABERT-2 pooling interaction A,Pooling-interaction neural head,DNABERT-2,0.8757900933652814,0.8782758620689656,0.8785646429425983,0.5485079526366752,0.7724288840262582,0.7731800766283525,0.7241379310344828,0.8222222222222222,0.6034630650281907
ipromoter_mm_tata,D10,Derived evidence channel,Cross-foundation attention interaction B,Cross-attention interaction head,Cross-foundation interaction,0.9164791906905344,0.9172413793103448,0.9167760531087932,0.6848480811128256,0.8424507658643327,0.84227969348659,0.853448275862069,0.8311111111111111,0.5339556592702865
ipromoter_mm_tata,D12,Derived evidence channel,DNABERT-1 pooling interaction A,Pooling-interaction neural head,DNABERT-1,0.8483526661852914,0.874161877394636,0.865533511902398,0.5991795156819902,0.7986870897155361,0.799176245210728,0.7672413793103449,0.8311111111111111,0.6210018038749697
ipromoter_mm_tata,D20,Derived evidence channel,Nucleotide Transformer pooling interaction C,Pooling-interaction neural head,Nucleotide Transformer,0.8796522481550271,0.881044061302682,0.8863978243144708,0.6103830253042614,0.8052516411378556,0.8051388888888888,0.8125,0.7977777777777778,0.506525114476681
ipromoter_mm_tata,D16,Derived evidence channel,DNABERT-2 pooling interaction B,Pooling-interaction neural head,DNABERT-2,0.8744730465676852,0.8781034482758621,0.8777022635312474,0.5712002839594384,0.7855579868708972,0.785205938697318,0.8081896551724138,0.7622222222222222,0.4433896772563458
ipromoter_mm_tata,D11,Derived evidence channel,Cross-foundation attention interaction C,Cross-attention interaction head,Cross-foundation interaction,0.9117641511806271,0.917638888888889,0.9182419386850929,0.656627010185727,0.8238512035010941,0.822485632183908,0.9116379310344828,0.7333333333333333,0.2333513184636831
ipromoter_mm_tata,D01,Derived evidence channel,Cross-fitted dual meta-evidence channel,Composite predictor,Meta-evidence,0.9796533557975206,0.981111111111111,0.9829723754336852,0.8635190277139877,0.9310722100656456,0.9314750957854404,0.9051724137931034,0.9577777777777776,0.6193242540955541
ipromoter_mm_tata,D08,Derived evidence channel,Local DNABERT-2 cross-feature branch,Composite predictor,Pre-classifier local fusion,0.878942833074085,0.8862739463601532,0.8877712038089046,0.5648269377475162,0.7768052516411379,0.7781944444444444,0.6875,0.8688888888888889,0.7413719728589058
ipromoter_mm_tata,D06,Derived evidence channel,Local DNABERT-2 and DNABERT-1 interaction branch,Composite predictor,Pre-classifier local fusion,0.9137444363416904,0.9353448275862069,0.9375143049331652,0.6762102390294916,0.8347921225382933,0.8357758620689655,0.771551724137931,0.9,0.8558593684434895
ipromoter_mm_tata,D03,Derived evidence channel,Local three-foundation interaction branch,Composite predictor,Pre-classifier local fusion,0.9308081180016452,0.9451197318007664,0.9489035164161226,0.7410733384820144,0.8698030634573304,0.8702250957854406,0.8426724137931034,0.8977777777777778,0.5028086602687836
ipromoter_mm_tata,D07,Derived evidence channel,Local DNABERT-2 and Nucleotide Transformer interaction branch,Composite predictor,Pre-classifier local fusion,0.8916886548669812,0.9012116858237548,0.9040994594304296,0.6370274517618704,0.8172866520787746,0.8178639846743294,0.7801724137931034,0.8555555555555555,0.702795761525631
ipromoter_mm_tata,D04,Derived evidence channel,Mean-pooled three-foundation interaction branch,Composite predictor,Pre-classifier local fusion,0.9360034851821384,0.9461159003831418,0.9499405763544428,0.7652780889430771,0.8818380743982495,0.88227969348659,0.853448275862069,0.9111111111111112,0.6680944800376895
ipromoter_mm_tata,E05,Standalone sequence expert,"RC multiscale motif grammar, initialization 1",Neural expert,RC motif grammar,0.9196433810278204,0.9366163793103448,0.9366095950291276,0.7014533602443043,0.8479212253829321,0.8468630268199233,0.915948275862069,0.7777777777777778,0.54062744140625
ipromoter_mm_tata,E04,Standalone sequence expert,"RC multiscale motif grammar, initialization 2",Neural expert,RC motif grammar,0.9233485948507196,0.9393079501915708,0.9394818624587874,0.7395707280616916,0.8698030634573304,0.8696551724137931,0.8793103448275862,0.86,0.716796875
ipromoter_mm_tata,E03,Standalone sequence expert,"RC multiscale motif grammar, initialization 3",Neural expert,RC motif grammar,0.9246784394095606,0.9374401340996168,0.9400829986814444,0.7162306445803728,0.8577680525164114,0.8573323754789273,0.8857758620689655,0.8288888888888889,0.5754980468750004
ipromoter_mm_tata,E02,Standalone sequence expert,RC motif and biophysical grammar,Neural expert,RC biophysical grammar,0.9458838059075064,0.9573922413793102,0.9606131760964652,0.7746022188083949,0.887308533916849,0.8871647509578544,0.896551724137931,0.8777777777777778,0.6318359375
ipromoter_mm_tata,E01,Standalone sequence expert,Position-aware RC biophysical grammar,Neural expert,Position-aware biophysical grammar,0.9723179185421748,0.9855220306513408,0.9857211759694184,0.8665598820184909,0.9332603938730852,0.9331273946360152,0.9418103448275862,0.9244444444444444,0.7152636718750003
snnrice6ma_rice_chen,P23,Primitive feature head,1--3-mer composition,Logistic L2 (C=1),Composition and FCGR,0.6277981802432547,0.6405787195260879,0.6696514694308935,0.1995447141332239,0.5962264150943396,0.5956937799043062,0.4545454545454545,0.7368421052631579,0.5088034737110138
snnrice6ma_rice_chen,P24,Primitive feature head,1--3-mer composition,Logistic L2 (C=0.3),Composition and FCGR,0.6204890864706598,0.6294714057871953,0.6602598120252539,0.2069697288618869,0.6,0.599481658692185,0.4621212121212121,0.7368421052631579,0.503555993437767
snnrice6ma_rice_chen,P18,Primitive feature head,4--6-mer composition,Logistic L2 (C=1),Composition and FCGR,0.7251859487862322,0.699874686716792,0.715538733874492,0.3198152753251587,0.6528301886792452,0.6522556390977443,0.5,0.8045112781954887,0.5005268907546997
snnrice6ma_rice_chen,P19,Primitive feature head,4--6-mer composition,Logistic L2 (C=0.3),Composition and FCGR,0.7238848441895926,0.6984506721348828,0.7149666150255435,0.3285594187407816,0.6566037735849056,0.6560150375939849,0.5,0.8120300751879699,0.5001441878080368
snnrice6ma_rice_chen,P06,Primitive feature head,Order-4 FCGR,Scaled logistic L2 (C=1),Composition and FCGR,0.675352032013974,0.691159717475507,0.6807106331535258,0.2385018186229048,0.6113207547169811,0.6106174527227158,0.4242424242424242,0.7969924812030075,0.692631796002388
snnrice6ma_rice_chen,P05,Primitive feature head,Order-4 FCGR,ExtraTrees (300),Composition and FCGR,0.7179019106729949,0.6963146502620187,0.7030331564538637,0.2681427428575069,0.6339622641509434,0.6338573706994759,0.6060606060606061,0.6616541353383458,0.5099999904632568
snnrice6ma_rice_chen,P11,Primitive feature head,Basic motif/position descriptors,Scaled logistic L2 (C=1),Motif and position,0.7460841583804021,0.7420824789245842,0.7416849047623645,0.4297414288022356,0.7094339622641509,0.7098427887901573,0.8181818181818182,0.6015037593984962,0.4317857682704926
snnrice6ma_rice_chen,P08,Primitive feature head,Basic motif/position descriptors,ExtraTrees (300),Motif and position,0.729688808710779,0.7664046479835953,0.7590964048739509,0.3879545816609742,0.690566037735849,0.6909033948507632,0.7803030303030303,0.6015037593984962,0.473333328962326
snnrice6ma_rice_chen,P12,Primitive feature head,CKSNAP (gap 0--5),Scaled logistic L2 (C=1),Physicochemical,0.6895389042802225,0.7200387331966279,0.7360704111491436,0.3823440929826098,0.6867924528301886,0.6863750284802916,0.5757575757575758,0.7969924812030075,0.5691836833953857
snnrice6ma_rice_chen,P16,Primitive feature head,CKSNAP (gap 0--5),ExtraTrees (300),Physicochemical,0.6773421672429468,0.7046308954203692,0.7192006315818863,0.2464740978789848,0.6150943396226415,0.6157439052175894,0.7878787878787878,0.4436090225563909,0.449999988079071
snnrice6ma_rice_chen,P22,Primitive feature head,Z-curve descriptors,Scaled logistic L2 (C=1),Physicochemical,0.7621269391290652,0.7441900205058101,0.7268378328532294,0.3660343014777479,0.6830188679245283,0.6829858737753474,0.6742424242424242,0.6917293233082706,0.505965947508812
snnrice6ma_rice_chen,P15,Primitive feature head,Z-curve descriptors,ExtraTrees (300),Physicochemical,0.812221255789647,0.8168432444748235,0.8031901054171312,0.4807352696031961,0.7396226415094339,0.739462292093871,0.696969696969697,0.7819548872180451,0.5144999861717224
snnrice6ma_rice_chen,P26,Primitive feature head,EIIP autocorrelation,Scaled logistic L2 (C=1),Physicochemical,0.5813807815933968,0.6378446115288221,0.6485886121724176,0.1541755609787088,0.5735849056603773,0.5741057188425609,0.7121212121212122,0.4360902255639097,0.4363597241044044
snnrice6ma_rice_chen,P25,Primitive feature head,EIIP autocorrelation,ExtraTrees (300),Physicochemical,0.5937287474317949,0.5925324675324676,0.5936759925678394,0.1211026973774177,0.5584905660377358,0.5589257233994076,0.6742424242424242,0.4436090225563909,0.473333328962326
snnrice6ma_rice_chen,P14,Primitive feature head,Dinucleotide autocorrelation,Scaled logistic L2 (C=1),Physicochemical,0.677740373257737,0.6249145591250854,0.6710853973224967,0.1981874239472747,0.5849056603773585,0.583902939166097,0.3181818181818182,0.849624060150376,0.7795739239454269
snnrice6ma_rice_chen,P13,Primitive feature head,Dinucleotide autocorrelation,ExtraTrees (300),Physicochemical,0.6985213581599123,0.6953463203463204,0.7156131614077486,0.2986132868532437,0.6490566037735849,0.6489234449760766,0.6136363636363636,0.6842105263157895,0.503333330154419
snnrice6ma_rice_chen,P29,Primitive feature head,Center-context positional descriptors,Scaled logistic L2 (C=1),Motif and position,0.7636428065201983,0.7852016404647985,0.7668007325930717,0.4795053346633486,0.7396226415094339,0.7395477329687856,0.7196969696969697,0.7593984962406015,0.5089782774448396
snnrice6ma_rice_chen,P30,Primitive feature head,Center-context positional descriptors,ExtraTrees (300),Motif and position,0.7335196400575563,0.777654363180679,0.7763466178777434,0.4220699805421801,0.7094339622641509,0.7091877420824789,0.6439393939393939,0.7744360902255639,0.5166666507720947
snnrice6ma_rice_chen,P09,Primitive feature head,DNABERT-2 embedding,Scaled logistic L2 (C=1),DNABERT-2,0.5735124097101418,0.6203007518796992,0.6339615526240507,0.14136040192427,0.569811320754717,0.5700615174299385,0.6363636363636364,0.5037593984962406,0.3952191412448884
snnrice6ma_rice_chen,P07,Primitive feature head,DNABERT-2 embedding,Scaled logistic L2 (C=0.3),DNABERT-2,0.5760609282047977,0.6212121212121212,0.63547791387112,0.1705219496163293,0.5849056603773585,0.5850421508316246,0.6212121212121212,0.5488721804511278,0.4412572109699249
snnrice6ma_rice_chen,P03,Primitive feature head,DNABERT-1 mean embedding,Linear head,DNABERT-1,0.726488843072826,0.7067099567099566,0.7148590157795274,0.2839601729418549,0.630188679245283,0.6294144452039189,0.4242424242424242,0.8345864661654135,0.6017815303802491
snnrice6ma_rice_chen,P21,Primitive feature head,DNABERT-1 CLS embedding,Linear head,DNABERT-1,0.6770236024311148,0.6631351105035316,0.6784604289581271,0.2688095707865127,0.6188679245283019,0.6179653679653679,0.3787878787878788,0.8571428571428571,0.6323907852172851
snnrice6ma_rice_chen,P17,Primitive feature head,Nucleotide Transformer mean embedding,Linear head,Nucleotide Transformer,0.6499312759057622,0.6883686488949647,0.7072164917919228,0.2478837219304938,0.6188679245283019,0.6183071314650261,0.4696969696969697,0.7669172932330827,0.550591117143631
snnrice6ma_rice_chen,P10,Primitive feature head,Nucleotide Transformer CLS embedding,Linear head,Nucleotide Transformer,0.6814101325086441,0.7116085668717249,0.7290654881673356,0.3160375305234719,0.6490566037735849,0.6484107997265892,0.4772727272727273,0.8195488721804511,0.5630300790071487
snnrice6ma_rice_chen,P04,Primitive feature head,DNAshapeR MGW/HelT/ProT/Roll,Logistic (C=1),DNA shape,0.7935037834045628,0.8099225336067442,0.8004321879508409,0.4659185341678645,0.7320754716981132,0.7322282980177717,0.7727272727272727,0.6917293233082706,0.4829619824886322
snnrice6ma_rice_chen,P01,Primitive feature head,DNAshapeR MGW/HelT/ProT/Roll,Histogram gradient boosting,DNA shape,0.8379220983756774,0.8235930735930735,0.820351401294613,0.4796535601758807,0.7396226415094339,0.7396901344269765,0.7575757575757576,0.7218045112781954,0.4888369530439377
snnrice6ma_rice_chen,P20,Primitive feature head,DNAshapeR EP,Logistic (C=1),DNA shape,0.7132755621416147,0.7332535885167465,0.7294378846907467,0.3284306542617467,0.6641509433962264,0.6640749601275917,0.6439393939393939,0.6842105263157895,0.504403920173645
snnrice6ma_rice_chen,P02,Primitive feature head,DNAshapeR five-track profile,Logistic (C=0.3),DNA shape,0.802709948528517,0.8217703349282297,0.8015721300553531,0.5348787439929674,0.7660377358490567,0.7658350421508316,0.7121212121212122,0.8195488721804511,0.5487534737586975
snnrice6ma_rice_chen,D05,Derived evidence channel,Feature-complementarity view-token channel,View-token expert,Deep feature interaction,0.7860533041255933,0.827010708589656,0.8329665948191162,0.4792680762793843,0.7358490566037735,0.7355035315561631,0.6439393939393939,0.8270676691729323,0.6230861616134644
snnrice6ma_rice_chen,D02,Derived evidence channel,Integrated score-residual evidence channel,Integrated residual predictor,Score-residual evidence,0.8589903285154881,0.8659147869674185,0.8673103294206175,0.6309912204263888,0.8150943396226416,0.8149920255183413,0.7878787878787878,0.8421052631578947,0.5260026574134826
snnrice6ma_rice_chen,D14,Derived evidence channel,DNABERT-1 pooling interaction C,Pooling-interaction neural head,DNABERT-1,0.7534612603712534,0.7548986101617681,0.7573034110869893,0.4023820979844156,0.6943396226415094,0.6938368648894964,0.5606060606060606,0.8270676691729323,0.6219544464349748
snnrice6ma_rice_chen,D18,Derived evidence channel,Nucleotide Transformer pooling interaction A,Pooling-interaction neural head,Nucleotide Transformer,0.687572035020653,0.7207222601959444,0.7298669563671004,0.2647234545232717,0.5924528301886792,0.5937856003645477,0.946969696969697,0.2406015037593984,0.1920116719603538
snnrice6ma_rice_chen,D17,Derived evidence channel,DNABERT-2 pooling interaction C,Pooling-interaction neural head,DNABERT-2,0.6249668907358489,0.6637616769195717,0.6726545705262307,0.2079841810875893,0.6037735849056604,0.6038676236044658,0.6287878787878788,0.5789473684210527,0.4757864025235176
snnrice6ma_rice_chen,D09,Derived evidence channel,Cross-foundation attention interaction A,Cross-attention interaction head,Cross-foundation interaction,0.7679720665191963,0.7964228753702438,0.7952789786400067,0.4420502157864232,0.720754716981132,0.7208361813624972,0.7424242424242424,0.6992481203007519,0.4431505209207535
snnrice6ma_rice_chen,D13,Derived evidence channel,DNABERT-1 pooling interaction B,Pooling-interaction neural head,DNABERT-1,0.7511364531208613,0.7603098655730235,0.7642073740931352,0.3712418071087848,0.6754716981132075,0.6748405103668261,0.5075757575757576,0.8421052631578947,0.6882323098182678
snnrice6ma_rice_chen,D19,Derived evidence channel,Nucleotide Transformer pooling interaction B,Pooling-interaction neural head,Nucleotide Transformer,0.6725690641353292,0.7085896559580771,0.720919225667682,0.2764168051377462,0.6226415094339622,0.6234905445431761,0.8484848484848485,0.3984962406015037,0.2858445656299591
snnrice6ma_rice_chen,D15,Derived evidence channel,DNABERT-2 pooling interaction A,Pooling-interaction neural head,DNABERT-2,0.6251512288011225,0.6240601503759398,0.6373642034389805,0.1866104940205698,0.5660377358490566,0.5646787423103212,0.2045454545454545,0.924812030075188,0.7760972094535828
snnrice6ma_rice_chen,D10,Derived evidence channel,Cross-foundation attention interaction B,Cross-attention interaction head,Cross-foundation interaction,0.7495132043324815,0.7633287764866713,0.7658316457294561,0.315818858924587,0.6339622641509434,0.632946001367054,0.3636363636363636,0.9022556390977444,0.9529905617237092
snnrice6ma_rice_chen,D12,Derived evidence channel,DNABERT-1 pooling interaction A,Pooling-interaction neural head,DNABERT-1,0.7601618595594499,0.7615629984051037,0.7579237333170605,0.4270556960746204,0.7132075471698113,0.7130895420369104,0.6818181818181818,0.7443609022556391,0.5171654629707336
snnrice6ma_rice_chen,D20,Derived evidence channel,Nucleotide Transformer pooling interaction C,Pooling-interaction neural head,Nucleotide Transformer,0.6702013043260386,0.6986785144679882,0.7282805930634437,0.2755340363342488,0.6377358490566037,0.6377591706539074,0.6439393939393939,0.631578947368421,0.4839806360006333
snnrice6ma_rice_chen,D16,Derived evidence channel,DNABERT-2 pooling interaction B,Pooling-interaction neural head,DNABERT-2,0.6202564267766252,0.631408065618592,0.6426755787195616,0.1504631667700183,0.5735849056603773,0.5739348370927317,0.6666666666666666,0.4812030075187969,0.4168405821919441
snnrice6ma_rice_chen,D11,Derived evidence channel,Cross-foundation attention interaction C,Cross-attention interaction head,Cross-foundation interaction,0.7573788916808052,0.7710184552289816,0.7868772766012381,0.411571243156356,0.7018867924528301,0.7022385509227614,0.7954545454545454,0.6090225563909775,0.3825410628318788
snnrice6ma_rice_chen,D01,Derived evidence channel,Cross-fitted dual meta-evidence channel,Composite predictor,Meta-evidence,0.8880871077894466,0.8869332421964001,0.8921628690574508,0.569019431606341,0.7811320754716982,0.7814137616769196,0.8560606060606061,0.706766917293233,0.4166729375720025
snnrice6ma_rice_chen,D08,Derived evidence channel,Local DNABERT-2 cross-feature branch,Composite predictor,Pre-classifier local fusion,0.7360466822727632,0.7450444292549556,0.7483528125312651,0.3431933306706553,0.660377358490566,0.659688995215311,0.4772727272727273,0.8421052631578947,0.7241257619857789
snnrice6ma_rice_chen,D06,Derived evidence channel,Local DNABERT-2 and DNABERT-1 interaction branch,Composite predictor,Pre-classifier local fusion,0.747578549492086,0.7505696058327638,0.7434767889001552,0.3888224291962069,0.6943396226415094,0.694377990430622,0.7045454545454546,0.6842105263157895,0.4408220821619034
snnrice6ma_rice_chen,D03,Derived evidence channel,Local three-foundation interaction branch,Composite predictor,Pre-classifier local fusion,0.7637877714064816,0.7458418774208248,0.7259390093117661,0.3107530836124339,0.6452830188679245,0.6445944406470722,0.4621212121212121,0.8270676691729323,0.7656544476747513
snnrice6ma_rice_chen,D07,Derived evidence channel,Local DNABERT-2 and Nucleotide Transformer interaction branch,Composite predictor,Pre-classifier local fusion,0.7252074250656817,0.7282410571884257,0.7205842304831993,0.2929103444783577,0.6452830188679245,0.645021645021645,0.5757575757575758,0.7142857142857143,0.665679931640625
snnrice6ma_rice_chen,D04,Derived evidence channel,Mean-pooled three-foundation interaction branch,Composite predictor,Pre-classifier local fusion,0.7550165009413768,0.7472089314194578,0.7305240100221788,0.3502008822988898,0.660377358490566,0.6596035543403964,0.4545454545454545,0.8646616541353384,0.7212552690505981
snnrice6ma_rice_chen,E05,Standalone sequence expert,"RC multiscale motif grammar, initialization 1",Neural expert,RC motif grammar,0.6791166448324493,0.7349054454317612,0.7546594313749182,0.3823440929826098,0.6867924528301886,0.6863750284802916,0.5757575757575758,0.7969924812030075,0.5751953125
snnrice6ma_rice_chen,E04,Standalone sequence expert,"RC multiscale motif grammar, initialization 2",Neural expert,RC motif grammar,0.6988399229717445,0.7026942355889725,0.7265502193201305,0.2640893448432379,0.6264150943396226,0.6269366598313967,0.7651515151515151,0.4887218045112781,0.4715966796874999
snnrice6ma_rice_chen,E03,Standalone sequence expert,"RC multiscale motif grammar, initialization 3",Neural expert,RC motif grammar,0.7166670246046575,0.739604693552062,0.7697167216526619,0.3132671447237511,0.6528301886792452,0.6532239690134427,0.7575757575757576,0.5488721804511278,0.4047021484374999
snnrice6ma_rice_chen,E02,Standalone sequence expert,RC motif and biophysical grammar,Neural expert,RC biophysical grammar,0.6757457638038786,0.7188710412394622,0.7358307865671523,0.3290616877223022,0.6528301886792452,0.6521132376395534,0.4621212121212121,0.8421052631578947,0.595703125
snnrice6ma_rice_chen,E01,Standalone sequence expert,Position-aware RC biophysical grammar,Neural expert,Position-aware biophysical grammar,0.6907156254250514,0.7287821827295512,0.7309028956838683,0.3468321920007331,0.6679245283018868,0.6674356345408976,0.5378787878787878,0.7969924812030075,0.5371337890625001
