task_id,stage,stage_label,sample_index,label,embedding_1,embedding_2
gue_mouse_0,source,Source scores,0,1,0.689709484577179,6.176605224609375
gue_mouse_0,source,Source scores,1,1,6.982259273529053,-10.908726692199707
gue_mouse_0,source,Source scores,2,0,11.310816764831543,-3.1335270404815674
gue_mouse_0,source,Source scores,3,0,11.30404281616211,-8.627508163452148
gue_mouse_0,source,Source scores,4,1,4.91401481628418,1.990838885307312
gue_mouse_0,source,Source scores,5,1,-14.341681480407715,14.357837677001953
gue_mouse_0,source,Source scores,6,0,16.11538314819336,-8.766510009765625
gue_mouse_0,source,Source scores,7,0,-11.468478202819824,17.894954681396484
gue_mouse_0,source,Source scores,8,0,12.14137077331543,-12.960783958435059
gue_mouse_0,source,Source scores,9,0,15.113316535949707,-13.524043083190918
gue_mouse_0,source,Source scores,10,1,-15.11614990234375,4.019222259521484
gue_mouse_0,source,Source scores,11,0,13.458078384399414,-12.093790054321289
gue_mouse_0,source,Source scores,12,0,15.696361541748047,-9.743045806884766
gue_mouse_0,source,Source scores,13,1,-18.660009384155273,5.9005818367004395
gue_mouse_0,source,Source scores,14,1,-10.396228790283203,6.78141450881958
gue_mouse_0,source,Source scores,15,0,19.272838592529297,1.5600693225860596
gue_mouse_0,source,Source scores,16,0,13.454939842224121,-8.185977935791016
gue_mouse_0,source,Source scores,17,0,19.12187385559082,-9.950510025024414
gue_mouse_0,source,Source scores,18,0,16.77656364440918,-11.817070960998535
gue_mouse_0,source,Source scores,19,0,15.417359352111816,-17.55231285095215
gue_mouse_0,source,Source scores,20,1,4.187751293182373,-10.986068725585938
gue_mouse_0,source,Source scores,21,0,10.862335205078125,-4.83538293838501
gue_mouse_0,source,Source scores,22,0,10.528294563293457,-19.560081481933594
gue_mouse_0,source,Source scores,23,0,4.193986892700195,-6.207805633544922
gue_mouse_0,source,Source scores,24,1,17.94141960144043,-8.709444999694824
gue_mouse_0,source,Source scores,25,1,-16.57208824157715,6.362922191619873
gue_mouse_0,source,Source scores,26,1,9.993030548095703,-1.4582897424697876
gue_mouse_0,source,Source scores,27,1,-16.807586669921875,1.0883922576904297
gue_mouse_0,source,Source scores,28,0,18.761646270751953,-5.596042633056641
gue_mouse_0,source,Source scores,29,0,21.45145034790039,-8.7268705368042
gue_mouse_0,source,Source scores,30,1,-19.211334228515625,8.738430976867676
gue_mouse_0,source,Source scores,31,0,11.255906105041504,-11.39828109741211
gue_mouse_0,source,Source scores,32,0,16.848129272460938,-8.058942794799805
gue_mouse_0,source,Source scores,33,1,-9.313817977905273,5.4171271324157715
gue_mouse_0,source,Source scores,34,0,3.866405487060547,-3.3573129177093506
gue_mouse_0,source,Source scores,35,1,0.5010672807693481,13.203875541687012
gue_mouse_0,source,Source scores,36,1,-7.257594585418701,7.499598026275635
gue_mouse_0,source,Source scores,37,1,9.16699504852295,-11.451231002807617
gue_mouse_0,source,Source scores,38,0,15.874484062194824,-15.114178657531738
gue_mouse_0,source,Source scores,39,1,-17.570995330810547,0.7030845284461975
gue_mouse_0,source,Source scores,40,0,2.7556045055389404,-9.746753692626953
gue_mouse_0,source,Source scores,41,0,7.246938705444336,-7.958256721496582
gue_mouse_0,source,Source scores,42,0,-12.543364524841309,-0.44323405623435974
gue_mouse_0,source,Source scores,43,1,-11.279989242553711,1.9341686964035034
gue_mouse_0,source,Source scores,44,1,8.160505294799805,-12.151131629943848
gue_mouse_0,source,Source scores,45,1,6.488470554351807,-17.330230712890625
gue_mouse_0,source,Source scores,46,0,13.32744026184082,0.4478028118610382
gue_mouse_0,source,Source scores,47,0,12.920697212219238,-8.86835765838623
gue_mouse_0,source,Source scores,48,1,1.1193965673446655,-12.226532936096191
gue_mouse_0,source,Source scores,49,0,11.23381233215332,-10.318965911865234
gue_mouse_0,source,Source scores,50,0,5.452455997467041,-10.55444049835205
gue_mouse_0,source,Source scores,51,0,8.172688484191895,-6.507379531860352
gue_mouse_0,source,Source scores,52,0,8.00331974029541,-3.2454192638397217
gue_mouse_0,source,Source scores,53,0,9.064706802368164,-1.8144952058792114
gue_mouse_0,source,Source scores,54,0,5.135291576385498,10.024807929992676
gue_mouse_0,source,Source scores,55,1,-3.6366920471191406,-3.445129632949829
gue_mouse_0,source,Source scores,56,0,13.355724334716797,-9.910741806030273
gue_mouse_0,source,Source scores,57,0,17.607711791992188,-10.1878080368042
gue_mouse_0,source,Source scores,58,1,-4.389806747436523,10.531853675842285
gue_mouse_0,source,Source scores,59,0,9.782713890075684,-8.720794677734375
gue_mouse_0,source,Source scores,60,0,19.285110473632812,-12.334397315979004
gue_mouse_0,source,Source scores,61,1,-6.110934734344482,15.710708618164062
gue_mouse_0,source,Source scores,62,0,16.498611450195312,-14.289999008178711
gue_mouse_0,source,Source scores,63,1,-14.185906410217285,14.449106216430664
gue_mouse_0,source,Source scores,64,1,-22.240070343017578,13.191488265991211
gue_mouse_0,source,Source scores,65,0,12.725422859191895,-7.070925712585449
gue_mouse_0,source,Source scores,66,1,-15.519963264465332,9.468151092529297
gue_mouse_0,source,Source scores,67,1,-9.60368824005127,6.370131492614746
gue_mouse_0,source,Source scores,68,0,9.208253860473633,-11.757766723632812
gue_mouse_0,source,Source scores,69,0,-14.404693603515625,-0.2841794192790985
gue_mouse_0,source,Source scores,70,1,-9.522130012512207,8.132357597351074
gue_mouse_0,source,Source scores,71,0,-6.556938648223877,2.4460039138793945
gue_mouse_0,source,Source scores,72,1,-6.118241786956787,17.68069076538086
gue_mouse_0,source,Source scores,73,0,20.285472869873047,-16.232494354248047
gue_mouse_0,source,Source scores,74,0,10.118287086486816,-10.360248565673828
gue_mouse_0,source,Source scores,75,1,-8.890830993652344,12.072410583496094
gue_mouse_0,source,Source scores,76,0,10.965601921081543,-5.471117973327637
gue_mouse_0,source,Source scores,77,1,-5.687985897064209,12.807948112487793
gue_mouse_0,source,Source scores,78,1,-5.176662921905518,-5.592459201812744
gue_mouse_0,source,Source scores,79,1,-9.43248462677002,10.372851371765137
gue_mouse_0,source,Source scores,80,1,2.2296345233917236,-17.6785831451416
gue_mouse_0,source,Source scores,81,1,-20.32326316833496,7.072958946228027
gue_mouse_0,source,Source scores,82,0,20.83313751220703,-14.329249382019043
gue_mouse_0,source,Source scores,83,0,-15.342629432678223,14.862127304077148
gue_mouse_0,source,Source scores,84,1,4.065033435821533,-1.1864807605743408
gue_mouse_0,source,Source scores,85,1,-21.64948844909668,9.135339736938477
gue_mouse_0,source,Source scores,86,1,-17.351207733154297,11.336433410644531
gue_mouse_0,source,Source scores,87,1,20.87082862854004,-1.3414336442947388
gue_mouse_0,source,Source scores,88,1,-13.443869590759277,10.90162181854248
gue_mouse_0,source,Source scores,89,0,8.864541053771973,-13.744293212890625
gue_mouse_0,source,Source scores,90,1,-11.070828437805176,10.117995262145996
gue_mouse_0,source,Source scores,91,1,-12.340348243713379,13.763856887817383
gue_mouse_0,source,Source scores,92,0,9.1254301071167,-12.154274940490723
gue_mouse_0,source,Source scores,93,0,8.675426483154297,-0.8562453985214233
gue_mouse_0,source,Source scores,94,1,-16.471696853637695,1.1625257730484009
gue_mouse_0,source,Source scores,95,1,4.043099403381348,5.3616838455200195
gue_mouse_0,source,Source scores,96,0,5.277970314025879,-6.297703742980957
gue_mouse_0,source,Source scores,97,0,7.030174732208252,-11.869637489318848
gue_mouse_0,source,Source scores,98,1,-4.762319564819336,7.693450450897217
gue_mouse_0,source,Source scores,99,0,2.748898506164551,-9.712342262268066
gue_mouse_0,source,Source scores,100,1,19.792551040649414,-4.865645885467529
gue_mouse_0,source,Source scores,101,1,-16.125768661499023,12.502944946289062
gue_mouse_0,source,Source scores,102,1,-22.862424850463867,9.396915435791016
gue_mouse_0,source,Source scores,103,1,18.732749938964844,-0.9683114886283875
gue_mouse_0,source,Source scores,104,0,-0.6595073342323303,6.439233779907227
gue_mouse_0,source,Source scores,105,1,-11.658502578735352,12.119973182678223
gue_mouse_0,source,Source scores,106,1,-17.474611282348633,18.057212829589844
gue_mouse_0,source,Source scores,107,1,-20.50353240966797,17.10771942138672
gue_mouse_0,source,Source scores,108,0,15.188176155090332,-12.249788284301758
gue_mouse_0,source,Source scores,109,0,12.0418701171875,-15.94275951385498
gue_mouse_0,source,Source scores,110,0,22.792736053466797,-4.637418746948242
gue_mouse_0,source,Source scores,111,0,6.3973822593688965,10.597660064697266
gue_mouse_0,source,Source scores,112,1,-19.042572021484375,7.483851909637451
gue_mouse_0,source,Source scores,113,0,8.448437690734863,-7.0683722496032715
gue_mouse_0,source,Source scores,114,1,-22.71474266052246,13.399320602416992
gue_mouse_0,source,Source scores,115,0,14.44265079498291,-6.022252559661865
gue_mouse_0,source,Source scores,116,1,13.066084861755371,-4.242737770080566
gue_mouse_0,source,Source scores,117,0,-21.506656646728516,7.088610649108887
gue_mouse_0,source,Source scores,118,1,-20.108877182006836,9.841500282287598
gue_mouse_0,source,Source scores,119,1,-21.486976623535156,15.711112976074219
gue_mouse_0,source,Source scores,120,1,-10.48532772064209,7.796136379241943
gue_mouse_0,source,Source scores,121,0,-7.088488578796387,1.1641316413879395
gue_mouse_0,source,Source scores,122,0,-3.3739025592803955,-4.976767539978027
gue_mouse_0,source,Source scores,123,1,-21.2531795501709,4.917160511016846
gue_mouse_0,source,Source scores,124,0,-10.152318000793457,9.361651420593262
gue_mouse_0,source,Source scores,125,0,-15.577713966369629,-1.538999080657959
gue_mouse_0,source,Source scores,126,1,13.947382926940918,-16.792152404785156
gue_mouse_0,source,Source scores,127,0,13.959349632263184,-15.024361610412598
gue_mouse_0,source,Source scores,128,1,9.349742889404297,7.012404918670654
gue_mouse_0,source,Source scores,129,0,14.042393684387207,-1.6553744077682495
gue_mouse_0,source,Source scores,130,1,-15.433159828186035,8.586085319519043
gue_mouse_0,source,Source scores,131,1,10.379505157470703,-1.4140366315841675
gue_mouse_0,source,Source scores,132,0,1.5367695093154907,-16.34339714050293
gue_mouse_0,source,Source scores,133,1,12.19621753692627,-0.012544050812721252
gue_mouse_0,source,Source scores,134,0,7.152441501617432,5.010892868041992
gue_mouse_0,source,Source scores,135,1,19.690168380737305,-8.04440975189209
gue_mouse_0,source,Source scores,136,1,-18.152973175048828,10.902554512023926
gue_mouse_0,source,Source scores,137,1,-15.68034553527832,-1.580520510673523
gue_mouse_0,source,Source scores,138,1,10.936951637268066,6.280383586883545
gue_mouse_0,source,Source scores,139,0,12.987308502197266,-14.192349433898926
gue_mouse_0,source,Source scores,140,1,-7.942207336425781,11.09384822845459
gue_mouse_0,source,Source scores,141,1,-15.67117691040039,11.748895645141602
gue_mouse_0,source,Source scores,142,1,7.562193870544434,-11.333535194396973
gue_mouse_0,source,Source scores,143,1,11.760746955871582,-11.289191246032715
gue_mouse_0,source,Source scores,144,1,-21.05557632446289,17.687475204467773
gue_mouse_0,source,Source scores,145,0,11.998199462890625,-3.442131519317627
gue_mouse_0,source,Source scores,146,0,22.578033447265625,-9.451664924621582
gue_mouse_0,source,Source scores,147,1,-15.943814277648926,7.304404258728027
gue_mouse_0,source,Source scores,148,1,7.279573440551758,5.277065277099609
gue_mouse_0,source,Source scores,149,0,0.7944858074188232,3.8788275718688965
gue_mouse_0,source,Source scores,150,1,-12.56445598602295,5.673154830932617
gue_mouse_0,source,Source scores,151,0,9.816571235656738,-15.05419635772705
gue_mouse_0,source,Source scores,152,0,7.041175365447998,-7.239431858062744
gue_mouse_0,source,Source scores,153,0,-18.83392333984375,13.333192825317383
gue_mouse_0,source,Source scores,154,1,-12.074518203735352,11.85116195678711
gue_mouse_0,source,Source scores,155,0,5.539942264556885,-10.611693382263184
gue_mouse_0,source,Source scores,156,1,-15.015494346618652,9.593247413635254
gue_mouse_0,source,Source scores,157,1,-14.249431610107422,12.227437973022461
gue_mouse_0,source,Source scores,158,0,16.900266647338867,-7.505930423736572
gue_mouse_0,source,Source scores,159,0,-5.061187267303467,12.950336456298828
gue_mouse_0,source,Source scores,160,0,17.205904006958008,-10.13405990600586
gue_mouse_0,source,Source scores,161,0,-10.488213539123535,15.992682456970215
gue_mouse_0,source,Source scores,162,0,15.12069320678711,-16.2200927734375
gue_mouse_0,source,Source scores,163,1,5.298266410827637,-16.86623764038086
gue_mouse_0,source,Source scores,164,1,-18.911453247070312,12.156874656677246
gue_mouse_0,source,Source scores,165,0,-2.389833927154541,-14.275527954101562
gue_mouse_0,source,Source scores,166,1,-21.867361068725586,5.276930332183838
gue_mouse_0,source,Source scores,167,1,5.401654243469238,-18.179351806640625
gue_mouse_0,source,Source scores,168,0,3.693830728530884,-3.248767614364624
gue_mouse_0,source,Source scores,169,0,12.04520034790039,-4.113982200622559
gue_mouse_0,source,Source scores,170,0,12.083636283874512,-8.38378620147705
gue_mouse_0,source,Source scores,171,0,-4.313331604003906,15.018794059753418
gue_mouse_0,source,Source scores,172,1,-12.066606521606445,13.298320770263672
gue_mouse_0,source,Source scores,173,0,15.991084098815918,-6.066204071044922
gue_mouse_0,source,Source scores,174,1,-11.851372718811035,11.174651145935059
gue_mouse_0,source,Source scores,175,0,14.7670316696167,-4.186002254486084
gue_mouse_0,source,Source scores,176,1,0.9946531057357788,11.031882286071777
gue_mouse_0,source,Source scores,177,1,-11.961063385009766,16.965532302856445
gue_mouse_0,source,Source scores,178,0,14.561663627624512,-12.011857986450195
gue_mouse_0,source,Source scores,179,1,-7.576213359832764,12.540114402770996
gue_mouse_0,source,Source scores,180,1,-10.672872543334961,13.546329498291016
gue_mouse_0,source,Source scores,181,1,-10.986713409423828,5.203431129455566
gue_mouse_0,source,Source scores,182,0,14.82602310180664,-0.05749593302607536
gue_mouse_0,source,Source scores,183,1,4.769278526306152,-18.378644943237305
gue_mouse_0,source,Source scores,184,0,-7.372861862182617,-5.230741024017334
gue_mouse_0,source,Source scores,185,0,12.399648666381836,-16.065885543823242
gue_mouse_0,source,Source scores,186,0,22.693979263305664,-8.270853042602539
gue_mouse_0,source,Source scores,187,0,13.078590393066406,-12.694831848144531
gue_mouse_0,source,Source scores,188,0,9.216461181640625,-9.819356918334961
gue_mouse_0,source,Source scores,189,1,2.34900164604187,-16.727294921875
gue_mouse_0,source,Source scores,190,1,-14.870549201965332,7.811431407928467
gue_mouse_0,source,Source scores,191,0,-4.158633232116699,-11.176223754882812
gue_mouse_0,source,Source scores,192,0,6.488701343536377,-5.194565773010254
gue_mouse_0,source,Source scores,193,0,20.88559341430664,-14.156977653503418
gue_mouse_0,source,Source scores,194,1,-15.841601371765137,17.365680694580078
gue_mouse_0,source,Source scores,195,1,-17.961624145507812,8.86248779296875
gue_mouse_0,source,Source scores,196,0,-4.398024082183838,-6.842206954956055
gue_mouse_0,source,Source scores,197,0,20.24589729309082,-7.162087440490723
gue_mouse_0,source,Source scores,198,1,-7.1734843254089355,10.785407066345215
gue_mouse_0,source,Source scores,199,0,13.474821090698242,-5.166611194610596
gue_mouse_0,source,Source scores,200,1,13.055529594421387,-7.5185394287109375
gue_mouse_0,source,Source scores,201,0,14.55447006225586,-10.21187973022461
gue_mouse_0,source,Source scores,202,0,11.762619018554688,-15.538785934448242
gue_mouse_0,source,Source scores,203,0,22.801616668701172,-8.17886734008789
gue_mouse_0,source,Source scores,204,0,3.8094730377197266,-6.281954765319824
gue_mouse_0,source,Source scores,205,0,17.088022232055664,-9.28658390045166
gue_mouse_0,source,Source scores,206,1,15.816609382629395,-18.152847290039062
gue_mouse_0,source,Source scores,207,0,20.326616287231445,-0.2852444052696228
gue_mouse_0,source,Source scores,208,1,-17.8504695892334,6.843121528625488
gue_mouse_0,source,Source scores,209,0,17.1436710357666,-4.749826908111572
gue_mouse_0,source,Source scores,210,0,11.456147193908691,-6.905519008636475
gue_mouse_0,source,Source scores,211,1,-15.97265338897705,13.825026512145996
gue_mouse_0,source,Source scores,212,1,-9.594047546386719,3.7936065196990967
gue_mouse_0,source,Source scores,213,1,-4.907477378845215,8.980533599853516
gue_mouse_0,source,Source scores,214,0,1.421429991722107,-16.54083824157715
gue_mouse_0,source,Source scores,215,0,17.757299423217773,-7.252731800079346
gue_mouse_0,source,Source scores,216,0,11.435546875,-3.097888946533203
gue_mouse_0,source,Source scores,217,1,-7.849083423614502,9.162532806396484
gue_mouse_0,source,Source scores,218,1,-8.458796501159668,10.20305347442627
gue_mouse_0,source,Source scores,219,1,8.240827560424805,-9.38516616821289
gue_mouse_0,source,Source scores,220,0,-2.7484774589538574,-0.25919434428215027
gue_mouse_0,source,Source scores,221,1,-15.975503921508789,9.765460968017578
gue_mouse_0,source,Source scores,222,1,-18.688282012939453,9.945379257202148
gue_mouse_0,source,Source scores,223,0,13.82863712310791,-10.476598739624023
gue_mouse_0,source,Source scores,224,0,8.946244239807129,5.11233377456665
gue_mouse_0,source,Source scores,225,0,14.333647727966309,-20.455116271972656
gue_mouse_0,source,Source scores,226,1,-19.393356323242188,1.924438238143921
gue_mouse_0,source,Source scores,227,0,6.932491302490234,-13.598748207092285
gue_mouse_0,source,Source scores,228,1,-18.294193267822266,9.503129005432129
gue_mouse_0,source,Source scores,229,0,6.32656192779541,-4.526880264282227
gue_mouse_0,source,Source scores,230,0,15.338762283325195,-9.029685974121094
gue_mouse_0,source,Source scores,231,0,14.203850746154785,-7.382883548736572
gue_mouse_0,source,Source scores,232,1,-8.748421669006348,11.20925521850586
gue_mouse_0,source,Source scores,233,0,12.9915771484375,-2.372040271759033
gue_mouse_0,source,Source scores,234,0,5.36822509765625,-12.220782279968262
gue_mouse_0,source,Source scores,235,1,2.0685458183288574,-16.166513442993164
gue_mouse_0,source,Source scores,236,0,18.023784637451172,-0.07327502965927124
gue_mouse_0,source,Source scores,237,1,-9.031990051269531,8.116508483886719
gue_mouse_0,source,Source scores,238,1,-20.21856117248535,9.720466613769531
gue_mouse_0,source,Source scores,239,0,6.298249244689941,10.513736724853516
gue_mouse_0,source,Source scores,240,0,-3.1359548568725586,-5.424478530883789
gue_mouse_0,source,Source scores,241,0,19.6207218170166,-7.113872051239014
gue_mouse_0,source,Source scores,242,1,-12.235382080078125,15.08020305633545
gue_mouse_0,source,Source scores,243,0,13.051546096801758,-10.77572250366211
gue_mouse_0,source,Source scores,244,1,-22.200281143188477,11.92618179321289
gue_mouse_0,source,Source scores,245,1,-17.47928237915039,0.32789140939712524
gue_mouse_0,source,Source scores,246,1,-22.263561248779297,9.342617988586426
gue_mouse_0,source,Source scores,247,1,-6.4044623374938965,15.58244514465332
gue_mouse_0,source,Source scores,248,1,16.514375686645508,1.9356918334960938
gue_mouse_0,source,Source scores,249,0,-0.9230554699897766,-13.36182689666748
gue_mouse_0,source,Source scores,250,1,-24.36858558654785,10.982769966125488
gue_mouse_0,source,Source scores,251,0,12.238256454467773,-7.5227203369140625
gue_mouse_0,source,Source scores,252,0,4.714552402496338,-12.510293006896973
gue_mouse_0,source,Source scores,253,1,-21.805374145507812,2.4754600524902344
gue_mouse_0,source,Source scores,254,1,0.9972667694091797,4.906864166259766
gue_mouse_0,source,Source scores,255,0,-0.043474968522787094,-14.530598640441895
gue_mouse_0,source,Source scores,256,0,1.844018816947937,-9.203363418579102
gue_mouse_0,source,Source scores,257,0,7.682089328765869,-13.578803062438965
gue_mouse_0,source,Source scores,258,0,1.3681594133377075,-12.472156524658203
gue_mouse_0,source,Source scores,259,1,-14.331083297729492,6.2925333976745605
gue_mouse_0,source,Source scores,260,0,11.769420623779297,-14.517633438110352
gue_mouse_0,source,Source scores,261,1,-17.578136444091797,15.75506591796875
gue_mouse_0,source,Source scores,262,1,20.290843963623047,-6.517178535461426
gue_mouse_0,source,Source scores,263,1,-14.068242073059082,2.8235607147216797
gue_mouse_0,source,Source scores,264,1,-25.448566436767578,4.561046600341797
gue_mouse_0,source,Source scores,265,1,13.053617477416992,-18.18212890625
gue_mouse_0,source,Source scores,266,0,14.10645580291748,-4.307994365692139
gue_mouse_0,source,Source scores,267,1,-18.190855026245117,10.140347480773926
gue_mouse_0,source,Source scores,268,0,13.814621925354004,-13.189421653747559
gue_mouse_0,source,Source scores,269,0,-13.117100715637207,15.733105659484863
gue_mouse_0,source,Source scores,270,0,20.27263832092285,-10.50167465209961
gue_mouse_0,source,Source scores,271,0,10.92015552520752,-12.835204124450684
gue_mouse_0,source,Source scores,272,0,17.432680130004883,-16.109540939331055
gue_mouse_0,source,Source scores,273,0,3.8319811820983887,-12.858407020568848
gue_mouse_0,source,Source scores,274,1,-16.785709381103516,8.971924781799316
gue_mouse_0,source,Source scores,275,0,6.475146770477295,0.7140871286392212
gue_mouse_0,source,Source scores,276,0,2.531916379928589,7.374429702758789
gue_mouse_0,source,Source scores,277,1,-23.390724182128906,10.54721736907959
gue_mouse_0,source,Source scores,278,1,17.828889846801758,-13.409690856933594
gue_mouse_0,source,Source scores,279,1,15.386956214904785,-7.539246082305908
gue_mouse_0,source,Source scores,280,0,-17.560626983642578,9.431611061096191
gue_mouse_0,source,Source scores,281,1,-2.5593361854553223,15.683774948120117
gue_mouse_0,source,Source scores,282,0,14.502228736877441,0.004372551571577787
gue_mouse_0,source,Source scores,283,1,-11.26038932800293,9.655460357666016
gue_mouse_0,source,Source scores,284,0,10.0288724899292,-12.522567749023438
gue_mouse_0,source,Source scores,285,1,-10.580158233642578,13.481120109558105
gue_mouse_0,source,Source scores,286,0,15.622666358947754,-11.634963035583496
gue_mouse_0,source,Source scores,287,1,-19.64202880859375,2.4397268295288086
gue_mouse_0,source,Source scores,288,1,-12.377119064331055,-0.2526203989982605
gue_mouse_0,source,Source scores,289,0,3.8513431549072266,-11.502443313598633
gue_mouse_0,source,Source scores,290,0,17.632568359375,-3.3971140384674072
gue_mouse_0,source,Source scores,291,0,-21.61444091796875,1.4487162828445435
gue_mouse_0,source,Source scores,292,0,1.6562336683273315,-14.84873104095459
gue_mouse_0,source,Source scores,293,0,16.43879508972168,-3.3734207153320312
gue_mouse_0,source,Source scores,294,1,-19.156808853149414,9.293906211853027
gue_mouse_0,source,Source scores,295,1,-12.26396369934082,4.332058429718018
gue_mouse_0,source,Source scores,296,0,-24.72593116760254,6.367467880249023
gue_mouse_0,source,Source scores,297,1,-4.344598770141602,17.516847610473633
gue_mouse_0,source,Source scores,298,0,-17.35420036315918,4.362436294555664
gue_mouse_0,source,Source scores,299,1,-5.583133220672607,2.019737720489502
gue_mouse_0,source,Source scores,300,1,-17.357250213623047,10.839090347290039
gue_mouse_0,source,Source scores,301,1,-18.76400375366211,8.212932586669922
gue_mouse_0,source,Source scores,302,0,9.796975135803223,-4.900339126586914
gue_mouse_0,source,Source scores,303,0,20.994966506958008,-12.82701587677002
gue_mouse_0,source,Source scores,304,1,6.942996501922607,-3.9237008094787598
gue_mouse_0,source,Source scores,305,0,18.051694869995117,-8.136332511901855
gue_mouse_0,source,Source scores,306,1,7.790607929229736,-15.221963882446289
gue_mouse_0,source,Source scores,307,1,-5.985939979553223,12.07864761352539
gue_mouse_0,source,Source scores,308,0,-18.295896530151367,3.644345998764038
gue_mouse_0,source,Source scores,309,1,13.365571022033691,-9.036908149719238
gue_mouse_0,source,Source scores,310,1,-9.900169372558594,16.978525161743164
gue_mouse_0,source,Source scores,311,0,-2.87664532661438,3.7182977199554443
gue_mouse_0,source,Source scores,312,0,10.84044361114502,-18.63428497314453
gue_mouse_0,source,Source scores,313,1,-16.51694107055664,16.656309127807617
gue_mouse_0,source,Source scores,314,1,-19.24183464050293,12.329248428344727
gue_mouse_0,source,Source scores,315,1,-4.102779388427734,12.78179931640625
gue_mouse_0,source,Source scores,316,0,15.900067329406738,-4.86179780960083
gue_mouse_0,source,Source scores,317,1,-6.731032848358154,18.891395568847656
gue_mouse_0,source,Source scores,318,0,-2.8926894664764404,-4.3934855461120605
gue_mouse_0,source,Source scores,319,1,-12.503263473510742,11.544681549072266
gue_mouse_0,source,Source scores,320,0,0.5435649752616882,-17.257898330688477
gue_mouse_0,source,Source scores,321,0,18.070703506469727,-7.474339008331299
gue_mouse_0,source,Source scores,322,1,-19.857906341552734,5.895133018493652
gue_mouse_0,source,Source scores,323,1,-15.28879451751709,12.80504035949707
gue_mouse_0,source,Source scores,324,0,15.416901588439941,-9.598867416381836
gue_mouse_0,source,Source scores,325,1,-19.818933486938477,8.340620994567871
gue_mouse_0,source,Source scores,326,1,1.2461234331130981,3.2429285049438477
gue_mouse_0,source,Source scores,327,0,9.75446891784668,-14.235289573669434
gue_mouse_0,source,Source scores,328,0,9.067840576171875,-10.624011039733887
gue_mouse_0,source,Source scores,329,1,-12.622222900390625,4.423941612243652
gue_mouse_0,source,Source scores,330,0,13.946887969970703,-14.186456680297852
gue_mouse_0,source,Source scores,331,0,8.108201026916504,-1.7867090702056885
gue_mouse_0,source,Source scores,332,1,-1.2126504182815552,15.640242576599121
gue_mouse_0,source,Source scores,333,0,5.990760326385498,-12.09970760345459
gue_mouse_0,source,Source scores,334,0,6.613668441772461,-15.396361351013184
gue_mouse_0,source,Source scores,335,1,16.330678939819336,-2.3420586585998535
gue_mouse_0,source,Source scores,336,0,9.831284523010254,-7.763038158416748
gue_mouse_0,source,Source scores,337,0,-0.42011454701423645,-11.109945297241211
gue_mouse_0,source,Source scores,338,1,7.753320217132568,-19.150297164916992
gue_mouse_0,source,Source scores,339,0,-7.017673969268799,19.029233932495117
gue_mouse_0,source,Source scores,340,1,-15.042752265930176,10.333649635314941
gue_mouse_0,source,Source scores,341,1,-1.922879695892334,-14.672518730163574
gue_mouse_0,source,Source scores,342,0,-11.034643173217773,14.405778884887695
gue_mouse_0,source,Source scores,343,1,-7.076478481292725,15.640447616577148
gue_mouse_0,source,Source scores,344,0,20.768457412719727,-11.817532539367676
gue_mouse_0,source,Source scores,345,0,8.630459785461426,2.770263671875
gue_mouse_0,source,Source scores,346,1,-23.861913681030273,15.7069091796875
gue_mouse_0,source,Source scores,347,1,-19.979541778564453,3.666456937789917
gue_mouse_0,source,Source scores,348,0,21.39639663696289,-10.39467716217041
gue_mouse_0,source,Source scores,349,0,-2.4852242469787598,-6.7344560623168945
gue_mouse_0,source,Source scores,350,1,-18.50223731994629,9.298253059387207
gue_mouse_0,source,Source scores,351,0,13.669920921325684,-15.948201179504395
gue_mouse_0,source,Source scores,352,0,7.405091285705566,-19.045063018798828
gue_mouse_0,source,Source scores,353,0,15.3085298538208,-17.432933807373047
gue_mouse_0,source,Source scores,354,0,-9.565634727478027,17.592004776000977
gue_mouse_0,source,Source scores,355,1,-13.43237018585205,14.40379810333252
gue_mouse_0,source,Source scores,356,1,-15.51538372039795,19.475400924682617
gue_mouse_0,source,Source scores,357,0,10.70279312133789,-11.336167335510254
gue_mouse_0,source,Source scores,358,0,12.089642524719238,-21.373729705810547
gue_mouse_0,source,Source scores,359,0,12.172350883483887,-12.401381492614746
gue_mouse_0,source,Source scores,360,1,-15.398137092590332,5.552695274353027
gue_mouse_0,source,Source scores,361,1,-10.266229629516602,12.055924415588379
gue_mouse_0,source,Source scores,362,1,-0.40928834676742554,14.482587814331055
gue_mouse_0,source,Source scores,363,0,-14.305121421813965,13.044435501098633
gue_mouse_0,source,Source scores,364,1,3.7231647968292236,-13.235926628112793
gue_mouse_0,source,Source scores,365,1,-14.171971321105957,12.287223815917969
gue_mouse_0,source,Source scores,366,1,2.2849035263061523,12.92134952545166
gue_mouse_0,source,Source scores,367,0,11.305065155029297,-14.245455741882324
gue_mouse_0,source,Source scores,368,1,-12.988128662109375,0.409765362739563
gue_mouse_0,source,Source scores,369,0,14.892756462097168,-13.994784355163574
gue_mouse_0,source,Source scores,370,0,4.91036319732666,-14.756095886230469
gue_mouse_0,source,Source scores,371,0,5.7778215408325195,-1.7611356973648071
gue_mouse_0,source,Source scores,372,0,19.186660766601562,-2.4130547046661377
gue_mouse_0,source,Source scores,373,1,-19.735275268554688,12.239144325256348
gue_mouse_0,source,Source scores,374,0,17.332731246948242,-0.993671178817749
gue_mouse_0,source,Source scores,375,0,-12.730842590332031,5.998405456542969
gue_mouse_0,source,Source scores,376,0,-20.768268585205078,14.545541763305664
gue_mouse_0,source,Source scores,377,1,5.722736835479736,3.7360429763793945
gue_mouse_0,source,Source scores,378,1,-7.956775665283203,14.890728950500488
gue_mouse_0,source,Source scores,379,1,-16.152528762817383,18.17237091064453
gue_mouse_0,source,Source scores,380,1,-18.187389373779297,7.854955196380615
gue_mouse_0,source,Source scores,381,1,-14.710738182067871,10.68787956237793
gue_mouse_0,source,Source scores,382,1,0.2591782212257385,-16.805849075317383
gue_mouse_0,source,Source scores,383,0,9.403481483459473,-8.295345306396484
gue_mouse_0,source,Source scores,384,0,14.399323463439941,-2.6750240325927734
gue_mouse_0,source,Source scores,385,1,6.396270751953125,-12.762028694152832
gue_mouse_0,source,Source scores,386,0,11.980650901794434,-5.691139221191406
gue_mouse_0,source,Source scores,387,0,18.47657585144043,-15.434771537780762
gue_mouse_0,source,Source scores,388,0,12.236579895019531,-14.566137313842773
gue_mouse_0,source,Source scores,389,0,19.404376983642578,-8.835517883300781
gue_mouse_0,source,Source scores,390,1,20.659400939941406,1.5026627779006958
gue_mouse_0,source,Source scores,391,0,12.979294776916504,-13.785505294799805
gue_mouse_0,source,Source scores,392,0,12.247565269470215,-5.0787224769592285
gue_mouse_0,source,Source scores,393,1,-1.4983447790145874,1.7183860540390015
gue_mouse_0,source,Source scores,394,0,-3.9538276195526123,-3.1226279735565186
gue_mouse_0,source,Source scores,395,0,15.807642936706543,-9.926443099975586
gue_mouse_0,source,Source scores,396,1,-16.259607315063477,10.442920684814453
gue_mouse_0,source,Source scores,397,1,-1.2980717420578003,15.60173225402832
gue_mouse_0,source,Source scores,398,1,-7.2425103187561035,9.525186538696289
gue_mouse_0,source,Source scores,399,1,-12.341961860656738,12.097176551818848
gue_mouse_0,source,Source scores,400,1,-23.08539390563965,6.267342567443848
gue_mouse_0,source,Source scores,401,0,6.170684337615967,-12.297515869140625
gue_mouse_0,source,Source scores,402,1,17.49974822998047,-14.613335609436035
gue_mouse_0,source,Source scores,403,1,6.916807174682617,-5.388174533843994
gue_mouse_0,source,Source scores,404,1,-11.594864845275879,17.846147537231445
gue_mouse_0,source,Source scores,405,0,-16.054203033447266,5.4896674156188965
gue_mouse_0,source,Source scores,406,1,5.047234535217285,-14.515411376953125
gue_mouse_0,source,Source scores,407,1,-17.72207260131836,13.250328063964844
gue_mouse_0,source,Source scores,408,1,-12.86159896850586,12.426300048828125
gue_mouse_0,source,Source scores,409,1,-18.08757781982422,2.260983467102051
gue_mouse_0,source,Source scores,410,0,-4.722761154174805,-0.6602591872215271
gue_mouse_0,source,Source scores,411,1,-22.634258270263672,5.815494537353516
gue_mouse_0,source,Source scores,412,1,-17.466833114624023,4.874997138977051
gue_mouse_0,source,Source scores,413,1,14.61910629272461,-10.959639549255371
gue_mouse_0,source,Source scores,414,1,-18.760356903076172,19.733671188354492
gue_mouse_0,source,Source scores,415,1,-16.529827117919922,17.144865036010742
gue_mouse_0,source,Source scores,416,0,14.109801292419434,-2.608577251434326
gue_mouse_0,source,Source scores,417,0,14.055864334106445,3.179094076156616
gue_mouse_0,source,Source scores,418,1,-1.8431123495101929,16.22722816467285
gue_mouse_0,source,Source scores,419,1,-10.26565170288086,10.860922813415527
gue_mouse_0,source,Source scores,420,0,8.633749008178711,-12.514892578125
gue_mouse_0,source,Source scores,421,0,10.233624458312988,2.8063712120056152
gue_mouse_0,source,Source scores,422,1,9.62846565246582,6.864519119262695
gue_mouse_0,source,Source scores,423,0,16.56736183166504,0.3065359592437744
gue_mouse_0,source,Source scores,424,0,9.083564758300781,2.6531567573547363
gue_mouse_0,source,Source scores,425,0,9.721364974975586,-12.728418350219727
gue_mouse_0,source,Source scores,426,1,13.151726722717285,-3.2891921997070312
gue_mouse_0,source,Source scores,427,0,17.75331687927246,-12.652323722839355
gue_mouse_0,source,Source scores,428,0,20.28058433532715,-1.317258358001709
gue_mouse_0,source,Source scores,429,0,4.352806568145752,-5.2444329261779785
gue_mouse_0,source,Source scores,430,0,1.4954662322998047,-15.936532020568848
gue_mouse_0,source,Source scores,431,1,3.6959922313690186,6.497873306274414
gue_mouse_0,source,Source scores,432,0,1.9363535642623901,-1.4484000205993652
gue_mouse_0,source,Source scores,433,0,17.82527732849121,-1.0602413415908813
gue_mouse_0,source,Source scores,434,1,19.342538833618164,-13.924627304077148
gue_mouse_0,source,Source scores,435,1,-15.956457138061523,6.395873546600342
gue_mouse_0,source,Source scores,436,1,5.841555118560791,-17.522655487060547
gue_mouse_0,source,Source scores,437,1,-15.581758499145508,3.14780592918396
gue_mouse_0,source,Source scores,438,0,16.115196228027344,-12.981598854064941
gue_mouse_0,source,Source scores,439,1,0.16310755908489227,-14.601776123046875
gue_mouse_0,source,Source scores,440,0,12.083464622497559,-11.295312881469727
gue_mouse_0,source,Source scores,441,1,-17.390371322631836,10.202975273132324
gue_mouse_0,source,Source scores,442,1,-19.56610679626465,17.005847930908203
gue_mouse_0,source,Source scores,443,1,-19.394052505493164,11.001498222351074
gue_mouse_0,source,Source scores,444,0,22.253456115722656,-4.777677536010742
gue_mouse_0,source,Source scores,445,1,-13.286225318908691,10.890487670898438
gue_mouse_0,source,Source scores,446,0,9.878756523132324,6.203176975250244
gue_mouse_0,source,Source scores,447,0,10.965433120727539,-14.867323875427246
gue_mouse_0,source,Source scores,448,1,3.1629207134246826,-5.977194786071777
gue_mouse_0,source,Source scores,449,0,13.71423625946045,-11.759920120239258
gue_mouse_0,source,Source scores,450,1,-11.388396263122559,7.054769039154053
gue_mouse_0,source,Source scores,451,1,-22.092988967895508,5.230650424957275
gue_mouse_0,source,Source scores,452,0,12.97623348236084,-1.0417866706848145
gue_mouse_0,source,Source scores,453,0,15.290093421936035,-10.76092529296875
gue_mouse_0,source,Source scores,454,0,9.1304292678833,-17.973846435546875
gue_mouse_0,source,Source scores,455,1,-15.776576042175293,7.484631061553955
gue_mouse_0,source,Source scores,456,1,-9.045268058776855,2.4856767654418945
gue_mouse_0,source,Source scores,457,1,-22.44017219543457,12.9984130859375
gue_mouse_0,source,Source scores,458,1,-13.526511192321777,4.266202449798584
gue_mouse_0,source,Source scores,459,1,10.840065002441406,2.893127679824829
gue_mouse_0,source,Source scores,460,0,3.052103042602539,-5.8604817390441895
gue_mouse_0,source,Source scores,461,1,9.70590591430664,-17.090829849243164
gue_mouse_0,source,Source scores,462,0,13.934961318969727,-10.692203521728516
gue_mouse_0,source,Source scores,463,1,-16.422039031982422,10.994549751281738
gue_mouse_0,source,Source scores,464,0,15.963666915893555,-15.544684410095215
gue_mouse_0,source,Source scores,465,1,14.72563362121582,-14.9974365234375
gue_mouse_0,source,Source scores,466,1,17.162525177001953,-0.5163698792457581
gue_mouse_0,source,Source scores,467,1,-15.427576065063477,4.165444850921631
gue_mouse_0,source,Source scores,468,1,-24.07798194885254,16.115299224853516
gue_mouse_0,source,Source scores,469,1,-17.149446487426758,7.680403709411621
gue_mouse_0,source,Source scores,470,1,-5.060041427612305,13.403701782226562
gue_mouse_0,source,Source scores,471,1,10.532235145568848,-1.3313453197479248
gue_mouse_0,source,Source scores,472,0,14.732356071472168,-1.9197044372558594
gue_mouse_0,source,Source scores,473,0,-0.7125283479690552,16.280353546142578
gue_mouse_0,source,Source scores,474,0,-9.864418029785156,14.515666007995605
gue_mouse_0,source,Source scores,475,0,11.453360557556152,-7.179079532623291
gue_mouse_0,source,Source scores,476,1,-14.026421546936035,5.570409297943115
gue_mouse_0,source,Source scores,477,1,-15.154511451721191,12.651872634887695
gue_mouse_0,source,Source scores,478,0,14.496572494506836,-5.943831920623779
gue_mouse_0,source,Source scores,479,1,-15.522629737854004,2.1928272247314453
gue_mouse_0,source,Source scores,480,0,20.23465347290039,-15.862727165222168
gue_mouse_0,source,Source scores,481,0,3.956122398376465,-7.693170070648193
gue_mouse_0,source,Source scores,482,1,-11.35396957397461,8.763379096984863
gue_mouse_0,source,Source scores,483,0,21.131999969482422,-6.813297748565674
gue_mouse_0,source,Source scores,484,1,-0.4614414572715759,-11.122292518615723
gue_mouse_0,source,Source scores,485,0,10.827216148376465,-8.630415916442871
gue_mouse_0,source,Source scores,486,1,-16.6131649017334,11.648269653320312
gue_mouse_0,source,Source scores,487,1,11.784363746643066,3.586184501647949
gue_mouse_0,source,Source scores,488,0,10.140068054199219,-10.366878509521484
gue_mouse_0,source,Source scores,489,1,-13.012786865234375,13.68124008178711
gue_mouse_0,source,Source scores,490,0,6.088773250579834,-9.535825729370117
gue_mouse_0,source,Source scores,491,1,-11.791674613952637,8.916759490966797
gue_mouse_0,source,Source scores,492,0,-25.720521926879883,4.582376480102539
gue_mouse_0,source,Source scores,493,1,-19.167818069458008,9.797322273254395
gue_mouse_0,source,Source scores,494,1,-18.67555046081543,16.002338409423828
gue_mouse_0,source,Source scores,495,1,-4.669361114501953,7.164477348327637
gue_mouse_0,source,Source scores,496,0,-7.896326541900635,1.3919363021850586
gue_mouse_0,source,Source scores,497,1,-19.81097984313965,7.109123229980469
gue_mouse_0,source,Source scores,498,1,18.873964309692383,-12.140179634094238
gue_mouse_0,source,Source scores,499,0,21.333053588867188,-14.312286376953125
gue_mouse_0,source,Source scores,500,1,-20.299278259277344,2.6452975273132324
gue_mouse_0,source,Source scores,501,1,5.074621200561523,-1.4890618324279785
gue_mouse_0,source,Source scores,502,1,-17.468490600585938,7.400736331939697
gue_mouse_0,source,Source scores,503,1,21.291311264038086,-4.709142684936523
gue_mouse_0,source,Source scores,504,1,-15.506274223327637,10.920315742492676
gue_mouse_0,source,Source scores,505,1,-25.004724502563477,9.42044448852539
gue_mouse_0,source,Source scores,506,0,-3.913618803024292,9.969593048095703
gue_mouse_0,source,Source scores,507,0,-16.966188430786133,12.261137962341309
gue_mouse_0,source,Source scores,508,1,-12.314332962036133,14.046442985534668
gue_mouse_0,source,Source scores,509,0,-7.887152194976807,-1.8714687824249268
gue_mouse_0,source,Source scores,510,0,12.844220161437988,-11.781928062438965
gue_mouse_0,source,Source scores,511,0,9.18032169342041,-8.893458366394043
gue_mouse_0,source,Source scores,512,1,-12.959632873535156,16.413087844848633
gue_mouse_0,source,Source scores,513,0,2.738662004470825,0.3385879695415497
gue_mouse_0,source,Source scores,514,0,16.14904022216797,-9.119882583618164
gue_mouse_0,source,Source scores,515,1,20.102622985839844,-10.145362854003906
gue_mouse_0,source,Source scores,516,0,10.210931777954102,1.3012003898620605
gue_mouse_0,source,Source scores,517,1,-18.767404556274414,5.025938987731934
gue_mouse_0,source,Source scores,518,1,2.1438100337982178,-7.670048713684082
gue_mouse_0,source,Source scores,519,0,3.019144296646118,7.091688632965088
gue_mouse_0,source,Source scores,520,0,18.071443557739258,-10.102726936340332
gue_mouse_0,source,Source scores,521,0,6.310617446899414,-13.369443893432617
gue_mouse_0,source,Source scores,522,0,-17.76632308959961,4.996427059173584
gue_mouse_0,source,Source scores,523,0,19.00461769104004,-1.0207781791687012
gue_mouse_0,source,Source scores,524,0,-19.73217010498047,7.355175971984863
gue_mouse_0,source,Source scores,525,1,-14.08726978302002,19.037851333618164
gue_mouse_0,source,Source scores,526,0,15.785990715026855,-6.256833553314209
gue_mouse_0,source,Source scores,527,1,-19.75628662109375,12.93822956085205
gue_mouse_0,source,Source scores,528,0,12.78252124786377,-14.750777244567871
gue_mouse_0,source,Source scores,529,1,-6.1319684982299805,15.224885940551758
gue_mouse_0,source,Source scores,530,0,-14.00753116607666,-0.7303122282028198
gue_mouse_0,source,Source scores,531,0,16.37450408935547,-14.481081008911133
gue_mouse_0,source,Source scores,532,1,-4.732375621795654,8.469437599182129
gue_mouse_0,source,Source scores,533,1,2.882075071334839,5.123748779296875
gue_mouse_0,source,Source scores,534,1,5.4931817054748535,7.152612686157227
gue_mouse_0,source,Source scores,535,1,-7.499366283416748,15.111623764038086
gue_mouse_0,source,Source scores,536,0,16.798974990844727,-10.4509916305542
gue_mouse_0,source,Source scores,537,0,-3.515333414077759,-5.262193202972412
gue_mouse_0,source,Source scores,538,1,-14.534975051879883,12.057496070861816
gue_mouse_0,source,Source scores,539,0,-13.960765838623047,19.338747024536133
gue_mouse_0,source,Source scores,540,0,10.17517375946045,-20.14573097229004
gue_mouse_0,source,Source scores,541,0,7.441760540008545,-17.032106399536133
gue_mouse_0,source,Source scores,542,1,-15.430938720703125,11.06895637512207
gue_mouse_0,source,Source scores,543,0,15.712443351745605,-2.5974252223968506
gue_mouse_0,source,Source scores,544,0,15.325416564941406,-8.424751281738281
gue_mouse_0,source,Source scores,545,1,-13.144299507141113,9.552457809448242
gue_mouse_0,source,Source scores,546,0,18.48137855529785,-1.9881372451782227
gue_mouse_0,source,Source scores,547,1,-11.322701454162598,0.6595647931098938
gue_mouse_0,source,Source scores,548,1,-10.829346656799316,7.938475131988525
gue_mouse_0,source,Source scores,549,1,-10.313993453979492,15.86169719696045
gue_mouse_0,source,Source scores,550,1,-14.031039237976074,18.07290267944336
gue_mouse_0,source,Source scores,551,0,11.580904960632324,-13.430037498474121
gue_mouse_0,source,Source scores,552,1,-18.41820526123047,7.704144477844238
gue_mouse_0,source,Source scores,553,1,-14.584659576416016,17.83112335205078
gue_mouse_0,source,Source scores,554,0,6.778585433959961,-14.28956127166748
gue_mouse_0,source,Source scores,555,1,3.547551155090332,-7.65065860748291
gue_mouse_0,source,Source scores,556,1,-2.641397476196289,15.665945053100586
gue_mouse_0,source,Source scores,557,0,12.972500801086426,-4.224020004272461
gue_mouse_0,source,Source scores,558,0,-15.633130073547363,15.161273002624512
gue_mouse_0,source,Source scores,559,1,-8.204439163208008,-1.8598437309265137
gue_mouse_0,source,Source scores,560,1,-6.166601657867432,7.053666591644287
gue_mouse_0,source,Source scores,561,0,21.133743286132812,-1.6595712900161743
gue_mouse_0,source,Source scores,562,1,-18.231945037841797,12.476770401000977
gue_mouse_0,source,Source scores,563,0,-4.4064483642578125,-0.2474099099636078
gue_mouse_0,source,Source scores,564,1,-21.165409088134766,11.536023139953613
gue_mouse_0,source,Source scores,565,0,19.130491256713867,-8.604391098022461
gue_mouse_0,source,Source scores,566,1,-8.239869117736816,11.992575645446777
gue_mouse_0,source,Source scores,567,1,-4.302691459655762,13.395858764648438
gue_mouse_0,source,Source scores,568,1,-19.35375213623047,17.4610652923584
gue_mouse_0,source,Source scores,569,0,4.582962512969971,-17.044715881347656
gue_mouse_0,source,Source scores,570,0,14.747817039489746,-4.166214942932129
gue_mouse_0,source,Source scores,571,1,-8.123209953308105,19.799917221069336
gue_mouse_0,source,Source scores,572,1,-12.889833450317383,2.6201634407043457
gue_mouse_0,source,Source scores,573,0,9.091204643249512,-4.320410251617432
gue_mouse_0,source,Source scores,574,0,8.436918258666992,-11.581677436828613
gue_mouse_0,source,Source scores,575,1,-7.8486809730529785,19.36263084411621
gue_mouse_0,source,Source scores,576,0,-10.52186107635498,0.014247873798012733
gue_mouse_0,source,Source scores,577,0,-1.4013482332229614,-16.589168548583984
gue_mouse_0,source,Source scores,578,1,-10.256830215454102,15.774776458740234
gue_mouse_0,source,Source scores,579,1,-19.354991912841797,7.812645435333252
gue_mouse_0,source,Source scores,580,1,-14.674044609069824,10.990769386291504
gue_mouse_0,source,Source scores,581,1,6.107138633728027,-8.550795555114746
gue_mouse_0,source,Source scores,582,1,21.749563217163086,-11.741059303283691
gue_mouse_0,source,Source scores,583,1,-22.58478546142578,4.397115230560303
gue_mouse_0,source,Source scores,584,0,16.764432907104492,-7.700654029846191
gue_mouse_0,source,Source scores,585,0,11.44250774383545,-18.997587203979492
gue_mouse_0,source,Source scores,586,1,-4.895026206970215,17.543806076049805
gue_mouse_0,source,Source scores,587,0,14.472155570983887,0.5027775764465332
gue_mouse_0,source,Source scores,588,0,7.476620197296143,-9.104403495788574
gue_mouse_0,source,Source scores,589,1,-11.393324851989746,4.112280368804932
gue_mouse_0,source,Source scores,590,0,16.97576141357422,-6.7424163818359375
gue_mouse_0,source,Source scores,591,0,9.351481437683105,-4.840001106262207
gue_mouse_0,source,Source scores,592,1,-21.188539505004883,11.54404067993164
gue_mouse_0,source,Source scores,593,0,0.7133549451828003,-7.2546491622924805
gue_mouse_0,source,Source scores,594,0,23.56588363647461,-4.001878261566162
gue_mouse_0,source,Source scores,595,1,-9.359354019165039,10.26931095123291
gue_mouse_0,source,Source scores,596,1,-22.761524200439453,3.1144347190856934
gue_mouse_0,source,Source scores,597,1,-12.147981643676758,10.032858848571777
gue_mouse_0,source,Source scores,598,0,-24.138261795043945,11.74852466583252
gue_mouse_0,source,Source scores,599,0,8.38682746887207,-8.310321807861328
gue_mouse_0,source,Source scores,600,0,18.547561645507812,-6.097552299499512
gue_mouse_0,source,Source scores,601,0,16.346776962280273,-11.097728729248047
gue_mouse_0,source,Source scores,602,0,4.111700534820557,-9.299188613891602
gue_mouse_0,source,Source scores,603,0,18.49785041809082,-10.642911911010742
gue_mouse_0,source,Source scores,604,0,-11.078439712524414,17.11234474182129
gue_mouse_0,source,Source scores,605,1,-24.83837127685547,9.419689178466797
gue_mouse_0,source,Source scores,606,1,-19.333026885986328,3.1581571102142334
gue_mouse_0,source,Source scores,607,0,8.286506652832031,3.627657413482666
gue_mouse_0,source,Source scores,608,1,-13.134142875671387,7.719793796539307
gue_mouse_0,source,Source scores,609,0,-16.820186614990234,4.602384090423584
gue_mouse_0,source,Source scores,610,1,-21.342350006103516,7.785287380218506
gue_mouse_0,source,Source scores,611,0,2.5348920822143555,-3.0977444648742676
gue_mouse_0,source,Source scores,612,1,-11.832983016967773,14.500043869018555
gue_mouse_0,source,Source scores,613,1,-17.13214874267578,11.855681419372559
gue_mouse_0,source,Source scores,614,0,-7.668965816497803,-1.9793697595596313
gue_mouse_0,source,Source scores,615,1,-11.42365837097168,15.223625183105469
gue_mouse_0,source,Source scores,616,0,1.0581705570220947,3.4356656074523926
gue_mouse_0,source,Source scores,617,1,-20.85567283630371,16.422203063964844
gue_mouse_0,source,Source scores,618,1,6.551644802093506,-19.929168701171875
gue_mouse_0,source,Source scores,619,0,-5.990566253662109,-5.544589042663574
gue_mouse_0,source,Source scores,620,0,0.28088608384132385,-6.458278179168701
gue_mouse_0,source,Source scores,621,1,-5.680046081542969,13.914155006408691
gue_mouse_0,source,Source scores,622,0,5.925675392150879,-4.689324378967285
gue_mouse_0,source,Source scores,623,0,13.980143547058105,-0.13406065106391907
gue_mouse_0,source,Source scores,624,0,9.008633613586426,-15.485595703125
gue_mouse_0,source,Source scores,625,0,0.27426356077194214,4.941523551940918
gue_mouse_0,source,Source scores,626,0,14.89326286315918,-10.276005744934082
gue_mouse_0,source,Source scores,627,0,9.826160430908203,4.6161208152771
gue_mouse_0,source,Source scores,628,0,-2.172330141067505,-7.107839107513428
gue_mouse_0,source,Source scores,629,1,-12.3463773727417,4.306443214416504
gue_mouse_0,source,Source scores,630,0,10.408339500427246,-7.772483825683594
gue_mouse_0,source,Source scores,631,1,-9.405485153198242,7.913854122161865
gue_mouse_0,source,Source scores,632,1,-6.064590930938721,16.543468475341797
gue_mouse_0,source,Source scores,633,0,12.627087593078613,-10.151846885681152
gue_mouse_0,source,Source scores,634,0,9.5851469039917,-14.101101875305176
gue_mouse_0,source,Source scores,635,1,-13.453540802001953,16.019933700561523
gue_mouse_0,source,Source scores,636,0,17.88235855102539,-8.379410743713379
gue_mouse_0,source,Source scores,637,0,3.3290350437164307,-1.143210530281067
gue_mouse_0,source,Source scores,638,0,17.0196533203125,-5.553464412689209
gue_mouse_0,source,Source scores,639,1,10.516111373901367,-13.803444862365723
gue_mouse_0,source,Source scores,640,0,16.843202590942383,-5.035192966461182
gue_mouse_0,source,Source scores,641,1,1.2454966306686401,12.60085678100586
gue_mouse_0,source,Source scores,642,1,18.13443374633789,-1.5341131687164307
gue_mouse_0,source,Source scores,643,0,18.325777053833008,-6.646388530731201
gue_mouse_0,source,Source scores,644,0,14.388513565063477,-9.069084167480469
gue_mouse_0,source,Source scores,645,0,7.429753303527832,-2.197208881378174
gue_mouse_0,source,Source scores,646,1,-5.118597030639648,6.133471488952637
gue_mouse_0,source,Source scores,647,0,18.65511131286621,-7.850856781005859
gue_mouse_0,source,Source scores,648,1,0.3281611502170563,13.465462684631348
gue_mouse_0,source,Source scores,649,0,11.776037216186523,-17.065876007080078
gue_mouse_0,source,Source scores,650,0,-7.606688976287842,1.3466802835464478
gue_mouse_0,source,Source scores,651,1,13.099398612976074,3.0061733722686768
gue_mouse_0,source,Source scores,652,0,-10.666994094848633,19.653810501098633
gue_mouse_0,source,Source scores,653,0,11.438606262207031,-8.88083553314209
gue_mouse_0,source,Source scores,654,1,-18.33848762512207,11.595368385314941
gue_mouse_0,source,Source scores,655,1,-16.106468200683594,13.570793151855469
gue_mouse_0,source,Source scores,656,1,-21.0145263671875,11.528398513793945
gue_mouse_0,source,Source scores,657,1,1.0742155313491821,12.496922492980957
gue_mouse_0,source,Source scores,658,0,6.645020008087158,-16.97067642211914
gue_mouse_0,source,Source scores,659,1,-16.51538848876953,17.982234954833984
gue_mouse_0,source,Source scores,660,0,16.51886749267578,-1.2487093210220337
gue_mouse_0,source,Source scores,661,1,-14.334365844726562,17.854997634887695
gue_mouse_0,source,Source scores,662,0,2.1186859607696533,-5.2605814933776855
gue_mouse_0,source,Source scores,663,0,-5.222043514251709,1.1640363931655884
gue_mouse_0,source,Source scores,664,0,14.251115798950195,-5.043409824371338
gue_mouse_0,source,Source scores,665,0,-4.920863628387451,14.874215126037598
gue_mouse_0,source,Source scores,666,0,10.390279769897461,-6.5280375480651855
gue_mouse_0,source,Source scores,667,1,-23.04823875427246,3.0946383476257324
gue_mouse_0,source,Source scores,668,1,-6.494512557983398,18.30336570739746
gue_mouse_0,source,Source scores,669,1,-16.727153778076172,15.257211685180664
gue_mouse_0,source,Source scores,670,1,20.153085708618164,0.5171729326248169
gue_mouse_0,source,Source scores,671,0,10.639633178710938,-16.093212127685547
gue_mouse_0,source,Source scores,672,0,5.930999755859375,-17.216548919677734
gue_mouse_0,source,Source scores,673,1,17.5018367767334,-2.6396501064300537
gue_mouse_0,source,Source scores,674,1,-3.580498456954956,9.249933242797852
gue_mouse_0,source,Source scores,675,1,-17.16142463684082,11.281454086303711
gue_mouse_0,source,Source scores,676,0,15.604618072509766,-10.645471572875977
gue_mouse_0,source,Source scores,677,1,-16.791521072387695,9.248187065124512
gue_mouse_0,source,Source scores,678,0,6.3192901611328125,-8.021453857421875
gue_mouse_0,source,Source scores,679,0,1.1551461219787598,10.536585807800293
gue_mouse_0,source,Source scores,680,1,-15.005664825439453,13.345134735107422
gue_mouse_0,source,Source scores,681,0,-1.498414158821106,1.71261727809906
gue_mouse_0,source,Source scores,682,0,13.609602928161621,-7.597219467163086
gue_mouse_0,source,Source scores,683,1,-13.209959030151367,8.821375846862793
gue_mouse_0,source,Source scores,684,0,9.54663372039795,4.873977184295654
gue_mouse_0,source,Source scores,685,0,-2.60575532913208,1.980606198310852
gue_mouse_0,source,Source scores,686,0,-5.435324192047119,12.131311416625977
gue_mouse_0,source,Source scores,687,0,2.9402503967285156,-14.77867603302002
gue_mouse_0,source,Source scores,688,0,11.757421493530273,-19.329954147338867
gue_mouse_0,source,Source scores,689,1,5.886007785797119,10.275044441223145
gue_mouse_0,source,Source scores,690,1,7.897477149963379,-10.280962944030762
gue_mouse_0,source,Source scores,691,0,-16.708038330078125,3.3795831203460693
gue_mouse_0,source,Source scores,692,1,-18.812973022460938,10.964166641235352
gue_mouse_0,source,Source scores,693,0,10.68869686126709,-17.204336166381836
gue_mouse_0,source,Source scores,694,0,13.457945823669434,-12.985101699829102
gue_mouse_0,source,Source scores,695,1,-19.11989402770996,9.008954048156738
gue_mouse_0,source,Source scores,696,1,9.416869163513184,-6.9234418869018555
gue_mouse_0,source,Source scores,697,0,-0.3147531747817993,-3.7960140705108643
gue_mouse_0,source,Source scores,698,1,-7.364773273468018,-5.279587268829346
gue_mouse_0,source,Source scores,699,1,-10.879987716674805,11.03226375579834
gue_mouse_0,source,Source scores,700,0,17.01639175415039,-0.46784859895706177
gue_mouse_0,source,Source scores,701,0,9.716747283935547,-3.451324462890625
gue_mouse_0,source,Source scores,702,1,-7.356529235839844,14.263426780700684
gue_mouse_0,source,Source scores,703,1,-4.606821537017822,11.489874839782715
gue_mouse_0,source,Source scores,704,0,21.520755767822266,-10.613882064819336
gue_mouse_0,source,Source scores,705,0,5.304931163787842,3.185124158859253
gue_mouse_0,source,Source scores,706,0,10.862378120422363,-4.264114856719971
gue_mouse_0,source,Source scores,707,1,-16.02872657775879,10.65385913848877
gue_mouse_0,source,Source scores,708,0,5.323888778686523,3.8742432594299316
gue_mouse_0,source,Source scores,709,0,17.041494369506836,-4.467196464538574
gue_mouse_0,source,Source scores,710,1,20.871326446533203,1.6411412954330444
gue_mouse_0,source,Source scores,711,1,-14.309985160827637,5.433448791503906
gue_mouse_0,source,Source scores,712,0,9.931750297546387,2.488156318664551
gue_mouse_0,source,Source scores,713,0,-24.676963806152344,6.129671096801758
gue_mouse_0,source,Source scores,714,0,4.5367937088012695,-9.185136795043945
gue_mouse_0,source,Source scores,715,1,-13.458844184875488,10.306983947753906
gue_mouse_0,source,Source scores,716,1,0.9840876460075378,-12.167332649230957
gue_mouse_0,source,Source scores,717,0,-1.2476251125335693,-16.3739070892334
gue_mouse_0,source,Source scores,718,0,5.4662346839904785,-3.8639121055603027
gue_mouse_0,source,Source scores,719,1,0.2735217809677124,6.19584321975708
gue_mouse_0,source,Source scores,720,1,-14.031295776367188,7.295228481292725
gue_mouse_0,source,Source scores,721,1,-19.295427322387695,4.3588457107543945
gue_mouse_0,source,Source scores,722,0,3.9866955280303955,-17.264270782470703
gue_mouse_0,source,Source scores,723,0,11.687908172607422,-9.139569282531738
gue_mouse_0,source,Source scores,724,1,-13.624775886535645,-1.3894551992416382
gue_mouse_0,source,Source scores,725,1,18.27511215209961,1.1678096055984497
gue_mouse_0,source,Source scores,726,1,16.5244083404541,1.9697754383087158
gue_mouse_0,source,Source scores,727,1,-16.9638614654541,14.546414375305176
gue_mouse_0,source,Source scores,728,0,19.110761642456055,-11.445511817932129
gue_mouse_0,source,Source scores,729,0,10.948464393615723,-11.912135124206543
gue_mouse_0,source,Source scores,730,1,-4.2884840965271,6.663250923156738
gue_mouse_0,source,Source scores,731,0,0.5543229579925537,-17.3758602142334
gue_mouse_0,source,Source scores,732,1,-8.600296020507812,8.573081970214844
gue_mouse_0,source,Source scores,733,0,7.463383197784424,4.2077460289001465
gue_mouse_0,source,Source scores,734,0,15.473262786865234,-12.42247200012207
gue_mouse_0,source,Source scores,735,1,-18.866634368896484,13.3364896774292
gue_mouse_0,source,Source scores,736,0,14.867895126342773,-2.0058929920196533
gue_mouse_0,source,Source scores,737,0,16.1463565826416,-7.1987128257751465
gue_mouse_0,source,Source scores,738,1,-18.244836807250977,14.88607120513916
gue_mouse_0,source,Source scores,739,0,1.4092566967010498,9.27730941772461
gue_mouse_0,source,Source scores,740,1,-16.331748962402344,14.287606239318848
gue_mouse_0,source,Source scores,741,0,1.9783600568771362,-1.3508381843566895
gue_mouse_0,source,Source scores,742,0,4.884653568267822,-12.593001365661621
gue_mouse_0,source,Source scores,743,1,-21.273014068603516,9.790465354919434
gue_mouse_0,source,Source scores,744,1,-19.533897399902344,14.844874382019043
gue_mouse_0,source,Source scores,745,1,-12.500383377075195,10.587453842163086
gue_mouse_0,source,Source scores,746,0,15.459954261779785,-3.9328157901763916
gue_mouse_0,source,Source scores,747,0,8.804547309875488,-15.480010032653809
gue_mouse_0,source,Source scores,748,1,-9.397979736328125,11.331789016723633
gue_mouse_0,source,Source scores,749,1,-4.40606689453125,13.430591583251953
gue_mouse_0,source,Source scores,750,1,-17.19392967224121,13.120940208435059
gue_mouse_0,source,Source scores,751,0,10.581524848937988,-16.345796585083008
gue_mouse_0,source,Source scores,752,0,-6.526082515716553,3.2530925273895264
gue_mouse_0,source,Source scores,753,1,-20.11870002746582,8.155756950378418
gue_mouse_0,source,Source scores,754,1,-21.107145309448242,3.5850532054901123
gue_mouse_0,source,Source scores,755,0,2.7920334339141846,-7.544582843780518
gue_mouse_0,source,Source scores,756,0,11.81972885131836,-5.921844959259033
gue_mouse_0,source,Source scores,757,0,3.7794551849365234,-15.932307243347168
gue_mouse_0,source,Source scores,758,1,-22.067169189453125,10.837204933166504
gue_mouse_0,source,Source scores,759,1,11.890631675720215,-9.912199974060059
gue_mouse_0,source,Source scores,760,1,-9.84812068939209,6.509677410125732
gue_mouse_0,source,Source scores,761,1,8.102137565612793,-4.318717002868652
gue_mouse_0,source,Source scores,762,0,14.089689254760742,-20.300167083740234
gue_mouse_0,source,Source scores,763,0,8.585670471191406,-10.406954765319824
gue_mouse_0,source,Source scores,764,1,-16.993215560913086,8.618103981018066
gue_mouse_0,source,Source scores,765,0,-8.154751777648926,1.2794915437698364
gue_mouse_0,source,Source scores,766,0,14.729494094848633,-3.6622166633605957
gue_mouse_0,source,Source scores,767,0,-5.142442226409912,0.6815982460975647
gue_mouse_0,source,Source scores,768,1,-16.430986404418945,18.803163528442383
gue_mouse_0,source,Source scores,769,1,-23.427509307861328,7.936214923858643
gue_mouse_0,source,Source scores,770,1,-6.465747356414795,2.9267842769622803
gue_mouse_0,source,Source scores,771,1,-21.747812271118164,7.885463714599609
gue_mouse_0,source,Source scores,772,1,-8.980931282043457,6.962686538696289
gue_mouse_0,source,Source scores,773,1,-20.18280792236328,10.59894847869873
gue_mouse_0,source,Source scores,774,1,-17.265932083129883,15.030708312988281
gue_mouse_0,source,Source scores,775,0,18.734241485595703,-4.493108749389648
gue_mouse_0,source,Source scores,776,0,5.8034257888793945,1.7881073951721191
gue_mouse_0,source,Source scores,777,0,-15.432751655578613,15.438474655151367
gue_mouse_0,source,Source scores,778,1,-4.064268589019775,-5.267925262451172
gue_mouse_0,source,Source scores,779,1,5.557865619659424,-8.026118278503418
gue_mouse_0,source,Source scores,780,1,-9.127805709838867,13.464216232299805
gue_mouse_0,source,Source scores,781,1,-21.14134407043457,13.337715148925781
gue_mouse_0,source,Source scores,782,1,-19.450138092041016,14.70649528503418
gue_mouse_0,source,Source scores,783,0,5.356421947479248,-5.963602066040039
gue_mouse_0,source,Source scores,784,0,5.700318813323975,3.598045587539673
gue_mouse_0,source,Source scores,785,1,-2.450826406478882,-0.5419865250587463
gue_mouse_0,source,Source scores,786,1,-10.421158790588379,-0.06594068557024002
gue_mouse_0,source,Source scores,787,1,3.2484142780303955,-16.220502853393555
gue_mouse_0,source,Source scores,788,1,-18.789026260375977,11.778727531433105
gue_mouse_0,source,Source scores,789,1,-7.461544513702393,6.318335056304932
gue_mouse_0,source,Source scores,790,1,-14.137619972229004,8.63900089263916
gue_mouse_0,source,Source scores,791,1,-11.203204154968262,11.88133430480957
gue_mouse_0,source,Source scores,792,1,3.7923078536987305,5.377915859222412
gue_mouse_0,source,Source scores,793,0,5.52459192276001,7.056547164916992
gue_mouse_0,source,Source scores,794,0,4.725596904754639,3.3087961673736572
gue_mouse_0,source,Source scores,795,1,-7.308961391448975,12.461718559265137
gue_mouse_0,source,Source scores,796,1,8.72787857055664,-5.0359272956848145
gue_mouse_0,source,Source scores,797,0,7.703430652618408,-2.31453275680542
gue_mouse_0,source,Source scores,798,0,0.9281651377677917,-7.9893364906311035
gue_mouse_0,source,Source scores,799,0,15.122031211853027,-1.2052817344665527
gue_mouse_0,source,Source scores,800,1,5.551919460296631,6.977280139923096
gue_mouse_0,source,Source scores,801,1,-16.23396873474121,1.8625088930130005
gue_mouse_0,source,Source scores,802,1,2.0701751708984375,5.385497093200684
gue_mouse_0,source,Source scores,803,0,0.20917445421218872,-15.682066917419434
gue_mouse_0,source,Source scores,804,0,15.878116607666016,-1.7306448221206665
gue_mouse_0,source,Source scores,805,1,-18.400705337524414,10.839537620544434
gue_mouse_0,source,Source scores,806,1,-24.293746948242188,4.118149280548096
gue_mouse_0,source,Source scores,807,1,-18.11421775817871,5.409060955047607
gue_mouse_0,source,Source scores,808,0,14.049581527709961,-15.879207611083984
gue_mouse_0,source,Source scores,809,0,-6.402403831481934,-5.831883430480957
gue_mouse_0,aligned,Aligned state,0,1,-5.8056640625,3.781691551208496
gue_mouse_0,aligned,Aligned state,1,1,-1.1957062482833862,-14.016582489013672
gue_mouse_0,aligned,Aligned state,2,0,-12.435700416564941,-10.831631660461426
gue_mouse_0,aligned,Aligned state,3,0,-7.739534378051758,-14.520340919494629
gue_mouse_0,aligned,Aligned state,4,1,-8.62306022644043,-2.5965659618377686
gue_mouse_0,aligned,Aligned state,5,1,7.87881326675415,18.741527557373047
gue_mouse_0,aligned,Aligned state,6,0,-9.5661039352417,-17.451860427856445
gue_mouse_0,aligned,Aligned state,7,0,5.19020938873291,11.953714370727539
gue_mouse_0,aligned,Aligned state,8,0,-5.244851589202881,-16.68098258972168
gue_mouse_0,aligned,Aligned state,9,0,-2.46445894241333,-23.697830200195312
gue_mouse_0,aligned,Aligned state,10,1,9.343213081359863,10.93783950805664
gue_mouse_0,aligned,Aligned state,11,0,-6.317261219024658,-17.651567459106445
gue_mouse_0,aligned,Aligned state,12,0,-8.55090045928955,-17.653718948364258
gue_mouse_0,aligned,Aligned state,13,1,12.987981796264648,12.62487506866455
gue_mouse_0,aligned,Aligned state,14,1,2.36026930809021,23.981586456298828
gue_mouse_0,aligned,Aligned state,15,0,-19.02056884765625,-18.146467208862305
gue_mouse_0,aligned,Aligned state,16,0,-8.635170936584473,-13.829633712768555
gue_mouse_0,aligned,Aligned state,17,0,-11.36244010925293,-21.4401912689209
gue_mouse_0,aligned,Aligned state,18,0,-5.406676769256592,-15.97412395477295
gue_mouse_0,aligned,Aligned state,19,0,-1.3295912742614746,-21.4041690826416
gue_mouse_0,aligned,Aligned state,20,1,0.41892117261886597,-10.293009757995605
gue_mouse_0,aligned,Aligned state,21,0,-11.014107704162598,-11.439229011535645
gue_mouse_0,aligned,Aligned state,22,0,-2.142031192779541,-16.700281143188477
gue_mouse_0,aligned,Aligned state,23,0,-4.538171768188477,-10.286544799804688
gue_mouse_0,aligned,Aligned state,24,1,-12.647299766540527,-18.612071990966797
gue_mouse_0,aligned,Aligned state,25,1,7.947947025299072,10.229620933532715
gue_mouse_0,aligned,Aligned state,26,1,-15.75750732421875,-8.531018257141113
gue_mouse_0,aligned,Aligned state,27,1,10.496180534362793,8.49201488494873
gue_mouse_0,aligned,Aligned state,28,0,-13.098705291748047,-17.60842514038086
gue_mouse_0,aligned,Aligned state,29,0,-13.121133804321289,-15.591647148132324
gue_mouse_0,aligned,Aligned state,30,1,12.457135200500488,15.422395706176758
gue_mouse_0,aligned,Aligned state,31,0,-3.978203296661377,-16.87521743774414
gue_mouse_0,aligned,Aligned state,32,0,-10.866386413574219,-17.841228485107422
gue_mouse_0,aligned,Aligned state,33,1,-0.02763439528644085,24.439796447753906
gue_mouse_0,aligned,Aligned state,34,0,-1.9327973127365112,-4.835079669952393
gue_mouse_0,aligned,Aligned state,35,1,20.414382934570312,12.482930183410645
gue_mouse_0,aligned,Aligned state,36,1,-0.5343049764633179,21.882043838500977
gue_mouse_0,aligned,Aligned state,37,1,-3.024778366088867,-15.642864227294922
gue_mouse_0,aligned,Aligned state,38,0,-5.602540969848633,-21.020442962646484
gue_mouse_0,aligned,Aligned state,39,1,11.41112232208252,9.423068046569824
gue_mouse_0,aligned,Aligned state,40,0,-2.7089896202087402,-8.67945671081543
gue_mouse_0,aligned,Aligned state,41,0,-6.950773239135742,-9.970982551574707
gue_mouse_0,aligned,Aligned state,42,0,8.814817428588867,4.556199073791504
gue_mouse_0,aligned,Aligned state,43,1,5.8483147621154785,7.409154415130615
gue_mouse_0,aligned,Aligned state,44,1,-0.6005930304527283,-16.057710647583008
gue_mouse_0,aligned,Aligned state,45,1,2.9879250526428223,-16.450761795043945
gue_mouse_0,aligned,Aligned state,46,0,-19.075950622558594,-10.155885696411133
gue_mouse_0,aligned,Aligned state,47,0,-9.912979125976562,-3.4626519680023193
gue_mouse_0,aligned,Aligned state,48,1,1.6360570192337036,-21.354833602905273
gue_mouse_0,aligned,Aligned state,49,0,-1.2597627639770508,-15.910454750061035
gue_mouse_0,aligned,Aligned state,50,0,-2.916806221008301,-10.619789123535156
gue_mouse_0,aligned,Aligned state,51,0,-10.500736236572266,1.1309750080108643
gue_mouse_0,aligned,Aligned state,52,0,-13.823521614074707,-7.371333599090576
gue_mouse_0,aligned,Aligned state,53,0,-15.25429916381836,-7.5700225830078125
gue_mouse_0,aligned,Aligned state,54,0,-1.9862196445465088,1.4532055854797363
gue_mouse_0,aligned,Aligned state,55,1,3.0931084156036377,1.1621016263961792
gue_mouse_0,aligned,Aligned state,56,0,-6.865848064422607,-24.499399185180664
gue_mouse_0,aligned,Aligned state,57,0,-9.892791748046875,-19.88516616821289
gue_mouse_0,aligned,Aligned state,58,1,-2.680448532104492,18.388519287109375
gue_mouse_0,aligned,Aligned state,59,0,-7.531964302062988,-12.372537612915039
gue_mouse_0,aligned,Aligned state,60,0,-8.669569969177246,-25.436349868774414
gue_mouse_0,aligned,Aligned state,61,1,-1.2456222772598267,13.688121795654297
gue_mouse_0,aligned,Aligned state,62,0,-6.234287738800049,-21.262779235839844
gue_mouse_0,aligned,Aligned state,63,1,8.253268241882324,18.733631134033203
gue_mouse_0,aligned,Aligned state,64,1,13.989072799682617,6.352982997894287
gue_mouse_0,aligned,Aligned state,65,0,-9.410801887512207,-12.429756164550781
gue_mouse_0,aligned,Aligned state,66,1,9.054683685302734,15.712102890014648
gue_mouse_0,aligned,Aligned state,67,1,1.4769682884216309,23.285884857177734
gue_mouse_0,aligned,Aligned state,68,0,-3.7638678550720215,-15.025754928588867
gue_mouse_0,aligned,Aligned state,69,0,18.463668823242188,10.846742630004883
gue_mouse_0,aligned,Aligned state,70,1,0.6780621409416199,22.329593658447266
gue_mouse_0,aligned,Aligned state,71,0,-5.0809454917907715,12.577951431274414
gue_mouse_0,aligned,Aligned state,72,1,-1.3456231355667114,11.868027687072754
gue_mouse_0,aligned,Aligned state,73,0,0.49287092685699463,-7.087191581726074
gue_mouse_0,aligned,Aligned state,74,0,-4.6835737228393555,-14.082276344299316
gue_mouse_0,aligned,Aligned state,75,1,0.09793298691511154,18.191457748413086
gue_mouse_0,aligned,Aligned state,76,0,-10.437173843383789,-11.467281341552734
gue_mouse_0,aligned,Aligned state,77,1,-3.756019115447998,15.131292343139648
gue_mouse_0,aligned,Aligned state,78,1,5.3515424728393555,-1.5482721328735352
gue_mouse_0,aligned,Aligned state,79,1,0.03070165030658245,20.48212432861328
gue_mouse_0,aligned,Aligned state,80,1,-6.9425835609436035,16.44144630432129
gue_mouse_0,aligned,Aligned state,81,1,14.886859893798828,13.93507194519043
gue_mouse_0,aligned,Aligned state,82,0,-10.168478012084961,-23.154184341430664
gue_mouse_0,aligned,Aligned state,83,0,6.036406993865967,18.225839614868164
gue_mouse_0,aligned,Aligned state,84,1,-1.5685268640518188,-2.541029930114746
gue_mouse_0,aligned,Aligned state,85,1,11.100967407226562,14.002891540527344
gue_mouse_0,aligned,Aligned state,86,1,10.017163276672363,17.254199981689453
gue_mouse_0,aligned,Aligned state,87,1,-17.06472396850586,-20.994701385498047
gue_mouse_0,aligned,Aligned state,88,1,6.743570327758789,20.341968536376953
gue_mouse_0,aligned,Aligned state,89,0,-2.365525007247925,-15.40217113494873
gue_mouse_0,aligned,Aligned state,90,1,2.3583788871765137,19.269933700561523
gue_mouse_0,aligned,Aligned state,91,1,3.70931339263916,17.086334228515625
gue_mouse_0,aligned,Aligned state,92,0,-3.492645025253296,-15.372109413146973
gue_mouse_0,aligned,Aligned state,93,0,-16.178096771240234,-6.584407329559326
gue_mouse_0,aligned,Aligned state,94,1,10.41565990447998,8.115286827087402
gue_mouse_0,aligned,Aligned state,95,1,-7.705116271972656,0.7750086784362793
gue_mouse_0,aligned,Aligned state,96,0,-6.744175910949707,-11.752382278442383
gue_mouse_0,aligned,Aligned state,97,0,-0.7815579175949097,-14.188921928405762
gue_mouse_0,aligned,Aligned state,98,1,-3.8659756183624268,20.49567413330078
gue_mouse_0,aligned,Aligned state,99,0,-2.940275192260742,-8.695481300354004
gue_mouse_0,aligned,Aligned state,100,1,2.0403811931610107,-4.048360824584961
gue_mouse_0,aligned,Aligned state,101,1,15.570503234863281,21.743425369262695
gue_mouse_0,aligned,Aligned state,102,1,13.999872207641602,20.527557373046875
gue_mouse_0,aligned,Aligned state,103,1,-17.381145477294922,-17.15869903564453
gue_mouse_0,aligned,Aligned state,104,0,-3.8928937911987305,3.60558819770813
gue_mouse_0,aligned,Aligned state,105,1,4.851303577423096,19.67958641052246
gue_mouse_0,aligned,Aligned state,106,1,7.398144245147705,24.061412811279297
gue_mouse_0,aligned,Aligned state,107,1,13.476822853088379,21.67329978942871
gue_mouse_0,aligned,Aligned state,108,0,-5.5489020347595215,-25.386287689208984
gue_mouse_0,aligned,Aligned state,109,0,-2.4801199436187744,-18.694978713989258
gue_mouse_0,aligned,Aligned state,110,0,-6.096048355102539,-13.35922908782959
gue_mouse_0,aligned,Aligned state,111,0,-0.22152763605117798,0.8547420501708984
gue_mouse_0,aligned,Aligned state,112,1,13.721169471740723,13.9025239944458
gue_mouse_0,aligned,Aligned state,113,0,-2.1616857051849365,-14.728469848632812
gue_mouse_0,aligned,Aligned state,114,1,14.579930305480957,6.197117328643799
gue_mouse_0,aligned,Aligned state,115,0,-11.129096031188965,-14.41541862487793
gue_mouse_0,aligned,Aligned state,116,1,-13.151215553283691,-12.138137817382812
gue_mouse_0,aligned,Aligned state,117,0,16.44124984741211,12.960150718688965
gue_mouse_0,aligned,Aligned state,118,1,15.079691886901855,16.779741287231445
gue_mouse_0,aligned,Aligned state,119,1,11.782703399658203,7.428714275360107
gue_mouse_0,aligned,Aligned state,120,1,3.89568829536438,23.385784149169922
gue_mouse_0,aligned,Aligned state,121,0,4.445315837860107,5.318267822265625
gue_mouse_0,aligned,Aligned state,122,0,3.165391206741333,-0.026367658749222755
gue_mouse_0,aligned,Aligned state,123,1,14.965539932250977,8.614058494567871
gue_mouse_0,aligned,Aligned state,124,0,0.5316742658615112,19.24850082397461
gue_mouse_0,aligned,Aligned state,125,0,18.900550842285156,8.563142776489258
gue_mouse_0,aligned,Aligned state,126,1,-2.897557497024536,-20.5851993560791
gue_mouse_0,aligned,Aligned state,127,0,-4.0035481452941895,-20.727439880371094
gue_mouse_0,aligned,Aligned state,128,1,-14.367972373962402,0.2741544246673584
gue_mouse_0,aligned,Aligned state,129,0,-16.54974937438965,-11.088310241699219
gue_mouse_0,aligned,Aligned state,130,1,8.815691947937012,14.558625221252441
gue_mouse_0,aligned,Aligned state,131,1,-15.686196327209473,-9.160820960998535
gue_mouse_0,aligned,Aligned state,132,0,5.112717628479004,-12.043850898742676
gue_mouse_0,aligned,Aligned state,133,1,-17.737855911254883,-9.413895606994629
gue_mouse_0,aligned,Aligned state,134,0,-10.940982818603516,0.13994942605495453
gue_mouse_0,aligned,Aligned state,135,1,-13.135315895080566,-19.914634704589844
gue_mouse_0,aligned,Aligned state,136,1,10.94179916381836,16.783679962158203
gue_mouse_0,aligned,Aligned state,137,1,18.858449935913086,8.536900520324707
gue_mouse_0,aligned,Aligned state,138,1,-12.151047706604004,-8.045578002929688
gue_mouse_0,aligned,Aligned state,139,0,-4.74668025970459,-18.642852783203125
gue_mouse_0,aligned,Aligned state,140,1,1.9515445232391357,20.00542640686035
gue_mouse_0,aligned,Aligned state,141,1,8.436288833618164,16.845993041992188
gue_mouse_0,aligned,Aligned state,142,1,-0.6441887617111206,-15.202019691467285
gue_mouse_0,aligned,Aligned state,143,1,-4.030595779418945,-16.894123077392578
gue_mouse_0,aligned,Aligned state,144,1,15.266286849975586,20.1038818359375
gue_mouse_0,aligned,Aligned state,145,0,-13.761141777038574,-11.356267929077148
gue_mouse_0,aligned,Aligned state,146,0,-13.177690505981445,-22.8046875
gue_mouse_0,aligned,Aligned state,147,1,10.164073944091797,13.163836479187012
gue_mouse_0,aligned,Aligned state,148,1,-11.41224479675293,0.1549743264913559
gue_mouse_0,aligned,Aligned state,149,0,-7.362957000732422,4.764819145202637
gue_mouse_0,aligned,Aligned state,150,1,7.403595924377441,12.80051040649414
gue_mouse_0,aligned,Aligned state,151,0,-4.39370059967041,-15.857603073120117
gue_mouse_0,aligned,Aligned state,152,0,-6.108150005340576,-10.2633695602417
gue_mouse_0,aligned,Aligned state,153,0,10.333688735961914,19.641942977905273
gue_mouse_0,aligned,Aligned state,154,1,5.011532783508301,19.55693244934082
gue_mouse_0,aligned,Aligned state,155,0,-2.777947187423706,-10.754734992980957
gue_mouse_0,aligned,Aligned state,156,1,7.975670337677002,15.57367992401123
gue_mouse_0,aligned,Aligned state,157,1,6.120848178863525,16.590572357177734
gue_mouse_0,aligned,Aligned state,158,0,-11.224984169006348,-17.625913619995117
gue_mouse_0,aligned,Aligned state,159,0,-2.7842023372650146,15.365704536437988
gue_mouse_0,aligned,Aligned state,160,0,-9.956253051757812,-19.42477035522461
gue_mouse_0,aligned,Aligned state,161,0,4.017458915710449,13.075570106506348
gue_mouse_0,aligned,Aligned state,162,0,-2.701455593109131,-21.259174346923828
gue_mouse_0,aligned,Aligned state,163,1,3.604519844055176,-14.875295639038086
gue_mouse_0,aligned,Aligned state,164,1,11.253955841064453,18.633689880371094
gue_mouse_0,aligned,Aligned state,165,0,5.784334182739258,-7.403529167175293
gue_mouse_0,aligned,Aligned state,166,1,14.761048316955566,8.790420532226562
gue_mouse_0,aligned,Aligned state,167,1,4.528124809265137,-16.060678482055664
gue_mouse_0,aligned,Aligned state,168,0,-1.5815789699554443,-4.876617908477783
gue_mouse_0,aligned,Aligned state,169,0,-13.99803638458252,-11.172471046447754
gue_mouse_0,aligned,Aligned state,170,0,-8.399531364440918,-13.22004508972168
gue_mouse_0,aligned,Aligned state,171,0,-6.494309425354004,16.129907608032227
gue_mouse_0,aligned,Aligned state,172,1,4.4617743492126465,17.137252807617188
gue_mouse_0,aligned,Aligned state,173,0,-16.93290901184082,-13.26134204864502
gue_mouse_0,aligned,Aligned state,174,1,3.478367805480957,18.355792999267578
gue_mouse_0,aligned,Aligned state,175,0,-12.437912940979004,-14.23246955871582
gue_mouse_0,aligned,Aligned state,176,1,19.080968856811523,12.05069351196289
gue_mouse_0,aligned,Aligned state,177,1,4.544899940490723,10.59979248046875
gue_mouse_0,aligned,Aligned state,178,0,-5.509299278259277,-24.759498596191406
gue_mouse_0,aligned,Aligned state,179,1,1.2246791124343872,18.07139015197754
gue_mouse_0,aligned,Aligned state,180,1,1.1557512283325195,16.640439987182617
gue_mouse_0,aligned,Aligned state,181,1,3.848646879196167,24.061216354370117
gue_mouse_0,aligned,Aligned state,182,0,-18.02462387084961,-11.41843032836914
gue_mouse_0,aligned,Aligned state,183,1,5.197201251983643,-15.244611740112305
gue_mouse_0,aligned,Aligned state,184,0,7.493038654327393,0.5152922868728638
gue_mouse_0,aligned,Aligned state,185,0,-2.3748667240142822,-19.103208541870117
gue_mouse_0,aligned,Aligned state,186,0,-13.13956069946289,-23.989582061767578
gue_mouse_0,aligned,Aligned state,187,0,-5.641669750213623,-17.397268295288086
gue_mouse_0,aligned,Aligned state,188,0,-5.2354254722595215,-12.585723876953125
gue_mouse_0,aligned,Aligned state,189,1,4.05523157119751,-12.302165985107422
gue_mouse_0,aligned,Aligned state,190,1,12.715750694274902,13.220428466796875
gue_mouse_0,aligned,Aligned state,191,0,-5.743041515350342,14.264307022094727
gue_mouse_0,aligned,Aligned state,192,0,-8.694328308105469,-8.225234031677246
gue_mouse_0,aligned,Aligned state,193,0,-9.950092315673828,-23.00654411315918
gue_mouse_0,aligned,Aligned state,194,1,7.827300071716309,22.260738372802734
gue_mouse_0,aligned,Aligned state,195,1,10.94137954711914,15.681941986083984
gue_mouse_0,aligned,Aligned state,196,0,5.497112274169922,-2.804093837738037
gue_mouse_0,aligned,Aligned state,197,0,-14.294007301330566,-20.313600540161133
gue_mouse_0,aligned,Aligned state,198,1,-1.3950753211975098,18.55023956298828
gue_mouse_0,aligned,Aligned state,199,0,-12.347305297851562,-12.70934772491455
gue_mouse_0,aligned,Aligned state,200,1,-9.442559242248535,-13.462166786193848
gue_mouse_0,aligned,Aligned state,201,0,-8.347526550292969,-17.92440414428711
gue_mouse_0,aligned,Aligned state,202,0,-1.808172583580017,-19.65094566345215
gue_mouse_0,aligned,Aligned state,203,0,-13.178618431091309,-24.122583389282227
gue_mouse_0,aligned,Aligned state,204,0,-4.3559746742248535,-10.331958770751953
gue_mouse_0,aligned,Aligned state,205,0,-8.854049682617188,-19.49205780029297
gue_mouse_0,aligned,Aligned state,206,1,-0.8551899194717407,-21.877178192138672
gue_mouse_0,aligned,Aligned state,207,0,-17.946453094482422,-19.507526397705078
gue_mouse_0,aligned,Aligned state,208,1,14.20992374420166,15.764666557312012
gue_mouse_0,aligned,Aligned state,209,0,-14.722186088562012,-15.485627174377441
gue_mouse_0,aligned,Aligned state,210,0,-8.433594703674316,-11.9168062210083
gue_mouse_0,aligned,Aligned state,211,1,7.877181053161621,19.939119338989258
gue_mouse_0,aligned,Aligned state,212,1,-1.0914440155029297,19.814746856689453
gue_mouse_0,aligned,Aligned state,213,1,-2.987656593322754,20.44964027404785
gue_mouse_0,aligned,Aligned state,214,0,5.558104038238525,-12.587410926818848
gue_mouse_0,aligned,Aligned state,215,0,-11.603681564331055,-18.777057647705078
gue_mouse_0,aligned,Aligned state,216,0,-12.414214134216309,-10.915543556213379
gue_mouse_0,aligned,Aligned state,217,1,2.8389952182769775,21.912317276000977
gue_mouse_0,aligned,Aligned state,218,1,0.9278577566146851,20.683645248413086
gue_mouse_0,aligned,Aligned state,219,1,-3.282508134841919,-14.439291954040527
gue_mouse_0,aligned,Aligned state,220,0,-0.12215603142976761,3.859833240509033
gue_mouse_0,aligned,Aligned state,221,1,12.657804489135742,17.529308319091797
gue_mouse_0,aligned,Aligned state,222,1,11.753565788269043,16.288414001464844
gue_mouse_0,aligned,Aligned state,223,0,-8.037050247192383,-21.224071502685547
gue_mouse_0,aligned,Aligned state,224,0,-13.88250732421875,-1.5195176601409912
gue_mouse_0,aligned,Aligned state,225,0,0.4870533347129822,-7.549410343170166
gue_mouse_0,aligned,Aligned state,226,1,16.77834129333496,10.181607246398926
gue_mouse_0,aligned,Aligned state,227,0,0.5610763430595398,-14.146567344665527
gue_mouse_0,aligned,Aligned state,228,1,11.730990409851074,15.929786682128906
gue_mouse_0,aligned,Aligned state,229,0,-8.207520484924316,-9.143367767333984
gue_mouse_0,aligned,Aligned state,230,0,-9.300838470458984,-17.64556884765625
gue_mouse_0,aligned,Aligned state,231,0,0.49591246247291565,-16.82319450378418
gue_mouse_0,aligned,Aligned state,232,1,-0.4139259159564972,18.756284713745117
gue_mouse_0,aligned,Aligned state,233,0,-10.519577980041504,-12.654131889343262
gue_mouse_0,aligned,Aligned state,234,0,-0.22425483167171478,-11.931195259094238
gue_mouse_0,aligned,Aligned state,235,1,4.550164699554443,-12.306921005249023
gue_mouse_0,aligned,Aligned state,236,0,-19.14727210998535,-13.883401870727539
gue_mouse_0,aligned,Aligned state,237,1,1.432793140411377,22.222497940063477
gue_mouse_0,aligned,Aligned state,238,1,14.641380310058594,17.143543243408203
gue_mouse_0,aligned,Aligned state,239,0,-0.4500407874584198,0.7785418629646301
gue_mouse_0,aligned,Aligned state,240,0,3.3193578720092773,-0.9447087645530701
gue_mouse_0,aligned,Aligned state,241,0,-14.05317211151123,-19.584516525268555
gue_mouse_0,aligned,Aligned state,242,1,3.945876359939575,16.41729736328125
gue_mouse_0,aligned,Aligned state,243,0,-6.090888500213623,-16.126676559448242
gue_mouse_0,aligned,Aligned state,244,1,16.00145721435547,17.13402557373047
gue_mouse_0,aligned,Aligned state,245,1,-1.3946387767791748,24.62018394470215
gue_mouse_0,aligned,Aligned state,246,1,10.795318603515625,14.40666675567627
gue_mouse_0,aligned,Aligned state,247,1,-0.7909534573554993,14.199700355529785
gue_mouse_0,aligned,Aligned state,248,1,-19.93043327331543,-7.368208408355713
gue_mouse_0,aligned,Aligned state,249,0,0.7507803440093994,-7.507051944732666
gue_mouse_0,aligned,Aligned state,250,1,18.19153594970703,17.796226501464844
gue_mouse_0,aligned,Aligned state,251,0,-8.963107109069824,-12.539375305175781
gue_mouse_0,aligned,Aligned state,252,0,0.0617232620716095,-11.391877174377441
gue_mouse_0,aligned,Aligned state,253,1,13.414628982543945,9.756964683532715
gue_mouse_0,aligned,Aligned state,254,1,-5.436930179595947,1.3636006116867065
gue_mouse_0,aligned,Aligned state,255,0,4.820756912231445,-9.593762397766113
gue_mouse_0,aligned,Aligned state,256,0,-3.6127138137817383,-7.924023151397705
gue_mouse_0,aligned,Aligned state,257,0,-2.3869078159332275,-12.079347610473633
gue_mouse_0,aligned,Aligned state,258,0,1.3117642402648926,-20.988323211669922
gue_mouse_0,aligned,Aligned state,259,1,6.230100631713867,11.466504096984863
gue_mouse_0,aligned,Aligned state,260,0,-4.372640609741211,-18.779218673706055
gue_mouse_0,aligned,Aligned state,261,1,9.400872230529785,21.662805557250977
gue_mouse_0,aligned,Aligned state,262,1,-14.470685005187988,-19.934694290161133
gue_mouse_0,aligned,Aligned state,263,1,9.049863815307617,8.876709938049316
gue_mouse_0,aligned,Aligned state,264,1,15.158660888671875,5.349584579467773
gue_mouse_0,aligned,Aligned state,265,1,-1.741939663887024,-24.194734573364258
gue_mouse_0,aligned,Aligned state,266,0,-12.561234474182129,-15.228384017944336
gue_mouse_0,aligned,Aligned state,267,1,12.521818161010742,16.742534637451172
gue_mouse_0,aligned,Aligned state,268,0,-7.004636764526367,-18.64349365234375
gue_mouse_0,aligned,Aligned state,269,0,5.007909774780273,14.489429473876953
gue_mouse_0,aligned,Aligned state,270,0,-12.678973197937012,-21.51495361328125
gue_mouse_0,aligned,Aligned state,271,0,-4.471309661865234,-15.869641304016113
gue_mouse_0,aligned,Aligned state,272,0,-6.9367547035217285,-22.991657257080078
gue_mouse_0,aligned,Aligned state,273,0,0.948564887046814,-10.550165176391602
gue_mouse_0,aligned,Aligned state,274,1,10.431797981262207,15.264888763427734
gue_mouse_0,aligned,Aligned state,275,0,-11.362982749938965,-5.713400363922119
gue_mouse_0,aligned,Aligned state,276,0,-8.653806686401367,2.201814651489258
gue_mouse_0,aligned,Aligned state,277,1,17.25874900817871,17.16538429260254
gue_mouse_0,aligned,Aligned state,278,1,-7.997060298919678,-22.768953323364258
gue_mouse_0,aligned,Aligned state,279,1,-9.525626182556152,-16.301002502441406
gue_mouse_0,aligned,Aligned state,280,0,11.623056411743164,15.632616996765137
gue_mouse_0,aligned,Aligned state,281,1,-4.170312404632568,10.074518203735352
gue_mouse_0,aligned,Aligned state,282,0,-18.071704864501953,-11.460185050964355
gue_mouse_0,aligned,Aligned state,283,1,2.4485199451446533,19.115171432495117
gue_mouse_0,aligned,Aligned state,284,0,-3.4906699657440186,-15.544528007507324
gue_mouse_0,aligned,Aligned state,285,1,2.6520915031433105,14.425113677978516
gue_mouse_0,aligned,Aligned state,286,0,-6.887656211853027,-19.886587142944336
gue_mouse_0,aligned,Aligned state,287,1,15.910295486450195,10.409308433532715
gue_mouse_0,aligned,Aligned state,288,1,8.744917869567871,4.652746200561523
gue_mouse_0,aligned,Aligned state,289,0,1.6978403329849243,-10.325394630432129
gue_mouse_0,aligned,Aligned state,290,0,-11.880220413208008,-16.08925437927246
gue_mouse_0,aligned,Aligned state,291,0,-1.4745033979415894,25.41657829284668
gue_mouse_0,aligned,Aligned state,292,0,3.672807216644287,-10.757901191711426
gue_mouse_0,aligned,Aligned state,293,0,-15.128471374511719,-14.75623893737793
gue_mouse_0,aligned,Aligned state,294,1,12.070289611816406,15.481624603271484
gue_mouse_0,aligned,Aligned state,295,1,6.635831356048584,8.69676399230957
gue_mouse_0,aligned,Aligned state,296,0,16.982450485229492,6.966111660003662
gue_mouse_0,aligned,Aligned state,297,1,-2.662433385848999,11.033803939819336
gue_mouse_0,aligned,Aligned state,298,0,10.996124267578125,11.72398853302002
gue_mouse_0,aligned,Aligned state,299,1,14.99079418182373,12.42911434173584
gue_mouse_0,aligned,Aligned state,300,1,10.486703872680664,16.60953140258789
gue_mouse_0,aligned,Aligned state,301,1,12.763212203979492,14.909631729125977
gue_mouse_0,aligned,Aligned state,302,0,-13.394937515258789,-9.325752258300781
gue_mouse_0,aligned,Aligned state,303,0,-10.594123840332031,-24.381393432617188
gue_mouse_0,aligned,Aligned state,304,1,-10.43871784210205,-7.715278625488281
gue_mouse_0,aligned,Aligned state,305,0,-11.6759033203125,-18.603302001953125
gue_mouse_0,aligned,Aligned state,306,1,1.1347637176513672,-15.490607261657715
gue_mouse_0,aligned,Aligned state,307,1,-3.7035269737243652,16.02389907836914
gue_mouse_0,aligned,Aligned state,308,0,12.849560737609863,10.952271461486816
gue_mouse_0,aligned,Aligned state,309,1,-6.659494400024414,-19.92877769470215
gue_mouse_0,aligned,Aligned state,310,1,19.05575180053711,17.731277465820312
gue_mouse_0,aligned,Aligned state,311,0,0.762790858745575,6.204097747802734
gue_mouse_0,aligned,Aligned state,312,0,0.98697829246521,-17.935760498046875
gue_mouse_0,aligned,Aligned state,313,1,7.816888332366943,21.954437255859375
gue_mouse_0,aligned,Aligned state,314,1,11.040559768676758,18.335289001464844
gue_mouse_0,aligned,Aligned state,315,1,-2.24355149269104,16.822856903076172
gue_mouse_0,aligned,Aligned state,316,0,-12.064992904663086,-14.402402877807617
gue_mouse_0,aligned,Aligned state,317,1,-0.8563597798347473,11.964441299438477
gue_mouse_0,aligned,Aligned state,318,0,1.7121201753616333,2.6381402015686035
gue_mouse_0,aligned,Aligned state,319,1,5.279491901397705,18.069828033447266
gue_mouse_0,aligned,Aligned state,320,0,6.70906400680542,-12.543679237365723
gue_mouse_0,aligned,Aligned state,321,0,-11.885141372680664,-18.827489852905273
gue_mouse_0,aligned,Aligned state,322,1,15.115797996520996,15.756650924682617
gue_mouse_0,aligned,Aligned state,323,1,6.976893424987793,18.786239624023438
gue_mouse_0,aligned,Aligned state,324,0,-8.357484817504883,-17.3649959564209
gue_mouse_0,aligned,Aligned state,325,1,13.436546325683594,15.157392501831055
gue_mouse_0,aligned,Aligned state,326,1,-7.797496795654297,4.762636184692383
gue_mouse_0,aligned,Aligned state,327,0,-2.7273168563842773,-16.82013702392578
gue_mouse_0,aligned,Aligned state,328,0,-6.010958194732666,-10.981738090515137
gue_mouse_0,aligned,Aligned state,329,1,6.86916446685791,8.974625587463379
gue_mouse_0,aligned,Aligned state,330,0,-3.6681721210479736,-18.88681411743164
gue_mouse_0,aligned,Aligned state,331,0,-15.22048568725586,-6.489889144897461
gue_mouse_0,aligned,Aligned state,332,1,-3.8826215267181396,9.537460327148438
gue_mouse_0,aligned,Aligned state,333,0,-0.27201607823371887,-12.70723819732666
gue_mouse_0,aligned,Aligned state,334,0,2.0887198448181152,-14.333969116210938
gue_mouse_0,aligned,Aligned state,335,1,-15.502099990844727,-13.8499174118042
gue_mouse_0,aligned,Aligned state,336,0,-8.360795021057129,-10.760281562805176
gue_mouse_0,aligned,Aligned state,337,0,2.496553897857666,-8.590988159179688
gue_mouse_0,aligned,Aligned state,338,1,3.1370835304260254,-18.886369705200195
gue_mouse_0,aligned,Aligned state,339,0,-0.406633585691452,11.769719123840332
gue_mouse_0,aligned,Aligned state,340,1,8.635237693786621,17.238027572631836
gue_mouse_0,aligned,Aligned state,341,1,5.732881546020508,-7.825857162475586
gue_mouse_0,aligned,Aligned state,342,0,2.5702104568481445,16.05901336669922
gue_mouse_0,aligned,Aligned state,343,1,2.5270731449127197,20.637096405029297
gue_mouse_0,aligned,Aligned state,344,0,-11.199361801147461,-23.234758377075195
gue_mouse_0,aligned,Aligned state,345,0,-10.47658920288086,-2.958738088607788
gue_mouse_0,aligned,Aligned state,346,1,1.353287935256958,9.896817207336426
gue_mouse_0,aligned,Aligned state,347,1,14.301589965820312,10.605010032653809
gue_mouse_0,aligned,Aligned state,348,0,-14.948756217956543,-22.08413314819336
gue_mouse_0,aligned,Aligned state,349,0,4.057126998901367,-1.9829810857772827
gue_mouse_0,aligned,Aligned state,350,1,12.543018341064453,15.967923164367676
gue_mouse_0,aligned,Aligned state,351,0,-3.2693867683410645,-22.643373489379883
gue_mouse_0,aligned,Aligned state,352,0,3.504945755004883,-18.419349670410156
gue_mouse_0,aligned,Aligned state,353,0,-1.420471429824829,-21.143646240234375
gue_mouse_0,aligned,Aligned state,354,0,19.592464447021484,17.61884880065918
gue_mouse_0,aligned,Aligned state,355,1,6.0453596115112305,14.714889526367188
gue_mouse_0,aligned,Aligned state,356,1,0.939997673034668,6.347870349884033
gue_mouse_0,aligned,Aligned state,357,0,-3.522592544555664,-16.708480834960938
gue_mouse_0,aligned,Aligned state,358,0,-14.788606643676758,-17.317480087280273
gue_mouse_0,aligned,Aligned state,359,0,-6.522261619567871,-16.70798110961914
gue_mouse_0,aligned,Aligned state,360,1,5.113743305206299,13.17137622833252
gue_mouse_0,aligned,Aligned state,361,1,2.551705837249756,17.06733512878418
gue_mouse_0,aligned,Aligned state,362,1,12.254425048828125,7.33106803894043
gue_mouse_0,aligned,Aligned state,363,0,6.7146220207214355,17.663928985595703
gue_mouse_0,aligned,Aligned state,364,1,2.184654474258423,-10.939422607421875
gue_mouse_0,aligned,Aligned state,365,1,6.298596382141113,16.896686553955078
gue_mouse_0,aligned,Aligned state,366,1,20.820035934448242,13.924043655395508
gue_mouse_0,aligned,Aligned state,367,0,-3.638615846633911,-17.870271682739258
gue_mouse_0,aligned,Aligned state,368,1,9.4624605178833,5.3130011558532715
gue_mouse_0,aligned,Aligned state,369,0,-3.642482280731201,-19.779163360595703
gue_mouse_0,aligned,Aligned state,370,0,-2.99619460105896,-13.759370803833008
gue_mouse_0,aligned,Aligned state,371,0,1.526816487312317,-23.19802474975586
gue_mouse_0,aligned,Aligned state,372,0,-18.343063354492188,-12.76247787475586
gue_mouse_0,aligned,Aligned state,373,1,12.081161499023438,18.03325843811035
gue_mouse_0,aligned,Aligned state,374,0,-17.10063362121582,-15.309815406799316
gue_mouse_0,aligned,Aligned state,375,0,7.708488941192627,13.568350791931152
gue_mouse_0,aligned,Aligned state,376,0,11.633916854858398,20.537973403930664
gue_mouse_0,aligned,Aligned state,377,1,-8.671719551086426,-1.3539395332336426
gue_mouse_0,aligned,Aligned state,378,1,5.442648887634277,21.685773849487305
gue_mouse_0,aligned,Aligned state,379,1,7.567572116851807,23.15414047241211
gue_mouse_0,aligned,Aligned state,380,1,12.380990028381348,14.7376127243042
gue_mouse_0,aligned,Aligned state,381,1,8.334527969360352,17.898752212524414
gue_mouse_0,aligned,Aligned state,382,1,6.743659019470215,-12.140087127685547
gue_mouse_0,aligned,Aligned state,383,0,-7.819267272949219,-10.937243461608887
gue_mouse_0,aligned,Aligned state,384,0,-15.896594047546387,-11.936566352844238
gue_mouse_0,aligned,Aligned state,385,1,-0.008850202895700932,-13.191420555114746
gue_mouse_0,aligned,Aligned state,386,0,-9.538972854614258,-14.783318519592285
gue_mouse_0,aligned,Aligned state,387,0,-4.518874168395996,-24.652984619140625
gue_mouse_0,aligned,Aligned state,388,0,-4.872276306152344,-19.460805892944336
gue_mouse_0,aligned,Aligned state,389,0,-12.402981758117676,-20.279664993286133
gue_mouse_0,aligned,Aligned state,390,1,-19.365514755249023,-18.885398864746094
gue_mouse_0,aligned,Aligned state,391,0,-5.368907928466797,-18.530820846557617
gue_mouse_0,aligned,Aligned state,392,0,-10.017976760864258,-14.551881790161133
gue_mouse_0,aligned,Aligned state,393,1,2.422903537750244,8.469207763671875
gue_mouse_0,aligned,Aligned state,394,0,3.2510159015655518,1.7783048152923584
gue_mouse_0,aligned,Aligned state,395,0,-8.878435134887695,-18.336896896362305
gue_mouse_0,aligned,Aligned state,396,1,9.100669860839844,16.2410888671875
gue_mouse_0,aligned,Aligned state,397,1,-3.2834808826446533,8.955150604248047
gue_mouse_0,aligned,Aligned state,398,1,3.0982601642608643,22.06947135925293
gue_mouse_0,aligned,Aligned state,399,1,5.837217330932617,19.48774528503418
gue_mouse_0,aligned,Aligned state,400,1,15.157008171081543,17.800025939941406
gue_mouse_0,aligned,Aligned state,401,0,-0.5620436072349548,-12.22337818145752
gue_mouse_0,aligned,Aligned state,402,1,-6.551666259765625,-22.273122787475586
gue_mouse_0,aligned,Aligned state,403,1,-8.953533172607422,-8.369754791259766
gue_mouse_0,aligned,Aligned state,404,1,5.7943596839904785,11.559876441955566
gue_mouse_0,aligned,Aligned state,405,0,14.932414054870605,16.284629821777344
gue_mouse_0,aligned,Aligned state,406,1,-4.839534759521484,-11.755364418029785
gue_mouse_0,aligned,Aligned state,407,1,1.144542932510376,12.187334060668945
gue_mouse_0,aligned,Aligned state,408,1,6.0731329917907715,19.31458282470703
gue_mouse_0,aligned,Aligned state,409,1,11.602401733398438,9.913803100585938
gue_mouse_0,aligned,Aligned state,410,0,1.5826750993728638,3.335719347000122
gue_mouse_0,aligned,Aligned state,411,1,13.797554016113281,18.01235580444336
gue_mouse_0,aligned,Aligned state,412,1,11.49779224395752,11.983789443969727
gue_mouse_0,aligned,Aligned state,413,1,-7.791728973388672,-19.3332576751709
gue_mouse_0,aligned,Aligned state,414,1,15.926383018493652,17.572940826416016
gue_mouse_0,aligned,Aligned state,415,1,7.927880764007568,22.13954734802246
gue_mouse_0,aligned,Aligned state,416,0,-15.347725868225098,-11.442564964294434
gue_mouse_0,aligned,Aligned state,417,0,-6.396465301513672,-3.662856101989746
gue_mouse_0,aligned,Aligned state,418,1,-2.3424761295318604,8.709124565124512
gue_mouse_0,aligned,Aligned state,419,1,4.1363444328308105,19.868030548095703
gue_mouse_0,aligned,Aligned state,420,0,-0.854671835899353,-16.705215454101562
gue_mouse_0,aligned,Aligned state,421,0,-11.613621711730957,-3.2738029956817627
gue_mouse_0,aligned,Aligned state,422,1,-14.29468059539795,0.055094726383686066
gue_mouse_0,aligned,Aligned state,423,0,-18.19803810119629,-15.257095336914062
gue_mouse_0,aligned,Aligned state,424,0,-10.871563911437988,-3.143089771270752
gue_mouse_0,aligned,Aligned state,425,0,-2.007481575012207,-23.829530715942383
gue_mouse_0,aligned,Aligned state,426,1,-10.856926918029785,-12.830646514892578
gue_mouse_0,aligned,Aligned state,427,0,-8.49970531463623,-22.444374084472656
gue_mouse_0,aligned,Aligned state,428,0,-16.794692993164062,-20.43453025817871
gue_mouse_0,aligned,Aligned state,429,0,-5.3766374588012695,-7.878069877624512
gue_mouse_0,aligned,Aligned state,430,0,5.007217884063721,-11.759522438049316
gue_mouse_0,aligned,Aligned state,431,1,-9.062536239624023,0.7317095994949341
gue_mouse_0,aligned,Aligned state,432,0,-3.616776943206787,-4.14417839050293
gue_mouse_0,aligned,Aligned state,433,0,-17.989877700805664,-13.62317943572998
gue_mouse_0,aligned,Aligned state,434,1,-8.914351463317871,-24.030282974243164
gue_mouse_0,aligned,Aligned state,435,1,7.6118011474609375,10.154136657714844
gue_mouse_0,aligned,Aligned state,436,1,3.616987466812134,-15.810749053955078
gue_mouse_0,aligned,Aligned state,437,1,10.030320167541504,10.132837295532227
gue_mouse_0,aligned,Aligned state,438,0,-5.402542591094971,-23.112720489501953
gue_mouse_0,aligned,Aligned state,439,1,4.718382358551025,-9.835308074951172
gue_mouse_0,aligned,Aligned state,440,0,-2.815978527069092,-17.79531478881836
gue_mouse_0,aligned,Aligned state,441,1,9.944503784179688,14.430015563964844
gue_mouse_0,aligned,Aligned state,442,1,12.56447696685791,22.114288330078125
gue_mouse_0,aligned,Aligned state,443,1,12.092211723327637,17.27887535095215
gue_mouse_0,aligned,Aligned state,444,0,-6.3417744636535645,-13.601295471191406
gue_mouse_0,aligned,Aligned state,445,1,6.756392002105713,19.889978408813477
gue_mouse_0,aligned,Aligned state,446,0,-13.939067840576172,-0.4627542495727539
gue_mouse_0,aligned,Aligned state,447,0,-4.116149425506592,-21.432357788085938
gue_mouse_0,aligned,Aligned state,448,1,-6.382763385772705,-8.86020278930664
gue_mouse_0,aligned,Aligned state,449,0,-6.24493408203125,-18.190000534057617
gue_mouse_0,aligned,Aligned state,450,1,5.435858249664307,24.612808227539062
gue_mouse_0,aligned,Aligned state,451,1,14.80789566040039,9.436094284057617
gue_mouse_0,aligned,Aligned state,452,0,-19.828426361083984,-10.898160934448242
gue_mouse_0,aligned,Aligned state,453,0,-7.689979076385498,-18.142581939697266
gue_mouse_0,aligned,Aligned state,454,0,1.9939237833023071,-19.46894645690918
gue_mouse_0,aligned,Aligned state,455,1,16.487789154052734,22.257230758666992
gue_mouse_0,aligned,Aligned state,456,1,9.099438667297363,-2.7950496673583984
gue_mouse_0,aligned,Aligned state,457,1,14.328786849975586,6.092113494873047
gue_mouse_0,aligned,Aligned state,458,1,6.651793956756592,9.853950500488281
gue_mouse_0,aligned,Aligned state,459,1,-12.421558380126953,-3.2843260765075684
gue_mouse_0,aligned,Aligned state,460,0,-6.559886932373047,-9.002102851867676
gue_mouse_0,aligned,Aligned state,461,1,-0.5891719460487366,-17.506227493286133
gue_mouse_0,aligned,Aligned state,462,0,-8.051929473876953,-21.101247787475586
gue_mouse_0,aligned,Aligned state,463,1,9.653749465942383,16.863990783691406
gue_mouse_0,aligned,Aligned state,464,0,-5.161017894744873,-21.64964485168457
gue_mouse_0,aligned,Aligned state,465,1,-4.5741448402404785,-20.274024963378906
gue_mouse_0,aligned,Aligned state,466,1,-17.937753677368164,-14.557784080505371
gue_mouse_0,aligned,Aligned state,467,1,9.611228942871094,11.007498741149902
gue_mouse_0,aligned,Aligned state,468,1,0.674810528755188,10.002593040466309
gue_mouse_0,aligned,Aligned state,469,1,11.082744598388672,13.301505088806152
gue_mouse_0,aligned,Aligned state,470,1,-2.652100086212158,15.507590293884277
gue_mouse_0,aligned,Aligned state,471,1,-15.70921802520752,-9.241166114807129
gue_mouse_0,aligned,Aligned state,472,0,-16.68288803100586,-11.866451263427734
gue_mouse_0,aligned,Aligned state,473,0,-2.3062584400177,8.184647560119629
gue_mouse_0,aligned,Aligned state,474,0,0.8393695950508118,16.50869369506836
gue_mouse_0,aligned,Aligned state,475,0,-7.368731498718262,-12.788851737976074
gue_mouse_0,aligned,Aligned state,476,1,8.162992477416992,11.808799743652344
gue_mouse_0,aligned,Aligned state,477,1,7.256519794464111,17.652740478515625
gue_mouse_0,aligned,Aligned state,478,0,-11.336024284362793,-13.6936674118042
gue_mouse_0,aligned,Aligned state,479,1,9.63448429107666,8.738622665405273
gue_mouse_0,aligned,Aligned state,480,0,-3.9464662075042725,-23.072452545166016
gue_mouse_0,aligned,Aligned state,481,0,7.3450775146484375,-17.027057647705078
gue_mouse_0,aligned,Aligned state,482,1,4.053083419799805,21.099748611450195
gue_mouse_0,aligned,Aligned state,483,0,-15.610126495361328,-20.101648330688477
gue_mouse_0,aligned,Aligned state,484,1,2.3025221824645996,-8.782488822937012
gue_mouse_0,aligned,Aligned state,485,0,-7.247782230377197,-13.984184265136719
gue_mouse_0,aligned,Aligned state,486,1,9.325560569763184,17.540111541748047
gue_mouse_0,aligned,Aligned state,487,1,-13.389376640319824,-3.4832022190093994
gue_mouse_0,aligned,Aligned state,488,0,-5.2546796798706055,-13.717242240905762
gue_mouse_0,aligned,Aligned state,489,1,10.866922378540039,22.80234718322754
gue_mouse_0,aligned,Aligned state,490,0,-3.621959924697876,-11.685829162597656
gue_mouse_0,aligned,Aligned state,491,1,3.0107216835021973,19.248483657836914
gue_mouse_0,aligned,Aligned state,492,0,15.325937271118164,4.954056262969971
gue_mouse_0,aligned,Aligned state,493,1,12.108959197998047,15.994609832763672
gue_mouse_0,aligned,Aligned state,494,1,11.174860954284668,21.548988342285156
gue_mouse_0,aligned,Aligned state,495,1,-4.844554901123047,20.362516403198242
gue_mouse_0,aligned,Aligned state,496,0,5.019882678985596,5.952432155609131
gue_mouse_0,aligned,Aligned state,497,1,14.638944625854492,14.564859390258789
gue_mouse_0,aligned,Aligned state,498,1,-10.501523971557617,-20.349014282226562
gue_mouse_0,aligned,Aligned state,499,0,5.346532821655273,-4.22037410736084
gue_mouse_0,aligned,Aligned state,500,1,16.072826385498047,10.22376537322998
gue_mouse_0,aligned,Aligned state,501,1,2.1535511016845703,-22.481733322143555
gue_mouse_0,aligned,Aligned state,502,1,11.989690780639648,14.017708778381348
gue_mouse_0,aligned,Aligned state,503,1,-10.793334007263184,-16.047704696655273
gue_mouse_0,aligned,Aligned state,504,1,7.885868072509766,16.31374740600586
gue_mouse_0,aligned,Aligned state,505,1,17.257797241210938,19.966209411621094
gue_mouse_0,aligned,Aligned state,506,0,-3.15844988822937,18.679973602294922
gue_mouse_0,aligned,Aligned state,507,0,9.644476890563965,17.968523025512695
gue_mouse_0,aligned,Aligned state,508,1,3.9941205978393555,17.02037811279297
gue_mouse_0,aligned,Aligned state,509,0,-3.337524175643921,23.024715423583984
gue_mouse_0,aligned,Aligned state,510,0,-8.902521133422852,-16.034099578857422
gue_mouse_0,aligned,Aligned state,511,0,-7.601688861846924,-12.021222114562988
gue_mouse_0,aligned,Aligned state,512,1,3.5764336585998535,14.686199188232422
gue_mouse_0,aligned,Aligned state,513,0,-2.444497585296631,-3.074387550354004
gue_mouse_0,aligned,Aligned state,514,0,-9.626609802246094,-17.937591552734375
gue_mouse_0,aligned,Aligned state,515,1,-12.51725959777832,-21.11870574951172
gue_mouse_0,aligned,Aligned state,516,0,-15.627692222595215,-18.336116790771484
gue_mouse_0,aligned,Aligned state,517,1,13.046257972717285,11.985305786132812
gue_mouse_0,aligned,Aligned state,518,1,-1.5404390096664429,-7.524949073791504
gue_mouse_0,aligned,Aligned state,519,0,-8.756255149841309,1.8461453914642334
gue_mouse_0,aligned,Aligned state,520,0,-9.773330688476562,-20.734905242919922
gue_mouse_0,aligned,Aligned state,521,0,0.2595398426055908,-13.448087692260742
gue_mouse_0,aligned,Aligned state,522,0,11.93274974822998,12.123669624328613
gue_mouse_0,aligned,Aligned state,523,0,-17.365365982055664,-17.508705139160156
gue_mouse_0,aligned,Aligned state,524,0,14.316110610961914,14.554625511169434
gue_mouse_0,aligned,Aligned state,525,1,9.48698902130127,24.62535285949707
gue_mouse_0,aligned,Aligned state,526,0,-10.810145378112793,-15.572150230407715
gue_mouse_0,aligned,Aligned state,527,1,11.411163330078125,19.22854232788086
gue_mouse_0,aligned,Aligned state,528,0,-5.536998748779297,-19.574119567871094
gue_mouse_0,aligned,Aligned state,529,1,-1.5368245840072632,14.061389923095703
gue_mouse_0,aligned,Aligned state,530,0,18.562448501586914,10.627742767333984
gue_mouse_0,aligned,Aligned state,531,0,-6.098092079162598,-21.2514705657959
gue_mouse_0,aligned,Aligned state,532,1,-3.31992506980896,20.452945709228516
gue_mouse_0,aligned,Aligned state,533,1,-6.621492862701416,1.4259222745895386
gue_mouse_0,aligned,Aligned state,534,1,-4.215220928192139,-0.8497027158737183
gue_mouse_0,aligned,Aligned state,535,1,5.157285213470459,21.698026657104492
gue_mouse_0,aligned,Aligned state,536,0,-8.418405532836914,-20.05265998840332
gue_mouse_0,aligned,Aligned state,537,0,3.2242445945739746,-0.21516838669776917
gue_mouse_0,aligned,Aligned state,538,1,6.580053329467773,16.521434783935547
gue_mouse_0,aligned,Aligned state,539,0,10.043634414672852,24.398839950561523
gue_mouse_0,aligned,Aligned state,540,0,-3.753159761428833,3.409820556640625
gue_mouse_0,aligned,Aligned state,541,0,2.291396379470825,-17.188318252563477
gue_mouse_0,aligned,Aligned state,542,1,8.286944389343262,16.718515396118164
gue_mouse_0,aligned,Aligned state,543,0,-15.550169944763184,-13.690040588378906
gue_mouse_0,aligned,Aligned state,544,0,-10.117046356201172,-18.418235778808594
gue_mouse_0,aligned,Aligned state,545,1,7.2557806968688965,14.779181480407715
gue_mouse_0,aligned,Aligned state,546,0,-16.748090744018555,-16.661209106445312
gue_mouse_0,aligned,Aligned state,547,1,7.143950939178467,5.794167995452881
gue_mouse_0,aligned,Aligned state,548,1,4.090817451477051,23.076547622680664
gue_mouse_0,aligned,Aligned state,549,1,2.9971930980682373,13.876361846923828
gue_mouse_0,aligned,Aligned state,550,1,9.059953689575195,24.376907348632812
gue_mouse_0,aligned,Aligned state,551,0,-4.204533576965332,-17.54468536376953
gue_mouse_0,aligned,Aligned state,552,1,12.551514625549316,14.309212684631348
gue_mouse_0,aligned,Aligned state,553,1,9.216145515441895,23.395299911499023
gue_mouse_0,aligned,Aligned state,554,0,-2.4448814392089844,-12.926986694335938
gue_mouse_0,aligned,Aligned state,555,1,7.322526454925537,-17.01908302307129
gue_mouse_0,aligned,Aligned state,556,1,-4.398247241973877,10.134960174560547
gue_mouse_0,aligned,Aligned state,557,0,-13.364030838012695,-12.043336868286133
gue_mouse_0,aligned,Aligned state,558,0,3.610053300857544,10.601993560791016
gue_mouse_0,aligned,Aligned state,559,1,-3.0688188076019287,23.36826515197754
gue_mouse_0,aligned,Aligned state,560,1,-1.5979491472244263,21.26542091369629
gue_mouse_0,aligned,Aligned state,561,0,-16.221233367919922,-21.666723251342773
gue_mouse_0,aligned,Aligned state,562,1,10.55224609375,18.43239402770996
gue_mouse_0,aligned,Aligned state,563,0,1.8229280710220337,3.8358867168426514
gue_mouse_0,aligned,Aligned state,564,1,16.95047950744629,15.337431907653809
gue_mouse_0,aligned,Aligned state,565,0,-12.372472763061523,-19.915616989135742
gue_mouse_0,aligned,Aligned state,566,1,-0.01287656370550394,18.449508666992188
gue_mouse_0,aligned,Aligned state,567,1,-2.119018793106079,16.023120880126953
gue_mouse_0,aligned,Aligned state,568,1,12.845187187194824,22.80309295654297
gue_mouse_0,aligned,Aligned state,569,0,4.143142223358154,-14.516401290893555
gue_mouse_0,aligned,Aligned state,570,0,-12.935619354248047,-14.31136417388916
gue_mouse_0,aligned,Aligned state,571,1,0.3179674744606018,12.710684776306152
gue_mouse_0,aligned,Aligned state,572,1,-3.0932300090789795,23.085569381713867
gue_mouse_0,aligned,Aligned state,573,0,-10.984426498413086,-9.831459999084473
gue_mouse_0,aligned,Aligned state,574,0,-1.5718369483947754,-15.39511489868164
gue_mouse_0,aligned,Aligned state,575,1,-0.10421893000602722,12.496874809265137
gue_mouse_0,aligned,Aligned state,576,0,7.608745574951172,3.7073402404785156
gue_mouse_0,aligned,Aligned state,577,0,7.500027656555176,-10.677507400512695
gue_mouse_0,aligned,Aligned state,578,1,3.890040874481201,12.967513084411621
gue_mouse_0,aligned,Aligned state,579,1,13.491886138916016,14.936861038208008
gue_mouse_0,aligned,Aligned state,580,1,7.9792962074279785,17.547122955322266
gue_mouse_0,aligned,Aligned state,581,1,-7.820110321044922,-6.899118423461914
gue_mouse_0,aligned,Aligned state,582,1,-11.257708549499512,-24.322309494018555
gue_mouse_0,aligned,Aligned state,583,1,13.759942054748535,8.551426887512207
gue_mouse_0,aligned,Aligned state,584,0,-11.156146049499512,-17.395444869995117
gue_mouse_0,aligned,Aligned state,585,0,0.22788067162036896,-18.596454620361328
gue_mouse_0,aligned,Aligned state,586,1,-2.2612760066986084,11.268023490905762
gue_mouse_0,aligned,Aligned state,587,0,-18.439538955688477,-11.242104530334473
gue_mouse_0,aligned,Aligned state,588,0,-4.116153717041016,-14.052760124206543
gue_mouse_0,aligned,Aligned state,589,1,7.070531368255615,7.77394962310791
gue_mouse_0,aligned,Aligned state,590,0,-11.793781280517578,-17.372474670410156
gue_mouse_0,aligned,Aligned state,591,0,-13.3604154586792,-9.293609619140625
gue_mouse_0,aligned,Aligned state,592,1,16.46392822265625,15.700407981872559
gue_mouse_0,aligned,Aligned state,593,0,-19.742958068847656,-6.844641208648682
gue_mouse_0,aligned,Aligned state,594,0,-1.5538477897644043,-11.25368881225586
gue_mouse_0,aligned,Aligned state,595,1,0.05568534508347511,19.98264503479004
gue_mouse_0,aligned,Aligned state,596,1,13.457863807678223,9.457643508911133
gue_mouse_0,aligned,Aligned state,597,1,5.167938709259033,16.028013229370117
gue_mouse_0,aligned,Aligned state,598,0,17.386199951171875,17.639251708984375
gue_mouse_0,aligned,Aligned state,599,0,-11.745976448059082,-8.956507682800293
gue_mouse_0,aligned,Aligned state,600,0,-13.73170280456543,-17.677349090576172
gue_mouse_0,aligned,Aligned state,601,0,-7.186361312866211,-17.12998390197754
gue_mouse_0,aligned,Aligned state,602,0,-5.259545803070068,-5.782149314880371
gue_mouse_0,aligned,Aligned state,603,0,-9.624629020690918,-21.304492950439453
gue_mouse_0,aligned,Aligned state,604,0,17.774198532104492,15.2135648727417
gue_mouse_0,aligned,Aligned state,605,1,17.26801109313965,19.74667739868164
gue_mouse_0,aligned,Aligned state,606,1,14.887136459350586,11.184120178222656
gue_mouse_0,aligned,Aligned state,607,0,-11.325014114379883,-1.5742902755737305
gue_mouse_0,aligned,Aligned state,608,1,3.008582592010498,9.744632720947266
gue_mouse_0,aligned,Aligned state,609,0,10.465226173400879,11.871312141418457
gue_mouse_0,aligned,Aligned state,610,1,16.692533493041992,13.375691413879395
gue_mouse_0,aligned,Aligned state,611,0,1.4749540090560913,-4.230881690979004
gue_mouse_0,aligned,Aligned state,612,1,3.0010244846343994,16.85568618774414
gue_mouse_0,aligned,Aligned state,613,1,10.521116256713867,17.617446899414062
gue_mouse_0,aligned,Aligned state,614,0,-7.46106481552124,17.194883346557617
gue_mouse_0,aligned,Aligned state,615,1,2.9193952083587646,15.843185424804688
gue_mouse_0,aligned,Aligned state,616,0,-7.54677677154541,4.779003620147705
gue_mouse_0,aligned,Aligned state,617,1,13.543367385864258,21.306640625
gue_mouse_0,aligned,Aligned state,618,1,4.814344882965088,-18.07623863220215
gue_mouse_0,aligned,Aligned state,619,0,5.972239971160889,-1.1051808595657349
gue_mouse_0,aligned,Aligned state,620,0,-0.0896783396601677,-0.08056463301181793
gue_mouse_0,aligned,Aligned state,621,1,-2.0996809005737305,14.830714225769043
gue_mouse_0,aligned,Aligned state,622,0,-7.52618408203125,-9.070930480957031
gue_mouse_0,aligned,Aligned state,623,0,-17.890602111816406,-10.794659614562988
gue_mouse_0,aligned,Aligned state,624,0,-4.824714183807373,-15.293794631958008
gue_mouse_0,aligned,Aligned state,625,0,4.98470401763916,7.567745685577393
gue_mouse_0,aligned,Aligned state,626,0,-8.255430221557617,-18.33156394958496
gue_mouse_0,aligned,Aligned state,627,0,-12.936433792114258,-1.18865168094635
gue_mouse_0,aligned,Aligned state,628,0,4.231142520904541,-2.2056448459625244
gue_mouse_0,aligned,Aligned state,629,1,6.197445869445801,9.074893951416016
gue_mouse_0,aligned,Aligned state,630,0,-9.14651870727539,-11.086427688598633
gue_mouse_0,aligned,Aligned state,631,1,1.1059973239898682,22.241540908813477
gue_mouse_0,aligned,Aligned state,632,1,-1.6257084608078003,12.698874473571777
gue_mouse_0,aligned,Aligned state,633,0,-7.018251895904541,-15.734079360961914
gue_mouse_0,aligned,Aligned state,634,0,-2.788834810256958,-16.682754516601562
gue_mouse_0,aligned,Aligned state,635,1,4.234623908996582,15.03095817565918
gue_mouse_0,aligned,Aligned state,636,0,-11.221976280212402,-19.1030216217041
gue_mouse_0,aligned,Aligned state,637,0,-1.2213680744171143,-2.219569683074951
gue_mouse_0,aligned,Aligned state,638,0,-12.097062110900879,-16.570314407348633
gue_mouse_0,aligned,Aligned state,639,1,-1.4622206687927246,-13.583235740661621
gue_mouse_0,aligned,Aligned state,640,0,-14.014751434326172,-15.89483642578125
gue_mouse_0,aligned,Aligned state,641,1,20.02877426147461,13.584954261779785
gue_mouse_0,aligned,Aligned state,642,1,-17.59075927734375,-13.25146198272705
gue_mouse_0,aligned,Aligned state,643,0,-12.449287414550781,-17.98011016845703
gue_mouse_0,aligned,Aligned state,644,0,-8.142372131347656,-16.67522621154785
gue_mouse_0,aligned,Aligned state,645,0,-14.425997734069824,-6.207765102386475
gue_mouse_0,aligned,Aligned state,646,1,-5.506725788116455,20.557390213012695
gue_mouse_0,aligned,Aligned state,647,0,-11.66973876953125,-19.71242904663086
gue_mouse_0,aligned,Aligned state,648,1,20.534475326538086,12.279211044311523
gue_mouse_0,aligned,Aligned state,649,0,0.2517416477203369,-19.584938049316406
gue_mouse_0,aligned,Aligned state,650,0,4.887046813964844,5.796154022216797
gue_mouse_0,aligned,Aligned state,651,1,-6.478515625,-3.5424277782440186
gue_mouse_0,aligned,Aligned state,652,0,-1.1901419162750244,9.54771614074707
gue_mouse_0,aligned,Aligned state,653,0,-7.812942981719971,-14.600013732910156
gue_mouse_0,aligned,Aligned state,654,1,12.433545112609863,18.53333854675293
gue_mouse_0,aligned,Aligned state,655,1,8.478057861328125,19.576372146606445
gue_mouse_0,aligned,Aligned state,656,1,16.395397186279297,15.666526794433594
gue_mouse_0,aligned,Aligned state,657,1,20.094858169555664,12.946572303771973
gue_mouse_0,aligned,Aligned state,658,0,2.7290632724761963,-16.284542083740234
gue_mouse_0,aligned,Aligned state,659,1,7.695614814758301,23.621891021728516
gue_mouse_0,aligned,Aligned state,660,0,-16.943622589111328,-14.560891151428223
gue_mouse_0,aligned,Aligned state,661,1,9.223555564880371,23.583251953125
gue_mouse_0,aligned,Aligned state,662,0,-14.852937698364258,-12.663082122802734
gue_mouse_0,aligned,Aligned state,663,0,2.7420694828033447,3.4693074226379395
gue_mouse_0,aligned,Aligned state,664,0,-11.876708030700684,-13.15919303894043
gue_mouse_0,aligned,Aligned state,665,0,-2.7778656482696533,13.494491577148438
gue_mouse_0,aligned,Aligned state,666,0,-8.897988319396973,-4.358086585998535
gue_mouse_0,aligned,Aligned state,667,1,1.4389656782150269,10.88670539855957
gue_mouse_0,aligned,Aligned state,668,1,-1.0348775386810303,11.528855323791504
gue_mouse_0,aligned,Aligned state,669,1,8.678984642028809,20.608652114868164
gue_mouse_0,aligned,Aligned state,670,1,-18.594470977783203,-18.858749389648438
gue_mouse_0,aligned,Aligned state,671,0,-1.7417365312576294,-18.14972686767578
gue_mouse_0,aligned,Aligned state,672,0,3.3780810832977295,-15.704622268676758
gue_mouse_0,aligned,Aligned state,673,1,-15.97122859954834,-15.190459251403809
gue_mouse_0,aligned,Aligned state,674,1,-5.770224094390869,10.16770076751709
gue_mouse_0,aligned,Aligned state,675,1,10.904128074645996,17.45584487915039
gue_mouse_0,aligned,Aligned state,676,0,-8.009856224060059,-18.357364654541016
gue_mouse_0,aligned,Aligned state,677,1,10.00108528137207,15.595973014831543
gue_mouse_0,aligned,Aligned state,678,0,-7.795374393463135,-6.822434902191162
gue_mouse_0,aligned,Aligned state,679,0,18.93303871154785,11.978841781616211
gue_mouse_0,aligned,Aligned state,680,1,7.502585411071777,18.84537124633789
gue_mouse_0,aligned,Aligned state,681,0,-5.089285373687744,-2.4502313137054443
gue_mouse_0,aligned,Aligned state,682,0,-9.441840171813965,-13.540205001831055
gue_mouse_0,aligned,Aligned state,683,1,5.425112724304199,15.512782096862793
gue_mouse_0,aligned,Aligned state,684,0,-12.90334415435791,-1.167904019355774
gue_mouse_0,aligned,Aligned state,685,0,-1.1979564428329468,4.680238723754883
gue_mouse_0,aligned,Aligned state,686,0,-3.8465278148651123,15.786469459533691
gue_mouse_0,aligned,Aligned state,687,0,2.106583595275879,-12.198234558105469
gue_mouse_0,aligned,Aligned state,688,0,-0.5561099648475647,-19.028486251831055
gue_mouse_0,aligned,Aligned state,689,1,-1.3296550512313843,1.0314711332321167
gue_mouse_0,aligned,Aligned state,690,1,-0.8053281903266907,-10.040264129638672
gue_mouse_0,aligned,Aligned state,691,0,11.075349807739258,10.35157585144043
gue_mouse_0,aligned,Aligned state,692,1,13.347392082214355,19.651046752929688
gue_mouse_0,aligned,Aligned state,693,0,-0.6315434575080872,-18.281429290771484
gue_mouse_0,aligned,Aligned state,694,0,-6.271551609039307,-18.242826461791992
gue_mouse_0,aligned,Aligned state,695,1,11.392278671264648,15.104776382446289
gue_mouse_0,aligned,Aligned state,696,1,-9.379265785217285,-6.01523494720459
gue_mouse_0,aligned,Aligned state,697,0,16.95355987548828,5.68100643157959
gue_mouse_0,aligned,Aligned state,698,1,7.478090286254883,0.3338835835456848
gue_mouse_0,aligned,Aligned state,699,1,3.0979275703430176,18.245243072509766
gue_mouse_0,aligned,Aligned state,700,0,-17.731367111206055,-15.018183708190918
gue_mouse_0,aligned,Aligned state,701,0,-10.147350311279297,-10.52221393585205
gue_mouse_0,aligned,Aligned state,702,1,2.1592776775360107,20.750205993652344
gue_mouse_0,aligned,Aligned state,703,1,-3.8682830333709717,13.973189353942871
gue_mouse_0,aligned,Aligned state,704,0,-14.72978687286377,-22.235097885131836
gue_mouse_0,aligned,Aligned state,705,0,-8.902316093444824,-1.337751865386963
gue_mouse_0,aligned,Aligned state,706,0,-14.456195831298828,-10.214221954345703
gue_mouse_0,aligned,Aligned state,707,1,9.09956169128418,16.682329177856445
gue_mouse_0,aligned,Aligned state,708,0,-9.058526992797852,-1.2621620893478394
gue_mouse_0,aligned,Aligned state,709,0,-14.328910827636719,-15.634942054748535
gue_mouse_0,aligned,Aligned state,710,1,-19.76324462890625,-19.1367244720459
gue_mouse_0,aligned,Aligned state,711,1,8.019415855407715,11.549469947814941
gue_mouse_0,aligned,Aligned state,712,0,-11.523561477661133,-3.5451407432556152
gue_mouse_0,aligned,Aligned state,713,0,16.767030715942383,6.3799872398376465
gue_mouse_0,aligned,Aligned state,714,0,-5.522706031799316,-6.283577919006348
gue_mouse_0,aligned,Aligned state,715,1,6.855612754821777,20.94706153869629
gue_mouse_0,aligned,Aligned state,716,1,1.9870705604553223,-21.652713775634766
gue_mouse_0,aligned,Aligned state,717,0,7.350121021270752,-10.665141105651855
gue_mouse_0,aligned,Aligned state,718,0,-7.525850772857666,-8.451892852783203
gue_mouse_0,aligned,Aligned state,719,1,-5.66283655166626,3.968919515609741
gue_mouse_0,aligned,Aligned state,720,1,9.150655746459961,13.025041580200195
gue_mouse_0,aligned,Aligned state,721,1,13.499185562133789,11.609374046325684
gue_mouse_0,aligned,Aligned state,722,0,5.6438374519348145,-13.949737548828125
gue_mouse_0,aligned,Aligned state,723,0,-7.634175777435303,-15.201630592346191
gue_mouse_0,aligned,Aligned state,724,1,16.72058868408203,12.35529899597168
gue_mouse_0,aligned,Aligned state,725,1,-19.217941284179688,-15.269301414489746
gue_mouse_0,aligned,Aligned state,726,1,-19.962657928466797,-7.461582183837891
gue_mouse_0,aligned,Aligned state,727,1,7.21044397354126,13.038511276245117
gue_mouse_0,aligned,Aligned state,728,0,-11.139595985412598,-21.31812858581543
gue_mouse_0,aligned,Aligned state,729,0,-3.6499650478363037,-12.43413257598877
gue_mouse_0,aligned,Aligned state,730,1,-5.188531398773193,19.955446243286133
gue_mouse_0,aligned,Aligned state,731,0,6.765800476074219,-12.579044342041016
gue_mouse_0,aligned,Aligned state,732,1,1.7171481847763062,22.04620361328125
gue_mouse_0,aligned,Aligned state,733,0,-10.928443908691406,-0.9876546859741211
gue_mouse_0,aligned,Aligned state,734,0,-5.584320545196533,-25.70669937133789
gue_mouse_0,aligned,Aligned state,735,1,10.456212043762207,19.617969512939453
gue_mouse_0,aligned,Aligned state,736,0,-16.16213607788086,-11.954100608825684
gue_mouse_0,aligned,Aligned state,737,0,-10.36678409576416,-16.882080078125
gue_mouse_0,aligned,Aligned state,738,1,10.044126510620117,21.035615921020508
gue_mouse_0,aligned,Aligned state,739,0,18.104934692382812,12.65943431854248
gue_mouse_0,aligned,Aligned state,740,1,8.296394348144531,20.31499481201172
gue_mouse_0,aligned,Aligned state,741,0,-3.6081695556640625,-4.059310436248779
gue_mouse_0,aligned,Aligned state,742,0,0.8877615332603455,-11.763312339782715
gue_mouse_0,aligned,Aligned state,743,1,13.71629810333252,16.65133285522461
gue_mouse_0,aligned,Aligned state,744,1,2.822561264038086,9.13869571685791
gue_mouse_0,aligned,Aligned state,745,1,4.9034318923950195,18.532001495361328
gue_mouse_0,aligned,Aligned state,746,0,-13.79764175415039,-14.231620788574219
gue_mouse_0,aligned,Aligned state,747,0,-5.259135723114014,-14.861931800842285
gue_mouse_0,aligned,Aligned state,748,1,1.2975407838821411,14.981768608093262
gue_mouse_0,aligned,Aligned state,749,1,-2.064030885696411,16.076847076416016
gue_mouse_0,aligned,Aligned state,750,1,9.531288146972656,18.738718032836914
gue_mouse_0,aligned,Aligned state,751,0,-1.506454586982727,-18.069499969482422
gue_mouse_0,aligned,Aligned state,752,0,-5.161863803863525,13.380594253540039
gue_mouse_0,aligned,Aligned state,753,1,14.171005249023438,14.948223114013672
gue_mouse_0,aligned,Aligned state,754,1,15.437092781066895,9.810272216796875
gue_mouse_0,aligned,Aligned state,755,0,-4.951955795288086,-7.924720764160156
gue_mouse_0,aligned,Aligned state,756,0,-8.499483108520508,-14.83581829071045
gue_mouse_0,aligned,Aligned state,757,0,3.312262773513794,-13.639520645141602
gue_mouse_0,aligned,Aligned state,758,1,13.211519241333008,4.520801067352295
gue_mouse_0,aligned,Aligned state,759,1,-6.544151306152344,-15.209590911865234
gue_mouse_0,aligned,Aligned state,760,1,1.004725456237793,23.440462112426758
gue_mouse_0,aligned,Aligned state,761,1,-10.490455627441406,-9.111958503723145
gue_mouse_0,aligned,Aligned state,762,0,-0.2051248550415039,-8.92781925201416
gue_mouse_0,aligned,Aligned state,763,0,-4.345041751861572,-12.99906063079834
gue_mouse_0,aligned,Aligned state,764,1,9.72418212890625,14.64615249633789
gue_mouse_0,aligned,Aligned state,765,0,5.478084087371826,5.464603424072266
gue_mouse_0,aligned,Aligned state,766,0,-13.427149772644043,-13.788812637329102
gue_mouse_0,aligned,Aligned state,767,0,2.461156129837036,3.918391466140747
gue_mouse_0,aligned,Aligned state,768,1,7.1111345291137695,22.845266342163086
gue_mouse_0,aligned,Aligned state,769,1,11.18094539642334,5.405094623565674
gue_mouse_0,aligned,Aligned state,770,1,-4.954662799835205,13.11532211303711
gue_mouse_0,aligned,Aligned state,771,1,17.253324508666992,13.627398490905762
gue_mouse_0,aligned,Aligned state,772,1,6.2426910400390625,13.757109642028809
gue_mouse_0,aligned,Aligned state,773,1,13.211490631103516,16.907392501831055
gue_mouse_0,aligned,Aligned state,774,1,9.232513427734375,20.426652908325195
gue_mouse_0,aligned,Aligned state,775,0,-16.08883285522461,-10.404050827026367
gue_mouse_0,aligned,Aligned state,776,0,-9.191664695739746,-2.8273119926452637
gue_mouse_0,aligned,Aligned state,777,0,3.5995538234710693,10.32561206817627
gue_mouse_0,aligned,Aligned state,778,1,4.545456886291504,-0.4283633828163147
gue_mouse_0,aligned,Aligned state,779,1,-8.021917343139648,-6.253005027770996
gue_mouse_0,aligned,Aligned state,780,1,3.208655595779419,12.68382453918457
gue_mouse_0,aligned,Aligned state,781,1,13.579438209533691,18.4776611328125
gue_mouse_0,aligned,Aligned state,782,1,12.403286933898926,19.765928268432617
gue_mouse_0,aligned,Aligned state,783,0,-6.477182388305664,-11.815174102783203
gue_mouse_0,aligned,Aligned state,784,0,-7.786208629608154,-1.803417682647705
gue_mouse_0,aligned,Aligned state,785,1,-0.15272416174411774,3.6835601329803467
gue_mouse_0,aligned,Aligned state,786,1,7.524640083312988,3.554670572280884
gue_mouse_0,aligned,Aligned state,787,1,3.975921869277954,-13.236594200134277
gue_mouse_0,aligned,Aligned state,788,1,11.25932502746582,17.777402877807617
gue_mouse_0,aligned,Aligned state,789,1,4.036908149719238,25.262052536010742
gue_mouse_0,aligned,Aligned state,790,1,2.375880479812622,18.374799728393555
gue_mouse_0,aligned,Aligned state,791,1,4.4132537841796875,19.599449157714844
gue_mouse_0,aligned,Aligned state,792,1,-7.491346836090088,0.7202755212783813
gue_mouse_0,aligned,Aligned state,793,0,-4.852994441986084,-0.29034656286239624
gue_mouse_0,aligned,Aligned state,794,0,-9.132685661315918,-0.9117926955223083
gue_mouse_0,aligned,Aligned state,795,1,1.1451629400253296,18.071020126342773
gue_mouse_0,aligned,Aligned state,796,1,-13.243715286254883,-8.814861297607422
gue_mouse_0,aligned,Aligned state,797,0,-14.62883186340332,-6.463423252105713
gue_mouse_0,aligned,Aligned state,798,0,-4.075222015380859,-7.308307647705078
gue_mouse_0,aligned,Aligned state,799,0,-17.303977966308594,-12.451478004455566
gue_mouse_0,aligned,Aligned state,800,1,-5.093492031097412,-0.14803600311279297
gue_mouse_0,aligned,Aligned state,801,1,10.445466041564941,8.967577934265137
gue_mouse_0,aligned,Aligned state,802,1,-6.249667167663574,2.1145036220550537
gue_mouse_0,aligned,Aligned state,803,0,5.660421848297119,-10.959836959838867
gue_mouse_0,aligned,Aligned state,804,0,-15.721783638000488,-13.233991622924805
gue_mouse_0,aligned,Aligned state,805,1,11.288947105407715,16.745277404785156
gue_mouse_0,aligned,Aligned state,806,1,15.757753372192383,7.36212682723999
gue_mouse_0,aligned,Aligned state,807,1,14.32452392578125,12.388187408447266
gue_mouse_0,aligned,Aligned state,808,0,-3.2542145252227783,-20.16510581970215
gue_mouse_0,aligned,Aligned state,809,0,7.055854797363281,-0.37495502829551697
gue_mouse_0,residual,Anchor-relative residuals,0,1,2.4421045780181885,3.1822032928466797
gue_mouse_0,residual,Anchor-relative residuals,1,1,14.965283393859863,-11.931633949279785
gue_mouse_0,residual,Anchor-relative residuals,2,0,6.648582458496094,-29.75152015686035
gue_mouse_0,residual,Anchor-relative residuals,3,0,4.366487979888916,-22.825830459594727
gue_mouse_0,residual,Anchor-relative residuals,4,1,-11.22390365600586,20.455245971679688
gue_mouse_0,residual,Anchor-relative residuals,5,1,-1.7163759469985962,29.93949317932129
gue_mouse_0,residual,Anchor-relative residuals,6,0,6.573917388916016,-21.542835235595703
gue_mouse_0,residual,Anchor-relative residuals,7,0,0.5778375864028931,11.410124778747559
gue_mouse_0,residual,Anchor-relative residuals,8,0,6.962837219238281,-17.26355743408203
gue_mouse_0,residual,Anchor-relative residuals,9,0,-7.530657768249512,-21.90070915222168
gue_mouse_0,residual,Anchor-relative residuals,10,1,-9.179420471191406,37.20798873901367
gue_mouse_0,residual,Anchor-relative residuals,11,0,8.107039451599121,-18.30905532836914
gue_mouse_0,residual,Anchor-relative residuals,12,0,15.455597877502441,-17.762346267700195
gue_mouse_0,residual,Anchor-relative residuals,13,1,0.3991831839084625,26.75383758544922
gue_mouse_0,residual,Anchor-relative residuals,14,1,-4.289132595062256,4.7325944900512695
gue_mouse_0,residual,Anchor-relative residuals,15,0,-7.430013656616211,3.2021331787109375
gue_mouse_0,residual,Anchor-relative residuals,16,0,14.287571907043457,-19.61758804321289
gue_mouse_0,residual,Anchor-relative residuals,17,0,6.522878646850586,-20.201705932617188
gue_mouse_0,residual,Anchor-relative residuals,18,0,18.68508529663086,-15.377315521240234
gue_mouse_0,residual,Anchor-relative residuals,19,0,-3.9430971145629883,8.141084671020508
gue_mouse_0,residual,Anchor-relative residuals,20,1,3.1578478813171387,-3.155623435974121
gue_mouse_0,residual,Anchor-relative residuals,21,0,7.062549591064453,-23.055150985717773
gue_mouse_0,residual,Anchor-relative residuals,22,0,19.8341064453125,-17.099279403686523
gue_mouse_0,residual,Anchor-relative residuals,23,0,8.657613754272461,-9.645678520202637
gue_mouse_0,residual,Anchor-relative residuals,24,1,1.6841480731964111,-17.082279205322266
gue_mouse_0,residual,Anchor-relative residuals,25,1,-3.0367393493652344,30.656892776489258
gue_mouse_0,residual,Anchor-relative residuals,26,1,2.77394437789917,-23.096622467041016
gue_mouse_0,residual,Anchor-relative residuals,27,1,-17.233863830566406,28.15692138671875
gue_mouse_0,residual,Anchor-relative residuals,28,0,3.353360652923584,-21.722248077392578
gue_mouse_0,residual,Anchor-relative residuals,29,0,-2.895112991333008,-23.72493553161621
gue_mouse_0,residual,Anchor-relative residuals,30,1,-1.50761079788208,36.526485443115234
gue_mouse_0,residual,Anchor-relative residuals,31,0,4.883942127227783,-18.15936851501465
gue_mouse_0,residual,Anchor-relative residuals,32,0,10.2780122756958,-20.913455963134766
gue_mouse_0,residual,Anchor-relative residuals,33,1,-5.379721164703369,21.562211990356445
gue_mouse_0,residual,Anchor-relative residuals,34,0,19.693044662475586,-14.099540710449219
gue_mouse_0,residual,Anchor-relative residuals,35,1,-19.046680450439453,24.118228912353516
gue_mouse_0,residual,Anchor-relative residuals,36,1,-14.331084251403809,32.935401916503906
gue_mouse_0,residual,Anchor-relative residuals,37,1,8.005972862243652,-15.22789192199707
gue_mouse_0,residual,Anchor-relative residuals,38,0,0.1967947781085968,-17.528514862060547
gue_mouse_0,residual,Anchor-relative residuals,39,1,-17.37771987915039,29.632770538330078
gue_mouse_0,residual,Anchor-relative residuals,40,0,-2.801295280456543,-23.2894287109375
gue_mouse_0,residual,Anchor-relative residuals,41,0,4.988862037658691,-27.293949127197266
gue_mouse_0,residual,Anchor-relative residuals,42,0,7.49544620513916,7.446815490722656
gue_mouse_0,residual,Anchor-relative residuals,43,1,-2.4804954528808594,20.242389678955078
gue_mouse_0,residual,Anchor-relative residuals,44,1,-5.63828182220459,-26.822729110717773
gue_mouse_0,residual,Anchor-relative residuals,45,1,-5.613884925842285,8.456374168395996
gue_mouse_0,residual,Anchor-relative residuals,46,0,-4.468730926513672,-24.731679916381836
gue_mouse_0,residual,Anchor-relative residuals,47,0,-8.027094841003418,-23.276765823364258
gue_mouse_0,residual,Anchor-relative residuals,48,1,-16.380287170410156,21.70059585571289
gue_mouse_0,residual,Anchor-relative residuals,49,0,16.55071258544922,-10.258445739746094
gue_mouse_0,residual,Anchor-relative residuals,50,0,4.649431228637695,-23.950542449951172
gue_mouse_0,residual,Anchor-relative residuals,51,0,-0.8920976519584656,-1.1842912435531616
gue_mouse_0,residual,Anchor-relative residuals,52,0,4.067005157470703,-24.6117000579834
gue_mouse_0,residual,Anchor-relative residuals,53,0,4.073394298553467,-24.8892765045166
gue_mouse_0,residual,Anchor-relative residuals,54,0,-5.579968452453613,15.107349395751953
gue_mouse_0,residual,Anchor-relative residuals,55,1,-4.425156593322754,-25.639707565307617
gue_mouse_0,residual,Anchor-relative residuals,56,0,-4.558854579925537,-20.957847595214844
gue_mouse_0,residual,Anchor-relative residuals,57,0,4.761013984680176,-17.07550048828125
gue_mouse_0,residual,Anchor-relative residuals,58,1,-2.4002764225006104,-5.830568313598633
gue_mouse_0,residual,Anchor-relative residuals,59,0,7.5987935066223145,-25.27543830871582
gue_mouse_0,residual,Anchor-relative residuals,60,0,-1.3228825330734253,-14.71762752532959
gue_mouse_0,residual,Anchor-relative residuals,61,1,-13.764227867126465,25.979808807373047
gue_mouse_0,residual,Anchor-relative residuals,62,0,-2.7977070808410645,-30.580690383911133
gue_mouse_0,residual,Anchor-relative residuals,63,1,-2.1355841159820557,29.11773681640625
gue_mouse_0,residual,Anchor-relative residuals,64,1,-10.936652183532715,26.96620750427246
gue_mouse_0,residual,Anchor-relative residuals,65,0,-5.332775592803955,-28.21025848388672
gue_mouse_0,residual,Anchor-relative residuals,66,1,-5.14074182510376,37.950801849365234
gue_mouse_0,residual,Anchor-relative residuals,67,1,-9.902050971984863,37.30901336669922
gue_mouse_0,residual,Anchor-relative residuals,68,0,7.009705066680908,-15.104974746704102
gue_mouse_0,residual,Anchor-relative residuals,69,0,-1.0299172401428223,19.513498306274414
gue_mouse_0,residual,Anchor-relative residuals,70,1,-4.2125396728515625,4.323208332061768
gue_mouse_0,residual,Anchor-relative residuals,71,0,8.162348747253418,4.068124771118164
gue_mouse_0,residual,Anchor-relative residuals,72,1,-10.057924270629883,6.219171524047852
gue_mouse_0,residual,Anchor-relative residuals,73,0,-5.874487400054932,-16.918840408325195
gue_mouse_0,residual,Anchor-relative residuals,74,0,-1.861853003501892,-26.177574157714844
gue_mouse_0,residual,Anchor-relative residuals,75,1,-10.088277816772461,30.811595916748047
gue_mouse_0,residual,Anchor-relative residuals,76,0,6.59639835357666,-24.44166374206543
gue_mouse_0,residual,Anchor-relative residuals,77,1,-7.862085819244385,5.448479175567627
gue_mouse_0,residual,Anchor-relative residuals,78,1,10.47062873840332,0.1841038167476654
gue_mouse_0,residual,Anchor-relative residuals,79,1,-12.484899520874023,32.77345275878906
gue_mouse_0,residual,Anchor-relative residuals,80,1,-4.145200729370117,7.536978244781494
gue_mouse_0,residual,Anchor-relative residuals,81,1,-12.446928024291992,29.113582611083984
gue_mouse_0,residual,Anchor-relative residuals,82,0,-2.549576759338379,-18.377399444580078
gue_mouse_0,residual,Anchor-relative residuals,83,0,7.02046537399292,26.98775863647461
gue_mouse_0,residual,Anchor-relative residuals,84,1,-5.697328090667725,7.184301853179932
gue_mouse_0,residual,Anchor-relative residuals,85,1,4.579046726226807,23.96636390686035
gue_mouse_0,residual,Anchor-relative residuals,86,1,-2.2466647624969482,34.293731689453125
gue_mouse_0,residual,Anchor-relative residuals,87,1,15.253668785095215,-28.8696231842041
gue_mouse_0,residual,Anchor-relative residuals,88,1,-6.630876064300537,36.614662170410156
gue_mouse_0,residual,Anchor-relative residuals,89,0,-1.4410532712936401,-19.921545028686523
gue_mouse_0,residual,Anchor-relative residuals,90,1,-6.710388660430908,32.8816032409668
gue_mouse_0,residual,Anchor-relative residuals,91,1,-3.4475748538970947,28.420223236083984
gue_mouse_0,residual,Anchor-relative residuals,92,0,7.586501598358154,-16.68056297302246
gue_mouse_0,residual,Anchor-relative residuals,93,0,9.493424415588379,-2.4947903156280518
gue_mouse_0,residual,Anchor-relative residuals,94,1,-16.810617446899414,23.61271858215332
gue_mouse_0,residual,Anchor-relative residuals,95,1,0.7673549056053162,10.270647048950195
gue_mouse_0,residual,Anchor-relative residuals,96,0,9.492966651916504,-25.30347442626953
gue_mouse_0,residual,Anchor-relative residuals,97,0,15.192940711975098,-12.173845291137695
gue_mouse_0,residual,Anchor-relative residuals,98,1,-15.795184135437012,32.60146713256836
gue_mouse_0,residual,Anchor-relative residuals,99,0,-2.016763687133789,-23.338088989257812
gue_mouse_0,residual,Anchor-relative residuals,100,1,-8.018264770507812,-19.9622859954834
gue_mouse_0,residual,Anchor-relative residuals,101,1,-9.533600807189941,19.749229431152344
gue_mouse_0,residual,Anchor-relative residuals,102,1,3.074434757232666,13.716856002807617
gue_mouse_0,residual,Anchor-relative residuals,103,1,1.4585765600204468,-22.408939361572266
gue_mouse_0,residual,Anchor-relative residuals,104,0,-5.332437992095947,15.800651550292969
gue_mouse_0,residual,Anchor-relative residuals,105,1,-8.13624382019043,38.627071380615234
gue_mouse_0,residual,Anchor-relative residuals,106,1,3.1513500213623047,15.550130844116211
gue_mouse_0,residual,Anchor-relative residuals,107,1,-6.4612135887146,40.342716217041016
gue_mouse_0,residual,Anchor-relative residuals,108,0,-4.853453159332275,-22.044836044311523
gue_mouse_0,residual,Anchor-relative residuals,109,0,15.059322357177734,-13.475722312927246
gue_mouse_0,residual,Anchor-relative residuals,110,0,9.99106502532959,-14.291755676269531
gue_mouse_0,residual,Anchor-relative residuals,111,0,8.263570785522461,6.574043273925781
gue_mouse_0,residual,Anchor-relative residuals,112,1,-5.49062967300415,39.027122497558594
gue_mouse_0,residual,Anchor-relative residuals,113,0,-8.448923110961914,-28.356243133544922
gue_mouse_0,residual,Anchor-relative residuals,114,1,-10.442856788635254,25.023906707763672
gue_mouse_0,residual,Anchor-relative residuals,115,0,2.493872880935669,-30.99765968322754
gue_mouse_0,residual,Anchor-relative residuals,116,1,10.611950874328613,-27.970659255981445
gue_mouse_0,residual,Anchor-relative residuals,117,0,7.160141944885254,16.011991500854492
gue_mouse_0,residual,Anchor-relative residuals,118,1,3.9047231674194336,34.68424987792969
gue_mouse_0,residual,Anchor-relative residuals,119,1,-14.443727493286133,25.111438751220703
gue_mouse_0,residual,Anchor-relative residuals,120,1,-1.9469467401504517,41.23138427734375
gue_mouse_0,residual,Anchor-relative residuals,121,0,-9.280030250549316,-20.82052993774414
gue_mouse_0,residual,Anchor-relative residuals,122,0,8.03627872467041,-3.5948593616485596
gue_mouse_0,residual,Anchor-relative residuals,123,1,-15.559664726257324,27.147510528564453
gue_mouse_0,residual,Anchor-relative residuals,124,0,-11.005382537841797,29.844770431518555
gue_mouse_0,residual,Anchor-relative residuals,125,0,-1.1540480852127075,8.228500366210938
gue_mouse_0,residual,Anchor-relative residuals,126,1,-0.6326650977134705,-20.91447639465332
gue_mouse_0,residual,Anchor-relative residuals,127,0,1.4009391069412231,-18.687908172607422
gue_mouse_0,residual,Anchor-relative residuals,128,1,5.507606506347656,0.6116671562194824
gue_mouse_0,residual,Anchor-relative residuals,129,0,1.9300768375396729,-23.74452781677246
gue_mouse_0,residual,Anchor-relative residuals,130,1,-6.996441841125488,28.169240951538086
gue_mouse_0,residual,Anchor-relative residuals,131,1,3.8190572261810303,-25.572093963623047
gue_mouse_0,residual,Anchor-relative residuals,132,0,3.369535446166992,-13.407271385192871
gue_mouse_0,residual,Anchor-relative residuals,133,1,8.159863471984863,-4.643203258514404
gue_mouse_0,residual,Anchor-relative residuals,134,0,5.530473232269287,1.5140219926834106
gue_mouse_0,residual,Anchor-relative residuals,135,1,2.594520330429077,-19.06072235107422
gue_mouse_0,residual,Anchor-relative residuals,136,1,-0.6129987835884094,36.79467010498047
gue_mouse_0,residual,Anchor-relative residuals,137,1,-1.0810357332229614,7.579604148864746
gue_mouse_0,residual,Anchor-relative residuals,138,1,-11.146238327026367,11.039649963378906
gue_mouse_0,residual,Anchor-relative residuals,139,0,3.1584079265594482,-17.384485244750977
gue_mouse_0,residual,Anchor-relative residuals,140,1,-14.24658489227295,30.123172760009766
gue_mouse_0,residual,Anchor-relative residuals,141,1,-1.9586799144744873,34.46820831298828
gue_mouse_0,residual,Anchor-relative residuals,142,1,16.221284866333008,-9.800644874572754
gue_mouse_0,residual,Anchor-relative residuals,143,1,4.561277389526367,-18.386350631713867
gue_mouse_0,residual,Anchor-relative residuals,144,1,0.09365130215883255,8.700682640075684
gue_mouse_0,residual,Anchor-relative residuals,145,0,5.739192485809326,-28.427873611450195
gue_mouse_0,residual,Anchor-relative residuals,146,0,-0.5718215703964233,-31.3406982421875
gue_mouse_0,residual,Anchor-relative residuals,147,1,0.6978593468666077,27.989896774291992
gue_mouse_0,residual,Anchor-relative residuals,148,1,5.35153865814209,1.1469743251800537
gue_mouse_0,residual,Anchor-relative residuals,149,0,-11.538056373596191,-23.492488861083984
gue_mouse_0,residual,Anchor-relative residuals,150,1,3.0453262329101562,6.0281243324279785
gue_mouse_0,residual,Anchor-relative residuals,151,0,6.363150119781494,-15.29548454284668
gue_mouse_0,residual,Anchor-relative residuals,152,0,-1.2600160837173462,-25.10922622680664
gue_mouse_0,residual,Anchor-relative residuals,153,0,-7.510788440704346,28.774322509765625
gue_mouse_0,residual,Anchor-relative residuals,154,1,-8.288603782653809,38.87310791015625
gue_mouse_0,residual,Anchor-relative residuals,155,0,5.066688060760498,-24.279369354248047
gue_mouse_0,residual,Anchor-relative residuals,156,1,-2.802966833114624,32.928794860839844
gue_mouse_0,residual,Anchor-relative residuals,157,1,-11.795162200927734,25.654691696166992
gue_mouse_0,residual,Anchor-relative residuals,158,0,10.823348999023438,-21.592056274414062
gue_mouse_0,residual,Anchor-relative residuals,159,0,-8.794766426086426,5.081949710845947
gue_mouse_0,residual,Anchor-relative residuals,160,0,1.4274219274520874,-21.302167892456055
gue_mouse_0,residual,Anchor-relative residuals,161,0,1.298989176750183,24.10474967956543
gue_mouse_0,residual,Anchor-relative residuals,162,0,1.8084791898727417,-18.414812088012695
gue_mouse_0,residual,Anchor-relative residuals,163,1,-0.03117731772363186,-7.861129283905029
gue_mouse_0,residual,Anchor-relative residuals,164,1,-0.16347534954547882,36.83324432373047
gue_mouse_0,residual,Anchor-relative residuals,165,0,5.1646037101745605,-3.731468915939331
gue_mouse_0,residual,Anchor-relative residuals,166,1,-14.784920692443848,27.4488525390625
gue_mouse_0,residual,Anchor-relative residuals,167,1,-1.275079369544983,-8.185160636901855
gue_mouse_0,residual,Anchor-relative residuals,168,0,19.621376037597656,-14.664144515991211
gue_mouse_0,residual,Anchor-relative residuals,169,0,4.137763500213623,-26.965742111206055
gue_mouse_0,residual,Anchor-relative residuals,170,0,6.964292526245117,-25.9226016998291
gue_mouse_0,residual,Anchor-relative residuals,171,0,-5.989453315734863,9.46899127960205
gue_mouse_0,residual,Anchor-relative residuals,172,1,-1.3177621364593506,28.057968139648438
gue_mouse_0,residual,Anchor-relative residuals,173,0,13.54394245147705,-25.036624908447266
gue_mouse_0,residual,Anchor-relative residuals,174,1,-5.939966201782227,31.26180648803711
gue_mouse_0,residual,Anchor-relative residuals,175,0,0.8330206274986267,-28.460134506225586
gue_mouse_0,residual,Anchor-relative residuals,176,1,4.244112491607666,10.528660774230957
gue_mouse_0,residual,Anchor-relative residuals,177,1,2.643348217010498,22.924848556518555
gue_mouse_0,residual,Anchor-relative residuals,178,0,-5.39205265045166,-23.908390045166016
gue_mouse_0,residual,Anchor-relative residuals,179,1,-9.64261531829834,28.898481369018555
gue_mouse_0,residual,Anchor-relative residuals,180,1,-0.4896731674671173,29.174331665039062
gue_mouse_0,residual,Anchor-relative residuals,181,1,-9.132465362548828,35.146583557128906
gue_mouse_0,residual,Anchor-relative residuals,182,0,1.8691556453704834,-28.532655715942383
gue_mouse_0,residual,Anchor-relative residuals,183,1,-1.6865593194961548,-7.333261966705322
gue_mouse_0,residual,Anchor-relative residuals,184,0,-7.338653087615967,10.828146934509277
gue_mouse_0,residual,Anchor-relative residuals,185,0,0.05505392700433731,-15.135737419128418
gue_mouse_0,residual,Anchor-relative residuals,186,0,-2.1095898151397705,-30.88658332824707
gue_mouse_0,residual,Anchor-relative residuals,187,0,8.72258472442627,-17.484102249145508
gue_mouse_0,residual,Anchor-relative residuals,188,0,6.622933387756348,-23.79889488220215
gue_mouse_0,residual,Anchor-relative residuals,189,1,6.279878616333008,-11.884747505187988
gue_mouse_0,residual,Anchor-relative residuals,190,1,-3.543358564376831,6.970444202423096
gue_mouse_0,residual,Anchor-relative residuals,191,0,-2.499478340148926,-22.07014274597168
gue_mouse_0,residual,Anchor-relative residuals,192,0,-11.725909233093262,20.890939712524414
gue_mouse_0,residual,Anchor-relative residuals,193,0,-3.383404016494751,-17.566585540771484
gue_mouse_0,residual,Anchor-relative residuals,194,1,-4.868270397186279,24.859878540039062
gue_mouse_0,residual,Anchor-relative residuals,195,1,-0.43128424882888794,30.376686096191406
gue_mouse_0,residual,Anchor-relative residuals,196,0,3.7631309032440186,-11.701284408569336
gue_mouse_0,residual,Anchor-relative residuals,197,0,8.846061706542969,-13.220566749572754
gue_mouse_0,residual,Anchor-relative residuals,198,1,-13.504328727722168,30.036293029785156
gue_mouse_0,residual,Anchor-relative residuals,199,0,3.6961565017700195,-22.757617950439453
gue_mouse_0,residual,Anchor-relative residuals,200,1,13.085350036621094,-26.413610458374023
gue_mouse_0,residual,Anchor-relative residuals,201,0,8.595101356506348,-20.016862869262695
gue_mouse_0,residual,Anchor-relative residuals,202,0,15.380627632141113,-10.54377555847168
gue_mouse_0,residual,Anchor-relative residuals,203,0,-1.6071842908859253,-31.18785858154297
gue_mouse_0,residual,Anchor-relative residuals,204,0,7.970123291015625,-8.999983787536621
gue_mouse_0,residual,Anchor-relative residuals,205,0,-7.144428253173828,2.678968667984009
gue_mouse_0,residual,Anchor-relative residuals,206,1,-5.0727972984313965,7.3826704025268555
gue_mouse_0,residual,Anchor-relative residuals,207,0,16.079383850097656,-24.5570125579834
gue_mouse_0,residual,Anchor-relative residuals,208,1,-4.781786918640137,31.052743911743164
gue_mouse_0,residual,Anchor-relative residuals,209,0,5.499937534332275,-23.488874435424805
gue_mouse_0,residual,Anchor-relative residuals,210,0,0.03980023413896561,-30.720731735229492
gue_mouse_0,residual,Anchor-relative residuals,211,1,-0.15590409934520721,35.35580062866211
gue_mouse_0,residual,Anchor-relative residuals,212,1,-8.238659858703613,16.928564071655273
gue_mouse_0,residual,Anchor-relative residuals,213,1,-16.0546817779541,32.15058135986328
gue_mouse_0,residual,Anchor-relative residuals,214,0,1.5254199504852295,-14.495234489440918
gue_mouse_0,residual,Anchor-relative residuals,215,0,5.276996612548828,-20.97737693786621
gue_mouse_0,residual,Anchor-relative residuals,216,0,7.2485270500183105,-29.367576599121094
gue_mouse_0,residual,Anchor-relative residuals,217,1,-14.499458312988281,30.280752182006836
gue_mouse_0,residual,Anchor-relative residuals,218,1,-12.835949897766113,30.692041397094727
gue_mouse_0,residual,Anchor-relative residuals,219,1,-7.502505779266357,8.170727729797363
gue_mouse_0,residual,Anchor-relative residuals,220,0,-10.392471313476562,-17.3239803314209
gue_mouse_0,residual,Anchor-relative residuals,221,1,-4.38904333114624,38.51311492919922
gue_mouse_0,residual,Anchor-relative residuals,222,1,-0.7060095071792603,34.830421447753906
gue_mouse_0,residual,Anchor-relative residuals,223,0,-6.80613374710083,-21.894500732421875
gue_mouse_0,residual,Anchor-relative residuals,224,0,6.437933444976807,1.689329743385315
gue_mouse_0,residual,Anchor-relative residuals,225,0,-3.0619163513183594,12.131963729858398
gue_mouse_0,residual,Anchor-relative residuals,226,1,1.1073594093322754,3.233759880065918
gue_mouse_0,residual,Anchor-relative residuals,227,0,5.418198585510254,-14.677815437316895
gue_mouse_0,residual,Anchor-relative residuals,228,1,-2.4783976078033447,35.592777252197266
gue_mouse_0,residual,Anchor-relative residuals,229,0,17.828954696655273,-22.360952377319336
gue_mouse_0,residual,Anchor-relative residuals,230,0,12.078302383422852,-20.336610794067383
gue_mouse_0,residual,Anchor-relative residuals,231,0,-6.936581611633301,14.992393493652344
gue_mouse_0,residual,Anchor-relative residuals,232,1,-11.702244758605957,31.247068405151367
gue_mouse_0,residual,Anchor-relative residuals,233,0,-4.82041072845459,-12.680784225463867
gue_mouse_0,residual,Anchor-relative residuals,234,0,2.4654250144958496,-21.824434280395508
gue_mouse_0,residual,Anchor-relative residuals,235,1,4.2528605461120605,-13.064602851867676
gue_mouse_0,residual,Anchor-relative residuals,236,0,6.027740001678467,-31.11459732055664
gue_mouse_0,residual,Anchor-relative residuals,237,1,-10.366806030273438,37.943450927734375
gue_mouse_0,residual,Anchor-relative residuals,238,1,-2.149001121520996,27.912731170654297
gue_mouse_0,residual,Anchor-relative residuals,239,0,9.032054901123047,6.146672248840332
gue_mouse_0,residual,Anchor-relative residuals,240,0,-8.929133415222168,9.419464111328125
gue_mouse_0,residual,Anchor-relative residuals,241,0,13.841628074645996,-18.243688583374023
gue_mouse_0,residual,Anchor-relative residuals,242,1,-2.4067225456237793,27.3543758392334
gue_mouse_0,residual,Anchor-relative residuals,243,0,9.020220756530762,-19.064067840576172
gue_mouse_0,residual,Anchor-relative residuals,244,1,2.021942138671875,1.0070725679397583
gue_mouse_0,residual,Anchor-relative residuals,245,1,-8.621747016906738,24.171377182006836
gue_mouse_0,residual,Anchor-relative residuals,246,1,-11.338862419128418,27.89045524597168
gue_mouse_0,residual,Anchor-relative residuals,247,1,-13.41003131866455,26.7808895111084
gue_mouse_0,residual,Anchor-relative residuals,248,1,-7.79362678527832,-17.067039489746094
gue_mouse_0,residual,Anchor-relative residuals,249,0,-5.169364929199219,-14.845762252807617
gue_mouse_0,residual,Anchor-relative residuals,250,1,3.5508575439453125,4.27627420425415
gue_mouse_0,residual,Anchor-relative residuals,251,0,0.05027269199490547,-29.36849021911621
gue_mouse_0,residual,Anchor-relative residuals,252,0,1.6896181106567383,-11.602591514587402
gue_mouse_0,residual,Anchor-relative residuals,253,1,-7.153911113739014,25.344863891601562
gue_mouse_0,residual,Anchor-relative residuals,254,1,-1.474485993385315,19.27505111694336
gue_mouse_0,residual,Anchor-relative residuals,255,0,-8.785177230834961,6.733597278594971
gue_mouse_0,residual,Anchor-relative residuals,256,0,-6.9290924072265625,-13.799537658691406
gue_mouse_0,residual,Anchor-relative residuals,257,0,7.414676666259766,-11.0210599899292
gue_mouse_0,residual,Anchor-relative residuals,258,0,-6.290597438812256,12.689568519592285
gue_mouse_0,residual,Anchor-relative residuals,259,1,2.1675169467926025,11.648630142211914
gue_mouse_0,residual,Anchor-relative residuals,260,0,3.70404052734375,-15.826665878295898
gue_mouse_0,residual,Anchor-relative residuals,261,1,-7.935669422149658,31.137083053588867
gue_mouse_0,residual,Anchor-relative residuals,262,1,12.915971755981445,-14.687020301818848
gue_mouse_0,residual,Anchor-relative residuals,263,1,3.576547145843506,15.955676078796387
gue_mouse_0,residual,Anchor-relative residuals,264,1,-12.84429931640625,25.417903900146484
gue_mouse_0,residual,Anchor-relative residuals,265,1,-2.2349488735198975,5.442934989929199
gue_mouse_0,residual,Anchor-relative residuals,266,0,-0.3299662470817566,-24.408109664916992
gue_mouse_0,residual,Anchor-relative residuals,267,1,-3.9766643047332764,31.55286407470703
gue_mouse_0,residual,Anchor-relative residuals,268,0,11.151297569274902,-18.12885093688965
gue_mouse_0,residual,Anchor-relative residuals,269,0,-2.0647313594818115,26.039352416992188
gue_mouse_0,residual,Anchor-relative residuals,270,0,17.217424392700195,-19.661081314086914
gue_mouse_0,residual,Anchor-relative residuals,271,0,7.1048688888549805,-15.980313301086426
gue_mouse_0,residual,Anchor-relative residuals,272,0,2.4621787071228027,-16.109310150146484
gue_mouse_0,residual,Anchor-relative residuals,273,0,2.063371181488037,-10.161125183105469
gue_mouse_0,residual,Anchor-relative residuals,274,1,-4.353056907653809,36.175323486328125
gue_mouse_0,residual,Anchor-relative residuals,275,0,-7.745792865753174,-26.007789611816406
gue_mouse_0,residual,Anchor-relative residuals,276,0,-0.34751635789871216,19.3883113861084
gue_mouse_0,residual,Anchor-relative residuals,277,1,-2.7802224159240723,41.36253356933594
gue_mouse_0,residual,Anchor-relative residuals,278,1,-3.03387451171875,-25.49298095703125
gue_mouse_0,residual,Anchor-relative residuals,279,1,-0.23068515956401825,-22.872278213500977
gue_mouse_0,residual,Anchor-relative residuals,280,0,0.6928468346595764,35.786075592041016
gue_mouse_0,residual,Anchor-relative residuals,281,1,-15.353747367858887,24.399444580078125
gue_mouse_0,residual,Anchor-relative residuals,282,0,1.4415314197540283,-29.84632682800293
gue_mouse_0,residual,Anchor-relative residuals,283,1,-6.521215915679932,32.12763214111328
gue_mouse_0,residual,Anchor-relative residuals,284,0,7.584789276123047,-14.172927856445312
gue_mouse_0,residual,Anchor-relative residuals,285,1,0.0909651443362236,11.657876968383789
gue_mouse_0,residual,Anchor-relative residuals,286,0,2.1254732608795166,-19.77583122253418
gue_mouse_0,residual,Anchor-relative residuals,287,1,-11.99289321899414,-22.520177841186523
gue_mouse_0,residual,Anchor-relative residuals,288,1,-0.4978211522102356,7.079139709472656
gue_mouse_0,residual,Anchor-relative residuals,289,0,6.082449913024902,-7.545995712280273
gue_mouse_0,residual,Anchor-relative residuals,290,0,-0.24783442914485931,-23.3314151763916
gue_mouse_0,residual,Anchor-relative residuals,291,0,-7.236281394958496,15.296080589294434
gue_mouse_0,residual,Anchor-relative residuals,292,0,2.453554153442383,-9.35095500946045
gue_mouse_0,residual,Anchor-relative residuals,293,0,18.073667526245117,-20.489105224609375
gue_mouse_0,residual,Anchor-relative residuals,294,1,-2.034137725830078,36.309326171875
gue_mouse_0,residual,Anchor-relative residuals,295,1,2.5987462997436523,30.638525009155273
gue_mouse_0,residual,Anchor-relative residuals,296,0,-9.838945388793945,14.366950988769531
gue_mouse_0,residual,Anchor-relative residuals,297,1,-19.262521743774414,24.403491973876953
gue_mouse_0,residual,Anchor-relative residuals,298,0,-1.9690847396850586,-0.27263903617858887
gue_mouse_0,residual,Anchor-relative residuals,299,1,-10.08809757232666,-20.078350067138672
gue_mouse_0,residual,Anchor-relative residuals,300,1,-1.6552027463912964,35.08878707885742
gue_mouse_0,residual,Anchor-relative residuals,301,1,-4.480937480926514,36.973602294921875
gue_mouse_0,residual,Anchor-relative residuals,302,0,2.976897954940796,-24.72004508972168
gue_mouse_0,residual,Anchor-relative residuals,303,0,-0.6465493440628052,-17.83103370666504
gue_mouse_0,residual,Anchor-relative residuals,304,1,-9.586481094360352,11.919648170471191
gue_mouse_0,residual,Anchor-relative residuals,305,0,4.8529558181762695,-21.01572608947754
gue_mouse_0,residual,Anchor-relative residuals,306,1,4.271573066711426,-10.673372268676758
gue_mouse_0,residual,Anchor-relative residuals,307,1,-14.375022888183594,19.39080810546875
gue_mouse_0,residual,Anchor-relative residuals,308,0,3.8999876976013184,26.779682159423828
gue_mouse_0,residual,Anchor-relative residuals,309,1,-8.223750114440918,-22.593765258789062
gue_mouse_0,residual,Anchor-relative residuals,310,1,1.6411232948303223,22.9676570892334
gue_mouse_0,residual,Anchor-relative residuals,311,0,-11.452876091003418,-26.462291717529297
gue_mouse_0,residual,Anchor-relative residuals,312,0,10.006650924682617,-10.58143138885498
gue_mouse_0,residual,Anchor-relative residuals,313,1,1.4836726188659668,33.70292282104492
gue_mouse_0,residual,Anchor-relative residuals,314,1,-1.015041708946228,32.874671936035156
gue_mouse_0,residual,Anchor-relative residuals,315,1,-14.105061531066895,24.0538272857666
gue_mouse_0,residual,Anchor-relative residuals,316,0,0.07122942060232162,-25.51149559020996
gue_mouse_0,residual,Anchor-relative residuals,317,1,-13.600961685180664,22.222158432006836
gue_mouse_0,residual,Anchor-relative residuals,318,0,-9.80433464050293,14.292768478393555
gue_mouse_0,residual,Anchor-relative residuals,319,1,0.5519060492515564,30.517297744750977
gue_mouse_0,residual,Anchor-relative residuals,320,0,0.771600067615509,-6.916238784790039
gue_mouse_0,residual,Anchor-relative residuals,321,0,3.89888072013855,-20.493947982788086
gue_mouse_0,residual,Anchor-relative residuals,322,1,6.2383880615234375,7.528588771820068
gue_mouse_0,residual,Anchor-relative residuals,323,1,-9.504729270935059,32.390193939208984
gue_mouse_0,residual,Anchor-relative residuals,324,0,11.481293678283691,-19.80997657775879
gue_mouse_0,residual,Anchor-relative residuals,325,1,-3.123074769973755,40.28312301635742
gue_mouse_0,residual,Anchor-relative residuals,326,1,-9.156081199645996,-25.259775161743164
gue_mouse_0,residual,Anchor-relative residuals,327,0,5.652085304260254,-13.211655616760254
gue_mouse_0,residual,Anchor-relative residuals,328,0,8.392035484313965,-23.77007484436035
gue_mouse_0,residual,Anchor-relative residuals,329,1,2.9183156490325928,30.471574783325195
gue_mouse_0,residual,Anchor-relative residuals,330,0,10.93490982055664,-12.558329582214355
gue_mouse_0,residual,Anchor-relative residuals,331,0,9.36549186706543,-2.566962242126465
gue_mouse_0,residual,Anchor-relative residuals,332,1,-15.355422019958496,23.424264907836914
gue_mouse_0,residual,Anchor-relative residuals,333,0,-0.4924280643463135,-20.834774017333984
gue_mouse_0,residual,Anchor-relative residuals,334,0,5.855897426605225,-10.070178985595703
gue_mouse_0,residual,Anchor-relative residuals,335,1,8.890515327453613,-7.08884859085083
gue_mouse_0,residual,Anchor-relative residuals,336,0,-3.752816677093506,-28.38774299621582
gue_mouse_0,residual,Anchor-relative residuals,337,0,-14.925491333007812,23.041296005249023
gue_mouse_0,residual,Anchor-relative residuals,338,1,1.058296799659729,-15.821712493896484
gue_mouse_0,residual,Anchor-relative residuals,339,0,-1.8655755519866943,-0.8233675360679626
gue_mouse_0,residual,Anchor-relative residuals,340,1,-5.258182525634766,37.23855209350586
gue_mouse_0,residual,Anchor-relative residuals,341,1,5.419004440307617,-5.274081230163574
gue_mouse_0,residual,Anchor-relative residuals,342,0,-1.003945231437683,23.908679962158203
gue_mouse_0,residual,Anchor-relative residuals,343,1,-14.525930404663086,27.926061630249023
gue_mouse_0,residual,Anchor-relative residuals,344,0,7.288908958435059,-18.372146606445312
gue_mouse_0,residual,Anchor-relative residuals,345,0,-6.872960567474365,-24.629798889160156
gue_mouse_0,residual,Anchor-relative residuals,346,1,4.692521572113037,-3.5073354244232178
gue_mouse_0,residual,Anchor-relative residuals,347,1,6.563607692718506,11.923638343811035
gue_mouse_0,residual,Anchor-relative residuals,348,0,17.80875015258789,-14.064533233642578
gue_mouse_0,residual,Anchor-relative residuals,349,0,-9.304056167602539,9.910978317260742
gue_mouse_0,residual,Anchor-relative residuals,350,1,-3.085503578186035,35.57078170776367
gue_mouse_0,residual,Anchor-relative residuals,351,0,-0.6238448023796082,-15.67138671875
gue_mouse_0,residual,Anchor-relative residuals,352,0,0.3681248128414154,-13.464858055114746
gue_mouse_0,residual,Anchor-relative residuals,353,0,-1.659621000289917,-12.189576148986816
gue_mouse_0,residual,Anchor-relative residuals,354,0,-1.1692270040512085,8.472001075744629
gue_mouse_0,residual,Anchor-relative residuals,355,1,-0.629997730255127,27.149301528930664
gue_mouse_0,residual,Anchor-relative residuals,356,1,-5.1966938972473145,23.596864700317383
gue_mouse_0,residual,Anchor-relative residuals,357,0,11.173727035522461,-17.26934051513672
gue_mouse_0,residual,Anchor-relative residuals,358,0,16.863582611083984,-18.840145111083984
gue_mouse_0,residual,Anchor-relative residuals,359,0,6.863101005554199,-17.81472396850586
gue_mouse_0,residual,Anchor-relative residuals,360,1,1.0272719860076904,29.560894012451172
gue_mouse_0,residual,Anchor-relative residuals,361,1,-6.391664028167725,30.621814727783203
gue_mouse_0,residual,Anchor-relative residuals,362,1,-16.912860870361328,21.728023529052734
gue_mouse_0,residual,Anchor-relative residuals,363,0,-5.0537495613098145,17.017601013183594
gue_mouse_0,residual,Anchor-relative residuals,364,1,2.1239774227142334,-9.75847339630127
gue_mouse_0,residual,Anchor-relative residuals,365,1,-7.926201820373535,27.03618621826172
gue_mouse_0,residual,Anchor-relative residuals,366,1,-11.902111053466797,11.466102600097656
gue_mouse_0,residual,Anchor-relative residuals,367,0,11.866382598876953,-15.594548225402832
gue_mouse_0,residual,Anchor-relative residuals,368,1,-0.682830810546875,25.064807891845703
gue_mouse_0,residual,Anchor-relative residuals,369,0,10.324140548706055,-16.45701026916504
gue_mouse_0,residual,Anchor-relative residuals,370,0,-6.6923723220825195,8.884798049926758
gue_mouse_0,residual,Anchor-relative residuals,371,0,-7.414251327514648,7.176152229309082
gue_mouse_0,residual,Anchor-relative residuals,372,0,-0.2661524713039398,-27.65694236755371
gue_mouse_0,residual,Anchor-relative residuals,373,1,3.8837902545928955,35.91548156738281
gue_mouse_0,residual,Anchor-relative residuals,374,0,5.677755832672119,-29.672176361083984
gue_mouse_0,residual,Anchor-relative residuals,375,0,2.4700613021850586,29.093908309936523
gue_mouse_0,residual,Anchor-relative residuals,376,0,-10.895750999450684,22.9852294921875
gue_mouse_0,residual,Anchor-relative residuals,377,1,4.352519989013672,1.9805409908294678
gue_mouse_0,residual,Anchor-relative residuals,378,1,-12.367094993591309,28.874923706054688
gue_mouse_0,residual,Anchor-relative residuals,379,1,-5.706300258636475,24.74309730529785
gue_mouse_0,residual,Anchor-relative residuals,380,1,-4.082330226898193,35.76631164550781
gue_mouse_0,residual,Anchor-relative residuals,381,1,-5.448731422424316,33.772369384765625
gue_mouse_0,residual,Anchor-relative residuals,382,1,0.25752532482147217,-6.830019474029541
gue_mouse_0,residual,Anchor-relative residuals,383,0,3.9550795555114746,-29.06017303466797
gue_mouse_0,residual,Anchor-relative residuals,384,0,2.6475744247436523,-28.7054386138916
gue_mouse_0,residual,Anchor-relative residuals,385,1,-2.971909284591675,-21.884765625
gue_mouse_0,residual,Anchor-relative residuals,386,0,12.563494682312012,-21.93657684326172
gue_mouse_0,residual,Anchor-relative residuals,387,0,5.852386951446533,5.84257173538208
gue_mouse_0,residual,Anchor-relative residuals,388,0,3.1670289039611816,-15.176886558532715
gue_mouse_0,residual,Anchor-relative residuals,389,0,4.146944522857666,-19.27347755432129
gue_mouse_0,residual,Anchor-relative residuals,390,1,-3.026071786880493,-9.892168045043945
gue_mouse_0,residual,Anchor-relative residuals,391,0,13.373854637145996,-15.338750839233398
gue_mouse_0,residual,Anchor-relative residuals,392,0,12.439462661743164,-27.301605224609375
gue_mouse_0,residual,Anchor-relative residuals,393,1,6.663192272186279,18.151418685913086
gue_mouse_0,residual,Anchor-relative residuals,394,0,7.180812358856201,4.244990348815918
gue_mouse_0,residual,Anchor-relative residuals,395,0,14.799601554870605,-18.54113006591797
gue_mouse_0,residual,Anchor-relative residuals,396,1,-3.8639376163482666,33.975643157958984
gue_mouse_0,residual,Anchor-relative residuals,397,1,-16.1621036529541,22.997379302978516
gue_mouse_0,residual,Anchor-relative residuals,398,1,-15.874262809753418,19.548038482666016
gue_mouse_0,residual,Anchor-relative residuals,399,1,-6.32415771484375,37.55788040161133
gue_mouse_0,residual,Anchor-relative residuals,400,1,2.59306001663208,19.484603881835938
gue_mouse_0,residual,Anchor-relative residuals,401,0,0.975963830947876,-20.30669593811035
gue_mouse_0,residual,Anchor-relative residuals,402,1,-1.1857854127883911,-21.593791961669922
gue_mouse_0,residual,Anchor-relative residuals,403,1,-9.802098274230957,12.303231239318848
gue_mouse_0,residual,Anchor-relative residuals,404,1,3.8199589252471924,7.030385494232178
gue_mouse_0,residual,Anchor-relative residuals,405,0,7.763549327850342,11.512049674987793
gue_mouse_0,residual,Anchor-relative residuals,406,1,7.310545444488525,-8.872698783874512
gue_mouse_0,residual,Anchor-relative residuals,407,1,-12.194857597351074,23.0989990234375
gue_mouse_0,residual,Anchor-relative residuals,408,1,-5.6493377685546875,37.33135986328125
gue_mouse_0,residual,Anchor-relative residuals,409,1,0.8753923773765564,1.9858936071395874
gue_mouse_0,residual,Anchor-relative residuals,410,0,-1.7330979108810425,7.972797393798828
gue_mouse_0,residual,Anchor-relative residuals,411,1,-9.887798309326172,26.449766159057617
gue_mouse_0,residual,Anchor-relative residuals,412,1,6.146500110626221,27.03415870666504
gue_mouse_0,residual,Anchor-relative residuals,413,1,-5.292757511138916,-20.197954177856445
gue_mouse_0,residual,Anchor-relative residuals,414,1,0.079200878739357,12.13862133026123
gue_mouse_0,residual,Anchor-relative residuals,415,1,1.5337539911270142,34.09553527832031
gue_mouse_0,residual,Anchor-relative residuals,416,0,4.556239128112793,-28.713226318359375
gue_mouse_0,residual,Anchor-relative residuals,417,0,-0.3320397436618805,3.000809907913208
gue_mouse_0,residual,Anchor-relative residuals,418,1,-16.323265075683594,23.495359420776367
gue_mouse_0,residual,Anchor-relative residuals,419,1,-11.535600662231445,32.89653778076172
gue_mouse_0,residual,Anchor-relative residuals,420,0,-6.8940653800964355,-23.704925537109375
gue_mouse_0,residual,Anchor-relative residuals,421,0,-9.79306411743164,-26.01506233215332
gue_mouse_0,residual,Anchor-relative residuals,422,1,7.402612209320068,6.646798133850098
gue_mouse_0,residual,Anchor-relative residuals,423,0,9.227944374084473,-31.117685317993164
gue_mouse_0,residual,Anchor-relative residuals,424,0,-6.623813152313232,-25.21942138671875
gue_mouse_0,residual,Anchor-relative residuals,425,0,-8.9474458694458,-23.86855125427246
gue_mouse_0,residual,Anchor-relative residuals,426,1,13.63192081451416,-26.542604446411133
gue_mouse_0,residual,Anchor-relative residuals,427,0,-7.775947093963623,-22.456918716430664
gue_mouse_0,residual,Anchor-relative residuals,428,0,-5.753088474273682,-23.043373107910156
gue_mouse_0,residual,Anchor-relative residuals,429,0,-8.689075469970703,11.636016845703125
gue_mouse_0,residual,Anchor-relative residuals,430,0,3.7722511291503906,-13.980134010314941
gue_mouse_0,residual,Anchor-relative residuals,431,1,2.708207607269287,7.552651882171631
gue_mouse_0,residual,Anchor-relative residuals,432,0,-9.459534645080566,-23.34130859375
gue_mouse_0,residual,Anchor-relative residuals,433,0,2.1804521083831787,-29.46706771850586
gue_mouse_0,residual,Anchor-relative residuals,434,1,-3.6456315517425537,-20.60349464416504
gue_mouse_0,residual,Anchor-relative residuals,435,1,1.9497572183609009,30.14533233642578
gue_mouse_0,residual,Anchor-relative residuals,436,1,-1.0110292434692383,-8.701468467712402
gue_mouse_0,residual,Anchor-relative residuals,437,1,-11.414026260375977,32.42170333862305
gue_mouse_0,residual,Anchor-relative residuals,438,0,-2.5999929904937744,-20.519372940063477
gue_mouse_0,residual,Anchor-relative residuals,439,1,-8.753132820129395,6.263613700866699
gue_mouse_0,residual,Anchor-relative residuals,440,0,13.045140266418457,-18.917985916137695
gue_mouse_0,residual,Anchor-relative residuals,441,1,-2.314641237258911,26.86320686340332
gue_mouse_0,residual,Anchor-relative residuals,442,1,-6.451600074768066,39.02726364135742
gue_mouse_0,residual,Anchor-relative residuals,443,1,-1.590240716934204,33.30320739746094
gue_mouse_0,residual,Anchor-relative residuals,444,0,14.950477600097656,-24.19660758972168
gue_mouse_0,residual,Anchor-relative residuals,445,1,-5.999390602111816,36.228206634521484
gue_mouse_0,residual,Anchor-relative residuals,446,0,7.489599227905273,6.464905738830566
gue_mouse_0,residual,Anchor-relative residuals,447,0,-4.369807243347168,-18.548667907714844
gue_mouse_0,residual,Anchor-relative residuals,448,1,8.38713550567627,-8.240925788879395
gue_mouse_0,residual,Anchor-relative residuals,449,0,3.43738055229187,-18.858768463134766
gue_mouse_0,residual,Anchor-relative residuals,450,1,2.6684787273406982,19.656967163085938
gue_mouse_0,residual,Anchor-relative residuals,451,1,0.5669056177139282,39.97272872924805
gue_mouse_0,residual,Anchor-relative residuals,452,0,-1.4362211227416992,-28.571170806884766
gue_mouse_0,residual,Anchor-relative residuals,453,0,10.390472412109375,-19.91592788696289
gue_mouse_0,residual,Anchor-relative residuals,454,0,-5.512284278869629,3.7530558109283447
gue_mouse_0,residual,Anchor-relative residuals,455,1,-9.5558500289917,19.857688903808594
gue_mouse_0,residual,Anchor-relative residuals,456,1,9.010915756225586,3.2871594429016113
gue_mouse_0,residual,Anchor-relative residuals,457,1,-12.63661003112793,26.666648864746094
gue_mouse_0,residual,Anchor-relative residuals,458,1,4.563569068908691,6.590528964996338
gue_mouse_0,residual,Anchor-relative residuals,459,1,-8.849777221679688,-27.004343032836914
gue_mouse_0,residual,Anchor-relative residuals,460,0,8.517111778259277,-7.220013618469238
gue_mouse_0,residual,Anchor-relative residuals,461,1,12.03455638885498,-12.122726440429688
gue_mouse_0,residual,Anchor-relative residuals,462,0,-5.583193778991699,-21.55455780029297
gue_mouse_0,residual,Anchor-relative residuals,463,1,-2.9877841472625732,34.6435546875
gue_mouse_0,residual,Anchor-relative residuals,464,0,-4.275600910186768,-30.826457977294922
gue_mouse_0,residual,Anchor-relative residuals,465,1,3.030341863632202,-16.38637924194336
gue_mouse_0,residual,Anchor-relative residuals,466,1,9.325854301452637,-30.027502059936523
gue_mouse_0,residual,Anchor-relative residuals,467,1,-8.874220848083496,37.61465835571289
gue_mouse_0,residual,Anchor-relative residuals,468,1,-4.154960632324219,-9.214179992675781
gue_mouse_0,residual,Anchor-relative residuals,469,1,-4.8608622550964355,35.105560302734375
gue_mouse_0,residual,Anchor-relative residuals,470,1,-15.133004188537598,19.675790786743164
gue_mouse_0,residual,Anchor-relative residuals,471,1,-9.396270751953125,7.2294721603393555
gue_mouse_0,residual,Anchor-relative residuals,472,0,1.97694730758667,-27.850507736206055
gue_mouse_0,residual,Anchor-relative residuals,473,0,-6.738217353820801,6.805091381072998
gue_mouse_0,residual,Anchor-relative residuals,474,0,0.3964323401451111,23.380504608154297
gue_mouse_0,residual,Anchor-relative residuals,475,0,8.264120101928711,-24.67901039123535
gue_mouse_0,residual,Anchor-relative residuals,476,1,-4.2620697021484375,25.453876495361328
gue_mouse_0,residual,Anchor-relative residuals,477,1,-6.185420989990234,28.055849075317383
gue_mouse_0,residual,Anchor-relative residuals,478,0,13.214829444885254,-22.678577423095703
gue_mouse_0,residual,Anchor-relative residuals,479,1,-4.281977653503418,10.760428428649902
gue_mouse_0,residual,Anchor-relative residuals,480,0,-2.8598856925964355,-18.506309509277344
gue_mouse_0,residual,Anchor-relative residuals,481,0,-3.6320700645446777,2.9262449741363525
gue_mouse_0,residual,Anchor-relative residuals,482,1,-6.552957057952881,35.637088775634766
gue_mouse_0,residual,Anchor-relative residuals,483,0,-6.8171539306640625,12.163399696350098
gue_mouse_0,residual,Anchor-relative residuals,484,1,-8.695571899414062,5.881462097167969
gue_mouse_0,residual,Anchor-relative residuals,485,0,0.902798056602478,-24.643644332885742
gue_mouse_0,residual,Anchor-relative residuals,486,1,-2.297922134399414,35.09410858154297
gue_mouse_0,residual,Anchor-relative residuals,487,1,4.725703716278076,13.176300048828125
gue_mouse_0,residual,Anchor-relative residuals,488,0,12.433192253112793,-18.29047393798828
gue_mouse_0,residual,Anchor-relative residuals,489,1,-3.584871292114258,27.93324851989746
gue_mouse_0,residual,Anchor-relative residuals,490,0,9.445826530456543,-26.843591690063477
gue_mouse_0,residual,Anchor-relative residuals,491,1,-0.6083624958992004,30.844696044921875
gue_mouse_0,residual,Anchor-relative residuals,492,0,-9.245409965515137,13.785778999328613
gue_mouse_0,residual,Anchor-relative residuals,493,1,-1.426971673965454,37.79405212402344
gue_mouse_0,residual,Anchor-relative residuals,494,1,6.371463775634766,15.812775611877441
gue_mouse_0,residual,Anchor-relative residuals,495,1,-4.350960731506348,-7.846129417419434
gue_mouse_0,residual,Anchor-relative residuals,496,0,-11.41468620300293,-21.85338020324707
gue_mouse_0,residual,Anchor-relative residuals,497,1,-6.5184173583984375,34.477176666259766
gue_mouse_0,residual,Anchor-relative residuals,498,1,5.979133129119873,-17.146974563598633
gue_mouse_0,residual,Anchor-relative residuals,499,0,-3.038886308670044,-17.639415740966797
gue_mouse_0,residual,Anchor-relative residuals,500,1,1.0892423391342163,1.2073131799697876
gue_mouse_0,residual,Anchor-relative residuals,501,1,-7.568809509277344,7.169839382171631
gue_mouse_0,residual,Anchor-relative residuals,502,1,-6.948627471923828,38.33221435546875
gue_mouse_0,residual,Anchor-relative residuals,503,1,15.237772941589355,-24.53437042236328
gue_mouse_0,residual,Anchor-relative residuals,504,1,-3.8584704399108887,33.24525451660156
gue_mouse_0,residual,Anchor-relative residuals,505,1,-4.114816665649414,-7.980038166046143
gue_mouse_0,residual,Anchor-relative residuals,506,0,-2.2364649772644043,-6.592875003814697
gue_mouse_0,residual,Anchor-relative residuals,507,0,-0.2829008400440216,32.553489685058594
gue_mouse_0,residual,Anchor-relative residuals,508,1,-3.1283302307128906,28.53009033203125
gue_mouse_0,residual,Anchor-relative residuals,509,0,-3.9238264560699463,5.594906330108643
gue_mouse_0,residual,Anchor-relative residuals,510,0,-5.383974552154541,-16.177906036376953
gue_mouse_0,residual,Anchor-relative residuals,511,0,7.962928295135498,-25.85231590270996
gue_mouse_0,residual,Anchor-relative residuals,512,1,-2.4342634677886963,20.48073387145996
gue_mouse_0,residual,Anchor-relative residuals,513,0,-2.347313642501831,6.92459774017334
gue_mouse_0,residual,Anchor-relative residuals,514,0,12.260058403015137,-19.263530731201172
gue_mouse_0,residual,Anchor-relative residuals,515,1,9.982094764709473,-18.06698989868164
gue_mouse_0,residual,Anchor-relative residuals,516,0,-8.794147491455078,-25.101215362548828
gue_mouse_0,residual,Anchor-relative residuals,517,1,1.86880624294281,27.05193519592285
gue_mouse_0,residual,Anchor-relative residuals,518,1,-3.9389901161193848,3.1617062091827393
gue_mouse_0,residual,Anchor-relative residuals,519,0,1.8221075534820557,3.10005521774292
gue_mouse_0,residual,Anchor-relative residuals,520,0,0.23011547327041626,-19.8139591217041
gue_mouse_0,residual,Anchor-relative residuals,521,0,-5.658335208892822,0.26747986674308777
gue_mouse_0,residual,Anchor-relative residuals,522,0,5.806478977203369,26.82338523864746
gue_mouse_0,residual,Anchor-relative residuals,523,0,1.0262084007263184,-22.216047286987305
gue_mouse_0,residual,Anchor-relative residuals,524,0,-6.911657333374023,34.356529235839844
gue_mouse_0,residual,Anchor-relative residuals,525,1,-4.465960502624512,26.6876220703125
gue_mouse_0,residual,Anchor-relative residuals,526,0,13.77712631225586,-24.66680908203125
gue_mouse_0,residual,Anchor-relative residuals,527,1,-2.8039674758911133,37.86159896850586
gue_mouse_0,residual,Anchor-relative residuals,528,0,2.3433682918548584,-14.538043975830078
gue_mouse_0,residual,Anchor-relative residuals,529,1,-13.84518814086914,26.626808166503906
gue_mouse_0,residual,Anchor-relative residuals,530,0,0.5040066838264465,8.117494583129883
gue_mouse_0,residual,Anchor-relative residuals,531,0,-3.6358838081359863,-30.805139541625977
gue_mouse_0,residual,Anchor-relative residuals,532,1,-15.47618579864502,32.31362533569336
gue_mouse_0,residual,Anchor-relative residuals,533,1,-3.183854103088379,19.100095748901367
gue_mouse_0,residual,Anchor-relative residuals,534,1,-2.1477129459381104,12.600900650024414
gue_mouse_0,residual,Anchor-relative residuals,535,1,-14.00402545928955,27.930818557739258
gue_mouse_0,residual,Anchor-relative residuals,536,0,11.971384048461914,-16.92254066467285
gue_mouse_0,residual,Anchor-relative residuals,537,0,7.307011127471924,-5.727170467376709
gue_mouse_0,residual,Anchor-relative residuals,538,1,-8.784873962402344,27.477636337280273
gue_mouse_0,residual,Anchor-relative residuals,539,0,-1.4969006776809692,16.397682189941406
gue_mouse_0,residual,Anchor-relative residuals,540,0,20.396774291992188,-17.436914443969727
gue_mouse_0,residual,Anchor-relative residuals,541,0,-4.704786777496338,8.250249862670898
gue_mouse_0,residual,Anchor-relative residuals,542,1,-3.8277103900909424,33.454627990722656
gue_mouse_0,residual,Anchor-relative residuals,543,0,6.215694904327393,-27.694374084472656
gue_mouse_0,residual,Anchor-relative residuals,544,0,9.048271179199219,-21.874696731567383
gue_mouse_0,residual,Anchor-relative residuals,545,1,-5.271225929260254,27.858991622924805
gue_mouse_0,residual,Anchor-relative residuals,546,0,1.679505467414856,-25.654396057128906
gue_mouse_0,residual,Anchor-relative residuals,547,1,6.565752029418945,6.724912643432617
gue_mouse_0,residual,Anchor-relative residuals,548,1,-1.385033369064331,40.923248291015625
gue_mouse_0,residual,Anchor-relative residuals,549,1,4.741869926452637,7.2598772048950195
gue_mouse_0,residual,Anchor-relative residuals,550,1,-4.803297996520996,27.637468338012695
gue_mouse_0,residual,Anchor-relative residuals,551,0,4.083527088165283,-17.378644943237305
gue_mouse_0,residual,Anchor-relative residuals,552,1,-7.551840782165527,36.40085983276367
gue_mouse_0,residual,Anchor-relative residuals,553,1,-5.0940446853637695,26.592531204223633
gue_mouse_0,residual,Anchor-relative residuals,554,0,4.818743705749512,-8.876611709594727
gue_mouse_0,residual,Anchor-relative residuals,555,1,-11.588488578796387,21.418548583984375
gue_mouse_0,residual,Anchor-relative residuals,556,1,-15.8650541305542,24.66682243347168
gue_mouse_0,residual,Anchor-relative residuals,557,0,10.324990272521973,-28.16455841064453
gue_mouse_0,residual,Anchor-relative residuals,558,0,7.268070697784424,26.63547706604004
gue_mouse_0,residual,Anchor-relative residuals,559,1,-8.335777282714844,22.550962448120117
gue_mouse_0,residual,Anchor-relative residuals,560,1,3.2146942615509033,12.200552940368652
gue_mouse_0,residual,Anchor-relative residuals,561,0,15.169478416442871,-28.829404830932617
gue_mouse_0,residual,Anchor-relative residuals,562,1,-1.2906287908554077,34.29581832885742
gue_mouse_0,residual,Anchor-relative residuals,563,0,0.07699847966432571,5.726944446563721
gue_mouse_0,residual,Anchor-relative residuals,564,1,2.2692174911499023,24.3442440032959
gue_mouse_0,residual,Anchor-relative residuals,565,0,5.224803924560547,-19.646289825439453
gue_mouse_0,residual,Anchor-relative residuals,566,1,-9.586909294128418,29.88467025756836
gue_mouse_0,residual,Anchor-relative residuals,567,1,-13.864892959594727,24.03230857849121
gue_mouse_0,residual,Anchor-relative residuals,568,1,-9.193567276000977,3.555187225341797
gue_mouse_0,residual,Anchor-relative residuals,569,0,-0.0576934888958931,-8.964906692504883
gue_mouse_0,residual,Anchor-relative residuals,570,0,1.191988468170166,-27.2650146484375
gue_mouse_0,residual,Anchor-relative residuals,571,1,-13.111137390136719,23.019779205322266
gue_mouse_0,residual,Anchor-relative residuals,572,1,-8.162912368774414,22.309890747070312
gue_mouse_0,residual,Anchor-relative residuals,573,0,13.830955505371094,-15.76331901550293
gue_mouse_0,residual,Anchor-relative residuals,574,0,9.115156173706055,-16.43836212158203
gue_mouse_0,residual,Anchor-relative residuals,575,1,-12.46389389038086,22.718889236450195
gue_mouse_0,residual,Anchor-relative residuals,576,0,-0.25621557235717773,10.73349380493164
gue_mouse_0,residual,Anchor-relative residuals,577,0,2.2893896102905273,-5.224097728729248
gue_mouse_0,residual,Anchor-relative residuals,578,1,1.3515290021896362,24.013944625854492
gue_mouse_0,residual,Anchor-relative residuals,579,1,-4.154168605804443,39.61796951293945
gue_mouse_0,residual,Anchor-relative residuals,580,1,-4.195962905883789,33.855831146240234
gue_mouse_0,residual,Anchor-relative residuals,581,1,10.201987266540527,-27.298891067504883
gue_mouse_0,residual,Anchor-relative residuals,582,1,10.417098045349121,-23.748416900634766
gue_mouse_0,residual,Anchor-relative residuals,583,1,-16.47176742553711,26.031604766845703
gue_mouse_0,residual,Anchor-relative residuals,584,0,8.219759941101074,-21.245576858520508
gue_mouse_0,residual,Anchor-relative residuals,585,0,19.128820419311523,-15.64561653137207
gue_mouse_0,residual,Anchor-relative residuals,586,1,-9.758977890014648,4.440592288970947
gue_mouse_0,residual,Anchor-relative residuals,587,0,7.533238410949707,1.3556129932403564
gue_mouse_0,residual,Anchor-relative residuals,588,0,-1.911607265472412,-16.939006805419922
gue_mouse_0,residual,Anchor-relative residuals,589,1,3.093636989593506,31.45366096496582
gue_mouse_0,residual,Anchor-relative residuals,590,0,8.13769817352295,-21.393056869506836
gue_mouse_0,residual,Anchor-relative residuals,591,0,4.334611892700195,-23.917184829711914
gue_mouse_0,residual,Anchor-relative residuals,592,1,2.153656482696533,24.743099212646484
gue_mouse_0,residual,Anchor-relative residuals,593,0,-8.272603034973145,-16.83049201965332
gue_mouse_0,residual,Anchor-relative residuals,594,0,-6.188807964324951,-30.138465881347656
gue_mouse_0,residual,Anchor-relative residuals,595,1,-12.90927791595459,32.093658447265625
gue_mouse_0,residual,Anchor-relative residuals,596,1,-7.085290431976318,24.41023826599121
gue_mouse_0,residual,Anchor-relative residuals,597,1,-5.265197277069092,32.82432174682617
gue_mouse_0,residual,Anchor-relative residuals,598,0,3.9665884971618652,4.29201602935791
gue_mouse_0,residual,Anchor-relative residuals,599,0,-10.724568367004395,10.81027889251709
gue_mouse_0,residual,Anchor-relative residuals,600,0,16.33962059020996,-18.486122131347656
gue_mouse_0,residual,Anchor-relative residuals,601,0,15.817063331604004,-17.523656845092773
gue_mouse_0,residual,Anchor-relative residuals,602,0,-6.941938400268555,-16.98782730102539
gue_mouse_0,residual,Anchor-relative residuals,603,0,-0.46754658222198486,-19.02220916748047
gue_mouse_0,residual,Anchor-relative residuals,604,0,2.7963569164276123,22.2587833404541
gue_mouse_0,residual,Anchor-relative residuals,605,1,4.904844760894775,11.829715728759766
gue_mouse_0,residual,Anchor-relative residuals,606,1,6.777763843536377,13.05439281463623
gue_mouse_0,residual,Anchor-relative residuals,607,0,-5.427912712097168,-24.50611686706543
gue_mouse_0,residual,Anchor-relative residuals,608,1,6.778210639953613,20.13377571105957
gue_mouse_0,residual,Anchor-relative residuals,609,0,4.267829418182373,27.535884857177734
gue_mouse_0,residual,Anchor-relative residuals,610,1,6.850887775421143,15.632267951965332
gue_mouse_0,residual,Anchor-relative residuals,611,0,-8.212578773498535,-20.239049911499023
gue_mouse_0,residual,Anchor-relative residuals,612,1,-3.828868865966797,27.386768341064453
gue_mouse_0,residual,Anchor-relative residuals,613,1,-2.9444806575775146,35.98101806640625
gue_mouse_0,residual,Anchor-relative residuals,614,0,-5.998080730438232,8.114387512207031
gue_mouse_0,residual,Anchor-relative residuals,615,1,-1.2153836488723755,24.695064544677734
gue_mouse_0,residual,Anchor-relative residuals,616,0,-11.278196334838867,-24.350309371948242
gue_mouse_0,residual,Anchor-relative residuals,617,1,-18.61171531677246,26.202402114868164
gue_mouse_0,residual,Anchor-relative residuals,618,1,-7.007665634155273,-9.459139823913574
gue_mouse_0,residual,Anchor-relative residuals,619,0,10.503158569335938,-0.04753126949071884
gue_mouse_0,residual,Anchor-relative residuals,620,0,-7.589484691619873,-15.8911714553833
gue_mouse_0,residual,Anchor-relative residuals,621,1,-12.208134651184082,24.12652587890625
gue_mouse_0,residual,Anchor-relative residuals,622,0,18.2242488861084,-21.129236221313477
gue_mouse_0,residual,Anchor-relative residuals,623,0,1.58342707157135,-28.09513282775879
gue_mouse_0,residual,Anchor-relative residuals,624,0,7.511783599853516,-13.545133590698242
gue_mouse_0,residual,Anchor-relative residuals,625,0,-2.7151341438293457,20.06499481201172
gue_mouse_0,residual,Anchor-relative residuals,626,0,9.674325942993164,-19.344242095947266
gue_mouse_0,residual,Anchor-relative residuals,627,0,0.9955874681472778,10.096322059631348
gue_mouse_0,residual,Anchor-relative residuals,628,0,10.869362831115723,-0.16242676973342896
gue_mouse_0,residual,Anchor-relative residuals,629,1,5.869556427001953,8.206201553344727
gue_mouse_0,residual,Anchor-relative residuals,630,0,6.056371688842773,-26.227720260620117
gue_mouse_0,residual,Anchor-relative residuals,631,1,-10.500593185424805,38.61676788330078
gue_mouse_0,residual,Anchor-relative residuals,632,1,-15.237039566040039,25.279659271240234
gue_mouse_0,residual,Anchor-relative residuals,633,0,10.976971626281738,-20.34262466430664
gue_mouse_0,residual,Anchor-relative residuals,634,0,5.014240741729736,-15.351461410522461
gue_mouse_0,residual,Anchor-relative residuals,635,1,-3.4198596477508545,26.53023910522461
gue_mouse_0,residual,Anchor-relative residuals,636,0,3.354339361190796,-19.321063995361328
gue_mouse_0,residual,Anchor-relative residuals,637,0,-11.923033714294434,-23.632862091064453
gue_mouse_0,residual,Anchor-relative residuals,638,0,0.9823884963989258,-23.263591766357422
gue_mouse_0,residual,Anchor-relative residuals,639,1,4.184355735778809,-15.796738624572754
gue_mouse_0,residual,Anchor-relative residuals,640,0,6.064914226531982,-22.551908493041992
gue_mouse_0,residual,Anchor-relative residuals,641,1,7.071720123291016,15.175065994262695
gue_mouse_0,residual,Anchor-relative residuals,642,1,3.208340644836426,-27.79856300354004
gue_mouse_0,residual,Anchor-relative residuals,643,0,6.933436393737793,-20.78525733947754
gue_mouse_0,residual,Anchor-relative residuals,644,0,11.663445472717285,-24.487764358520508
gue_mouse_0,residual,Anchor-relative residuals,645,0,-2.957395553588867,-27.060302734375
gue_mouse_0,residual,Anchor-relative residuals,646,1,5.369981288909912,9.26440715789795
gue_mouse_0,residual,Anchor-relative residuals,647,0,3.3253393173217773,-21.25086784362793
gue_mouse_0,residual,Anchor-relative residuals,648,1,-18.230661392211914,23.767005920410156
gue_mouse_0,residual,Anchor-relative residuals,649,0,-6.067353248596191,12.281633377075195
gue_mouse_0,residual,Anchor-relative residuals,650,0,-10.190546989440918,-21.48330307006836
gue_mouse_0,residual,Anchor-relative residuals,651,1,0.3235630393028259,-0.7108388543128967
gue_mouse_0,residual,Anchor-relative residuals,652,0,-5.111865520477295,14.420968055725098
gue_mouse_0,residual,Anchor-relative residuals,653,0,4.872936248779297,-22.57914924621582
gue_mouse_0,residual,Anchor-relative residuals,654,1,-1.9883880615234375,37.53110885620117
gue_mouse_0,residual,Anchor-relative residuals,655,1,-3.240853786468506,35.440574645996094
gue_mouse_0,residual,Anchor-relative residuals,656,1,-3.1851344108581543,25.99415397644043
gue_mouse_0,residual,Anchor-relative residuals,657,1,5.255944728851318,11.725472450256348
gue_mouse_0,residual,Anchor-relative residuals,658,0,-12.424678802490234,18.37323760986328
gue_mouse_0,residual,Anchor-relative residuals,659,1,-6.607239246368408,40.66420364379883
gue_mouse_0,residual,Anchor-relative residuals,660,0,11.392894744873047,-28.863191604614258
gue_mouse_0,residual,Anchor-relative residuals,661,1,0.38298141956329346,14.346117973327637
gue_mouse_0,residual,Anchor-relative residuals,662,0,7.600600242614746,-6.095701217651367
gue_mouse_0,residual,Anchor-relative residuals,663,0,7.206651210784912,5.161795139312744
gue_mouse_0,residual,Anchor-relative residuals,664,0,7.282362461090088,-25.926864624023438
gue_mouse_0,residual,Anchor-relative residuals,665,0,-12.724544525146484,24.709596633911133
gue_mouse_0,residual,Anchor-relative residuals,666,0,1.118466854095459,-1.8808144330978394
gue_mouse_0,residual,Anchor-relative residuals,667,1,-10.603442192077637,5.891176700592041
gue_mouse_0,residual,Anchor-relative residuals,668,1,-2.099498987197876,-1.1176483631134033
gue_mouse_0,residual,Anchor-relative residuals,669,1,2.2095513343811035,37.10593795776367
gue_mouse_0,residual,Anchor-relative residuals,670,1,-7.966346740722656,3.6795339584350586
gue_mouse_0,residual,Anchor-relative residuals,671,0,15.355104446411133,-14.026970863342285
gue_mouse_0,residual,Anchor-relative residuals,672,0,-0.9675386548042297,-9.566146850585938
gue_mouse_0,residual,Anchor-relative residuals,673,1,5.246607303619385,-29.555307388305664
gue_mouse_0,residual,Anchor-relative residuals,674,1,-5.287896156311035,2.7833759784698486
gue_mouse_0,residual,Anchor-relative residuals,675,1,-3.06384015083313,36.665401458740234
gue_mouse_0,residual,Anchor-relative residuals,676,0,9.350362777709961,-20.02410125732422
gue_mouse_0,residual,Anchor-relative residuals,677,1,-1.719595193862915,35.402488708496094
gue_mouse_0,residual,Anchor-relative residuals,678,0,-9.35509204864502,12.526182174682617
gue_mouse_0,residual,Anchor-relative residuals,679,0,-6.193124294281006,-30.275466918945312
gue_mouse_0,residual,Anchor-relative residuals,680,1,-2.4360008239746094,33.59019088745117
gue_mouse_0,residual,Anchor-relative residuals,681,0,3.8492867946624756,4.525723457336426
gue_mouse_0,residual,Anchor-relative residuals,682,0,17.556903839111328,-12.51594352722168
gue_mouse_0,residual,Anchor-relative residuals,683,1,0.47040340304374695,28.84920883178711
gue_mouse_0,residual,Anchor-relative residuals,684,0,3.4637234210968018,8.405342102050781
gue_mouse_0,residual,Anchor-relative residuals,685,0,5.468136310577393,4.610879898071289
gue_mouse_0,residual,Anchor-relative residuals,686,0,-14.354599952697754,19.00757598876953
gue_mouse_0,residual,Anchor-relative residuals,687,0,-8.114021301269531,0.3100648522377014
gue_mouse_0,residual,Anchor-relative residuals,688,0,19.129520416259766,-16.4259033203125
gue_mouse_0,residual,Anchor-relative residuals,689,1,8.982343673706055,6.651972770690918
gue_mouse_0,residual,Anchor-relative residuals,690,1,15.472146987915039,-15.887787818908691
gue_mouse_0,residual,Anchor-relative residuals,691,0,-6.18656063079834,19.922672271728516
gue_mouse_0,residual,Anchor-relative residuals,692,1,-12.167475700378418,34.07893371582031
gue_mouse_0,residual,Anchor-relative residuals,693,0,17.103288650512695,-13.989862442016602
gue_mouse_0,residual,Anchor-relative residuals,694,0,5.739871978759766,-18.525312423706055
gue_mouse_0,residual,Anchor-relative residuals,695,1,-6.657414436340332,33.42631149291992
gue_mouse_0,residual,Anchor-relative residuals,696,1,-4.207690715789795,-27.15080451965332
gue_mouse_0,residual,Anchor-relative residuals,697,0,10.269204139709473,-7.5353169441223145
gue_mouse_0,residual,Anchor-relative residuals,698,1,-5.799577713012695,5.1995320320129395
gue_mouse_0,residual,Anchor-relative residuals,699,1,-5.848471641540527,30.078378677368164
gue_mouse_0,residual,Anchor-relative residuals,700,0,9.385391235351562,-30.064678192138672
gue_mouse_0,residual,Anchor-relative residuals,701,0,18.831693649291992,-19.488676071166992
gue_mouse_0,residual,Anchor-relative residuals,702,1,-14.224103927612305,29.3839054107666
gue_mouse_0,residual,Anchor-relative residuals,703,1,-6.261580467224121,5.0932488441467285
gue_mouse_0,residual,Anchor-relative residuals,704,0,14.435140609741211,-20.939237594604492
gue_mouse_0,residual,Anchor-relative residuals,705,0,-10.280169486999512,-26.288667678833008
gue_mouse_0,residual,Anchor-relative residuals,706,0,4.973099231719971,-25.59174346923828
gue_mouse_0,residual,Anchor-relative residuals,707,1,-3.376415491104126,34.043052673339844
gue_mouse_0,residual,Anchor-relative residuals,708,0,2.6848573684692383,7.572680473327637
gue_mouse_0,residual,Anchor-relative residuals,709,0,0.8852198123931885,-25.743392944335938
gue_mouse_0,residual,Anchor-relative residuals,710,1,-3.2910096645355225,-10.049870491027832
gue_mouse_0,residual,Anchor-relative residuals,711,1,3.4792397022247314,27.11517333984375
gue_mouse_0,residual,Anchor-relative residuals,712,0,-7.917825222015381,-25.270225524902344
gue_mouse_0,residual,Anchor-relative residuals,713,0,-9.181781768798828,14.559155464172363
gue_mouse_0,residual,Anchor-relative residuals,714,0,-7.1173481941223145,-16.269298553466797
gue_mouse_0,residual,Anchor-relative residuals,715,1,2.1447248458862305,34.84025192260742
gue_mouse_0,residual,Anchor-relative residuals,716,1,-15.823860168457031,22.18221664428711
gue_mouse_0,residual,Anchor-relative residuals,717,0,4.9533371925354,-6.076479911804199
gue_mouse_0,residual,Anchor-relative residuals,718,0,18.5881404876709,-21.400156021118164
gue_mouse_0,residual,Anchor-relative residuals,719,1,-1.0296357870101929,20.87043571472168
gue_mouse_0,residual,Anchor-relative residuals,720,1,-13.564691543579102,32.990196228027344
gue_mouse_0,residual,Anchor-relative residuals,721,1,1.0682754516601562,4.134012699127197
gue_mouse_0,residual,Anchor-relative residuals,722,0,4.218783378601074,-9.478686332702637
gue_mouse_0,residual,Anchor-relative residuals,723,0,2.8933827877044678,-20.404232025146484
gue_mouse_0,residual,Anchor-relative residuals,724,1,-1.868811845779419,-14.233488082885742
gue_mouse_0,residual,Anchor-relative residuals,725,1,-9.636528015136719,6.73715877532959
gue_mouse_0,residual,Anchor-relative residuals,726,1,9.060969352722168,-6.448500156402588
gue_mouse_0,residual,Anchor-relative residuals,727,1,1.5682013034820557,4.831949234008789
gue_mouse_0,residual,Anchor-relative residuals,728,0,6.580185890197754,-19.734943389892578
gue_mouse_0,residual,Anchor-relative residuals,729,0,4.447096347808838,-19.332000732421875
gue_mouse_0,residual,Anchor-relative residuals,730,1,3.269258499145508,12.10308837890625
gue_mouse_0,residual,Anchor-relative residuals,731,0,0.6111010313034058,-8.205606460571289
gue_mouse_0,residual,Anchor-relative residuals,732,1,-12.049540519714355,35.865360260009766
gue_mouse_0,residual,Anchor-relative residuals,733,0,-5.333418846130371,-26.512582778930664
gue_mouse_0,residual,Anchor-relative residuals,734,0,-4.666954040527344,-22.144184112548828
gue_mouse_0,residual,Anchor-relative residuals,735,1,-7.3176188468933105,30.310941696166992
gue_mouse_0,residual,Anchor-relative residuals,736,0,5.566742897033691,-26.236509323120117
gue_mouse_0,residual,Anchor-relative residuals,737,0,12.995516777038574,-26.213228225708008
gue_mouse_0,residual,Anchor-relative residuals,738,1,-9.145444869995117,32.21098709106445
gue_mouse_0,residual,Anchor-relative residuals,739,0,1.96402108669281,8.008989334106445
gue_mouse_0,residual,Anchor-relative residuals,740,1,1.3985236883163452,36.99189376831055
gue_mouse_0,residual,Anchor-relative residuals,741,0,-10.466435432434082,-22.70496368408203
gue_mouse_0,residual,Anchor-relative residuals,742,0,1.9084197282791138,-12.11240005493164
gue_mouse_0,residual,Anchor-relative residuals,743,1,-0.8614985346794128,39.465946197509766
gue_mouse_0,residual,Anchor-relative residuals,744,1,6.810556888580322,20.11406135559082
gue_mouse_0,residual,Anchor-relative residuals,745,1,-5.6557393074035645,28.977048873901367
gue_mouse_0,residual,Anchor-relative residuals,746,0,-0.8622968792915344,-26.76363182067871
gue_mouse_0,residual,Anchor-relative residuals,747,0,8.68880558013916,-23.284820556640625
gue_mouse_0,residual,Anchor-relative residuals,748,1,-7.936189651489258,21.233875274658203
gue_mouse_0,residual,Anchor-relative residuals,749,1,-13.822822570800781,24.38348388671875
gue_mouse_0,residual,Anchor-relative residuals,750,1,-2.3794918060302734,31.355052947998047
gue_mouse_0,residual,Anchor-relative residuals,751,0,15.722976684570312,-14.231318473815918
gue_mouse_0,residual,Anchor-relative residuals,752,0,8.44302749633789,4.509129047393799
gue_mouse_0,residual,Anchor-relative residuals,753,1,-7.388040542602539,34.28971862792969
gue_mouse_0,residual,Anchor-relative residuals,754,1,0.8935145735740662,1.2210115194320679
gue_mouse_0,residual,Anchor-relative residuals,755,0,-7.246254920959473,-14.28018569946289
gue_mouse_0,residual,Anchor-relative residuals,756,0,2.1718497276306152,-25.153404235839844
gue_mouse_0,residual,Anchor-relative residuals,757,0,-6.263670921325684,0.35553327202796936
gue_mouse_0,residual,Anchor-relative residuals,758,1,-11.266850471496582,13.152913093566895
gue_mouse_0,residual,Anchor-relative residuals,759,1,13.342291831970215,-20.41505241394043
gue_mouse_0,residual,Anchor-relative residuals,760,1,-10.447482109069824,36.42023468017578
gue_mouse_0,residual,Anchor-relative residuals,761,1,5.210289478302002,-12.277015686035156
gue_mouse_0,residual,Anchor-relative residuals,762,0,11.36872673034668,-15.094283103942871
gue_mouse_0,residual,Anchor-relative residuals,763,0,6.405145168304443,-23.716228485107422
gue_mouse_0,residual,Anchor-relative residuals,764,1,-4.2370991706848145,29.75296401977539
gue_mouse_0,residual,Anchor-relative residuals,765,0,-10.085310935974121,-20.876636505126953
gue_mouse_0,residual,Anchor-relative residuals,766,0,0.6095343828201294,-28.29928970336914
gue_mouse_0,residual,Anchor-relative residuals,767,0,5.966245651245117,3.5502712726593018
gue_mouse_0,residual,Anchor-relative residuals,768,1,-6.285589218139648,24.495885848999023
gue_mouse_0,residual,Anchor-relative residuals,769,1,-0.38468438386917114,26.249223709106445
gue_mouse_0,residual,Anchor-relative residuals,770,1,7.8234968185424805,5.328741073608398
gue_mouse_0,residual,Anchor-relative residuals,771,1,2.170565605163574,2.3260135650634766
gue_mouse_0,residual,Anchor-relative residuals,772,1,2.9965224266052246,5.566064357757568
gue_mouse_0,residual,Anchor-relative residuals,773,1,1.1235707998275757,37.82761764526367
gue_mouse_0,residual,Anchor-relative residuals,774,1,2.4073264598846436,37.2591438293457
gue_mouse_0,residual,Anchor-relative residuals,775,0,-0.2875770628452301,-18.990726470947266
gue_mouse_0,residual,Anchor-relative residuals,776,0,-10.473383903503418,-26.950611114501953
gue_mouse_0,residual,Anchor-relative residuals,777,0,5.793092727661133,26.2138671875
gue_mouse_0,residual,Anchor-relative residuals,778,1,-8.859553337097168,9.733882904052734
gue_mouse_0,residual,Anchor-relative residuals,779,1,7.958779811859131,-1.9569761753082275
gue_mouse_0,residual,Anchor-relative residuals,780,1,4.6065826416015625,10.45909595489502
gue_mouse_0,residual,Anchor-relative residuals,781,1,-10.609650611877441,25.198768615722656
gue_mouse_0,residual,Anchor-relative residuals,782,1,-2.210139513015747,39.21651077270508
gue_mouse_0,residual,Anchor-relative residuals,783,0,8.785211563110352,-24.651948928833008
gue_mouse_0,residual,Anchor-relative residuals,784,0,3.4319560527801514,2.393673896789551
gue_mouse_0,residual,Anchor-relative residuals,785,1,-2.2260918617248535,2.323124647140503
gue_mouse_0,residual,Anchor-relative residuals,786,1,1.4871114492416382,-4.990597248077393
gue_mouse_0,residual,Anchor-relative residuals,787,1,-6.070076942443848,-0.41919106245040894
gue_mouse_0,residual,Anchor-relative residuals,788,1,-0.6930346488952637,35.93619155883789
gue_mouse_0,residual,Anchor-relative residuals,789,1,4.054612159729004,12.671706199645996
gue_mouse_0,residual,Anchor-relative residuals,790,1,-5.938343048095703,29.737384796142578
gue_mouse_0,residual,Anchor-relative residuals,791,1,-10.715066909790039,33.78606414794922
gue_mouse_0,residual,Anchor-relative residuals,792,1,1.6392306089401245,10.05223560333252
gue_mouse_0,residual,Anchor-relative residuals,793,0,2.143458366394043,9.613743782043457
gue_mouse_0,residual,Anchor-relative residuals,794,0,-1.6114822626113892,15.182034492492676
gue_mouse_0,residual,Anchor-relative residuals,795,1,-10.070261001586914,28.614439010620117
gue_mouse_0,residual,Anchor-relative residuals,796,1,3.1613543033599854,-23.728055953979492
gue_mouse_0,residual,Anchor-relative residuals,797,0,-2.285372018814087,-27.438121795654297
gue_mouse_0,residual,Anchor-relative residuals,798,0,-8.135271072387695,-15.598175048828125
gue_mouse_0,residual,Anchor-relative residuals,799,0,2.0219268798828125,-26.332603454589844
gue_mouse_0,residual,Anchor-relative residuals,800,1,3.0928218364715576,9.950968742370605
gue_mouse_0,residual,Anchor-relative residuals,801,1,-7.310704708099365,4.051682472229004
gue_mouse_0,residual,Anchor-relative residuals,802,1,-2.2253897190093994,18.349407196044922
gue_mouse_0,residual,Anchor-relative residuals,803,0,-7.1881279945373535,0.49804532527923584
gue_mouse_0,residual,Anchor-relative residuals,804,0,6.961881637573242,-27.5831298828125
gue_mouse_0,residual,Anchor-relative residuals,805,1,-1.1293500661849976,37.30392074584961
gue_mouse_0,residual,Anchor-relative residuals,806,1,-2.587158203125,2.7165679931640625
gue_mouse_0,residual,Anchor-relative residuals,807,1,8.183911323547363,10.7733154296875
gue_mouse_0,residual,Anchor-relative residuals,808,0,9.314236640930176,-15.11817741394043
gue_mouse_0,residual,Anchor-relative residuals,809,0,5.573904991149902,-5.363430500030518
gue_mouse_0,contribution,Linear contribution,0,1,19.08319664001465,-10.096513748168945
gue_mouse_0,contribution,Linear contribution,1,1,-2.8475053310394287,-8.449847221374512
gue_mouse_0,contribution,Linear contribution,2,0,14.22291088104248,-17.70925521850586
gue_mouse_0,contribution,Linear contribution,3,0,5.837625980377197,-16.03678321838379
gue_mouse_0,contribution,Linear contribution,4,1,-17.415149688720703,3.7356812953948975
gue_mouse_0,contribution,Linear contribution,5,1,-7.634090423583984,15.453750610351562
gue_mouse_0,contribution,Linear contribution,6,0,-7.214571952819824,-13.157360076904297
gue_mouse_0,contribution,Linear contribution,7,0,-13.509472846984863,5.62162446975708
gue_mouse_0,contribution,Linear contribution,8,0,-2.9756298065185547,-19.44986915588379
gue_mouse_0,contribution,Linear contribution,9,0,-8.59553337097168,-15.9049711227417
gue_mouse_0,contribution,Linear contribution,10,1,7.748600482940674,23.81258773803711
gue_mouse_0,contribution,Linear contribution,11,0,5.708783149719238,-14.83099365234375
gue_mouse_0,contribution,Linear contribution,12,0,-15.197064399719238,-5.883101463317871
gue_mouse_0,contribution,Linear contribution,13,1,-12.695183753967285,16.072494506835938
gue_mouse_0,contribution,Linear contribution,14,1,14.689895629882812,18.547483444213867
gue_mouse_0,contribution,Linear contribution,15,0,16.06156349182129,18.67820930480957
gue_mouse_0,contribution,Linear contribution,16,0,-15.532744407653809,-8.625545501708984
gue_mouse_0,contribution,Linear contribution,17,0,-4.16772985458374,-12.794718742370605
gue_mouse_0,contribution,Linear contribution,18,0,-11.655916213989258,-14.615279197692871
gue_mouse_0,contribution,Linear contribution,19,0,-12.544880867004395,-8.644079208374023
gue_mouse_0,contribution,Linear contribution,20,1,6.751519680023193,-10.658792495727539
gue_mouse_0,contribution,Linear contribution,21,0,1.680273175239563,-19.19126319885254
gue_mouse_0,contribution,Linear contribution,22,0,5.782694339752197,-18.715295791625977
gue_mouse_0,contribution,Linear contribution,23,0,-17.61707305908203,-5.822844505310059
gue_mouse_0,contribution,Linear contribution,24,1,19.58846664428711,-18.64130210876465
gue_mouse_0,contribution,Linear contribution,25,1,-6.351147174835205,21.359167098999023
gue_mouse_0,contribution,Linear contribution,26,1,17.528932571411133,-17.457563400268555
gue_mouse_0,contribution,Linear contribution,27,1,-2.3046698570251465,21.752729415893555
gue_mouse_0,contribution,Linear contribution,28,0,2.3540453910827637,-17.330764770507812
gue_mouse_0,contribution,Linear contribution,29,0,6.732385635375977,-14.87936782836914
gue_mouse_0,contribution,Linear contribution,30,1,0.6821426749229431,24.818252563476562
gue_mouse_0,contribution,Linear contribution,31,0,4.125678539276123,-19.94321632385254
gue_mouse_0,contribution,Linear contribution,32,0,-3.239260196685791,-14.599315643310547
gue_mouse_0,contribution,Linear contribution,33,1,-4.094588756561279,1.9865598678588867
gue_mouse_0,contribution,Linear contribution,34,0,-16.599472045898438,-3.218595027923584
gue_mouse_0,contribution,Linear contribution,35,1,7.585881233215332,27.230859756469727
gue_mouse_0,contribution,Linear contribution,36,1,8.621006965637207,25.30931282043457
gue_mouse_0,contribution,Linear contribution,37,1,-5.302586078643799,-17.580289840698242
gue_mouse_0,contribution,Linear contribution,38,0,7.555187225341797,-19.71019172668457
gue_mouse_0,contribution,Linear contribution,39,1,1.8673983812332153,29.907939910888672
gue_mouse_0,contribution,Linear contribution,40,0,14.132302284240723,-15.17579460144043
gue_mouse_0,contribution,Linear contribution,41,0,-3.3383803367614746,-18.88030242919922
gue_mouse_0,contribution,Linear contribution,42,0,-9.151653289794922,2.37280011177063
gue_mouse_0,contribution,Linear contribution,43,1,-16.33964729309082,3.164079427719116
gue_mouse_0,contribution,Linear contribution,44,1,-13.236594200134277,-14.530277252197266
gue_mouse_0,contribution,Linear contribution,45,1,-0.914806067943573,4.312662124633789
gue_mouse_0,contribution,Linear contribution,46,0,18.541135787963867,-13.946216583251953
gue_mouse_0,contribution,Linear contribution,47,0,-6.933595657348633,-17.56694793701172
gue_mouse_0,contribution,Linear contribution,48,1,-17.594402313232422,8.282844543457031
gue_mouse_0,contribution,Linear contribution,49,0,-16.31877326965332,-7.07416296005249
gue_mouse_0,contribution,Linear contribution,50,0,6.569458961486816,-17.502986907958984
gue_mouse_0,contribution,Linear contribution,51,0,15.758715629577637,-12.319131851196289
gue_mouse_0,contribution,Linear contribution,52,0,6.524414539337158,-24.79728889465332
gue_mouse_0,contribution,Linear contribution,53,0,-1.6992456912994385,-19.45823860168457
gue_mouse_0,contribution,Linear contribution,54,0,-15.828315734863281,3.356173038482666
gue_mouse_0,contribution,Linear contribution,55,1,11.591788291931152,-6.733956813812256
gue_mouse_0,contribution,Linear contribution,56,0,2.619920492172241,-14.712021827697754
gue_mouse_0,contribution,Linear contribution,57,0,15.503681182861328,-14.547910690307617
gue_mouse_0,contribution,Linear contribution,58,1,12.564940452575684,24.0922908782959
gue_mouse_0,contribution,Linear contribution,59,0,-9.085017204284668,-13.23249626159668
gue_mouse_0,contribution,Linear contribution,60,0,-12.370678901672363,-17.63545036315918
gue_mouse_0,contribution,Linear contribution,61,1,-3.447258949279785,21.22452735900879
gue_mouse_0,contribution,Linear contribution,62,0,-3.878479242324829,-13.560523986816406
gue_mouse_0,contribution,Linear contribution,63,1,-10.677887916564941,15.196131706237793
gue_mouse_0,contribution,Linear contribution,64,1,-9.855881690979004,18.139211654663086
gue_mouse_0,contribution,Linear contribution,65,0,-6.795931816101074,-18.399682998657227
gue_mouse_0,contribution,Linear contribution,66,1,4.516814231872559,24.653644561767578
gue_mouse_0,contribution,Linear contribution,67,1,10.021638870239258,21.548851013183594
gue_mouse_0,contribution,Linear contribution,68,0,-5.050773620605469,-18.44002342224121
gue_mouse_0,contribution,Linear contribution,69,0,-15.708242416381836,4.4985246658325195
gue_mouse_0,contribution,Linear contribution,70,1,14.047560691833496,18.738645553588867
gue_mouse_0,contribution,Linear contribution,71,0,10.949178695678711,-8.872539520263672
gue_mouse_0,contribution,Linear contribution,72,1,14.014995574951172,17.219308853149414
gue_mouse_0,contribution,Linear contribution,73,0,11.851978302001953,-12.042938232421875
gue_mouse_0,contribution,Linear contribution,74,0,-4.145359992980957,-20.19715118408203
gue_mouse_0,contribution,Linear contribution,75,1,-5.701320648193359,16.41700553894043
gue_mouse_0,contribution,Linear contribution,76,0,2.694394826889038,-18.78469467163086
gue_mouse_0,contribution,Linear contribution,77,1,12.801636695861816,18.29248046875
gue_mouse_0,contribution,Linear contribution,78,1,-11.594084739685059,-1.124019980430603
gue_mouse_0,contribution,Linear contribution,79,1,0.17299221456050873,27.34026527404785
gue_mouse_0,contribution,Linear contribution,80,1,-0.3532183766365051,-8.169780731201172
gue_mouse_0,contribution,Linear contribution,81,1,1.6226330995559692,26.702836990356445
gue_mouse_0,contribution,Linear contribution,82,0,7.410786151885986,-13.947583198547363
gue_mouse_0,contribution,Linear contribution,83,0,10.823250770568848,12.381394386291504
gue_mouse_0,contribution,Linear contribution,84,1,-2.5328047275543213,4.35181999206543
gue_mouse_0,contribution,Linear contribution,85,1,-6.026492595672607,14.796319007873535
gue_mouse_0,contribution,Linear contribution,86,1,-5.422395706176758,26.453203201293945
gue_mouse_0,contribution,Linear contribution,87,1,-0.37828728556632996,-11.851066589355469
gue_mouse_0,contribution,Linear contribution,88,1,0.6472947001457214,26.082021713256836
gue_mouse_0,contribution,Linear contribution,89,0,16.702085494995117,-15.754678726196289
gue_mouse_0,contribution,Linear contribution,90,1,-0.5076092481613159,24.198808670043945
gue_mouse_0,contribution,Linear contribution,91,1,-12.955282211303711,15.053609848022461
gue_mouse_0,contribution,Linear contribution,92,0,-4.79738712310791,-18.187955856323242
gue_mouse_0,contribution,Linear contribution,93,0,-14.402093887329102,0.5030596852302551
gue_mouse_0,contribution,Linear contribution,94,1,-9.919219017028809,23.02132225036621
gue_mouse_0,contribution,Linear contribution,95,1,-11.091744422912598,1.9795162677764893
gue_mouse_0,contribution,Linear contribution,96,0,-12.649703979492188,-11.031026840209961
gue_mouse_0,contribution,Linear contribution,97,0,-3.360482692718506,-7.796132564544678
gue_mouse_0,contribution,Linear contribution,98,1,9.62403392791748,24.286970138549805
gue_mouse_0,contribution,Linear contribution,99,0,6.495181560516357,-14.542803764343262
gue_mouse_0,contribution,Linear contribution,100,1,-1.0291601419448853,-13.029597282409668
gue_mouse_0,contribution,Linear contribution,101,1,-14.710102081298828,15.042101860046387
gue_mouse_0,contribution,Linear contribution,102,1,11.423161506652832,20.76979637145996
gue_mouse_0,contribution,Linear contribution,103,1,18.256263732910156,-16.383743286132812
gue_mouse_0,contribution,Linear contribution,104,0,-4.552452087402344,0.7027168869972229
gue_mouse_0,contribution,Linear contribution,105,1,5.439250469207764,25.127368927001953
gue_mouse_0,contribution,Linear contribution,106,1,10.965702056884766,23.222248077392578
gue_mouse_0,contribution,Linear contribution,107,1,1.7500604391098022,28.130836486816406
gue_mouse_0,contribution,Linear contribution,108,0,15.037910461425781,-15.465400695800781
gue_mouse_0,contribution,Linear contribution,109,0,-10.691449165344238,-9.69184398651123
gue_mouse_0,contribution,Linear contribution,110,0,-9.735143661499023,-7.1392388343811035
gue_mouse_0,contribution,Linear contribution,111,0,-13.521203994750977,1.8324918746948242
gue_mouse_0,contribution,Linear contribution,112,1,3.1189112663269043,27.19565200805664
gue_mouse_0,contribution,Linear contribution,113,0,20.56177520751953,-16.452938079833984
gue_mouse_0,contribution,Linear contribution,114,1,-14.152087211608887,13.31862735748291
gue_mouse_0,contribution,Linear contribution,115,0,-8.95073127746582,-18.769832611083984
gue_mouse_0,contribution,Linear contribution,116,1,-11.358448028564453,-15.834700584411621
gue_mouse_0,contribution,Linear contribution,117,0,-4.561008453369141,14.66122817993164
gue_mouse_0,contribution,Linear contribution,118,1,-7.5693583488464355,18.05207633972168
gue_mouse_0,contribution,Linear contribution,119,1,-2.5470316410064697,19.691375732421875
gue_mouse_0,contribution,Linear contribution,120,1,5.749602794647217,26.269126892089844
gue_mouse_0,contribution,Linear contribution,121,0,6.631879806518555,-12.193416595458984
gue_mouse_0,contribution,Linear contribution,122,0,-15.898234367370605,-2.764137029647827
gue_mouse_0,contribution,Linear contribution,123,1,-1.3096446990966797,26.84713363647461
gue_mouse_0,contribution,Linear contribution,124,0,-5.810765743255615,19.760730743408203
gue_mouse_0,contribution,Linear contribution,125,0,-13.41807746887207,-2.2576301097869873
gue_mouse_0,contribution,Linear contribution,126,1,13.537935256958008,-19.27353286743164
gue_mouse_0,contribution,Linear contribution,127,0,4.2838969230651855,-18.33136558532715
gue_mouse_0,contribution,Linear contribution,128,1,-10.879678726196289,-4.383546352386475
gue_mouse_0,contribution,Linear contribution,129,0,17.108827590942383,-15.368709564208984
gue_mouse_0,contribution,Linear contribution,130,1,-8.40004825592041,23.61143684387207
gue_mouse_0,contribution,Linear contribution,131,1,11.954828262329102,-18.467863082885742
gue_mouse_0,contribution,Linear contribution,132,0,17.770626068115234,-20.39756965637207
gue_mouse_0,contribution,Linear contribution,133,1,-4.574818134307861,-9.414152145385742
gue_mouse_0,contribution,Linear contribution,134,0,8.871535301208496,-8.779847145080566
gue_mouse_0,contribution,Linear contribution,135,1,3.0805182456970215,-16.52984619140625
gue_mouse_0,contribution,Linear contribution,136,1,3.455313205718994,23.28058433532715
gue_mouse_0,contribution,Linear contribution,137,1,-12.610435485839844,-1.7531260251998901
gue_mouse_0,contribution,Linear contribution,138,1,-10.20680046081543,1.3883484601974487
gue_mouse_0,contribution,Linear contribution,139,0,4.561554908752441,-19.76457405090332
gue_mouse_0,contribution,Linear contribution,140,1,6.074191570281982,24.528583526611328
gue_mouse_0,contribution,Linear contribution,141,1,-2.382922410964966,28.120201110839844
gue_mouse_0,contribution,Linear contribution,142,1,-2.715874433517456,-7.630105018615723
gue_mouse_0,contribution,Linear contribution,143,1,5.248973369598389,-22.845041275024414
gue_mouse_0,contribution,Linear contribution,144,1,-14.319260597229004,6.770427227020264
gue_mouse_0,contribution,Linear contribution,145,0,6.007905006408691,-17.12051773071289
gue_mouse_0,contribution,Linear contribution,146,0,-2.542187213897705,-16.89419174194336
gue_mouse_0,contribution,Linear contribution,147,1,-8.570276260375977,17.85470962524414
gue_mouse_0,contribution,Linear contribution,148,1,7.5840301513671875,-8.149020195007324
gue_mouse_0,contribution,Linear contribution,149,0,22.034099578857422,-17.047569274902344
gue_mouse_0,contribution,Linear contribution,150,1,7.808612823486328,9.800110816955566
gue_mouse_0,contribution,Linear contribution,151,0,6.947227478027344,-17.85761070251465
gue_mouse_0,contribution,Linear contribution,152,0,-1.6542786359786987,-21.187744140625
gue_mouse_0,contribution,Linear contribution,153,0,-10.639809608459473,19.120664596557617
gue_mouse_0,contribution,Linear contribution,154,1,5.954039096832275,25.383480072021484
gue_mouse_0,contribution,Linear contribution,155,0,6.626948356628418,-18.669097900390625
gue_mouse_0,contribution,Linear contribution,156,1,-6.05930233001709,26.557491302490234
gue_mouse_0,contribution,Linear contribution,157,1,-4.059700965881348,29.30493927001953
gue_mouse_0,contribution,Linear contribution,158,0,-3.8645694255828857,-13.410491943359375
gue_mouse_0,contribution,Linear contribution,159,0,14.763630867004395,18.248361587524414
gue_mouse_0,contribution,Linear contribution,160,0,18.585372924804688,-17.4305477142334
gue_mouse_0,contribution,Linear contribution,161,0,-11.676347732543945,7.642297744750977
gue_mouse_0,contribution,Linear contribution,162,0,10.70223617553711,-23.175209045410156
gue_mouse_0,contribution,Linear contribution,163,1,19.645254135131836,-17.370695114135742
gue_mouse_0,contribution,Linear contribution,164,1,2.1647889614105225,22.999452590942383
gue_mouse_0,contribution,Linear contribution,165,0,13.596174240112305,-10.556794166564941
gue_mouse_0,contribution,Linear contribution,166,1,4.872555255889893,23.89761734008789
gue_mouse_0,contribution,Linear contribution,167,1,16.82683753967285,18.855422973632812
gue_mouse_0,contribution,Linear contribution,168,0,-14.530770301818848,-12.876254081726074
gue_mouse_0,contribution,Linear contribution,169,0,6.594204425811768,-18.215646743774414
gue_mouse_0,contribution,Linear contribution,170,0,-5.855851173400879,-12.578483581542969
gue_mouse_0,contribution,Linear contribution,171,0,-4.042586803436279,5.318717002868652
gue_mouse_0,contribution,Linear contribution,172,1,-12.892993927001953,13.14314079284668
gue_mouse_0,contribution,Linear contribution,173,0,-10.472601890563965,-17.033878326416016
gue_mouse_0,contribution,Linear contribution,174,1,-8.2498197555542,18.763118743896484
gue_mouse_0,contribution,Linear contribution,175,0,-8.631180763244629,-10.333691596984863
gue_mouse_0,contribution,Linear contribution,176,1,10.467254638671875,16.83024787902832
gue_mouse_0,contribution,Linear contribution,177,1,-11.160860061645508,6.3179192543029785
gue_mouse_0,contribution,Linear contribution,178,0,1.7364006042480469,-13.572515487670898
gue_mouse_0,contribution,Linear contribution,179,1,-14.006352424621582,16.120107650756836
gue_mouse_0,contribution,Linear contribution,180,1,-12.278630256652832,15.657745361328125
gue_mouse_0,contribution,Linear contribution,181,1,-8.44970989227295,22.58452606201172
gue_mouse_0,contribution,Linear contribution,182,0,7.520038604736328,-16.043560028076172
gue_mouse_0,contribution,Linear contribution,183,1,16.00424575805664,19.222814559936523
gue_mouse_0,contribution,Linear contribution,184,0,-12.45047664642334,2.010784864425659
gue_mouse_0,contribution,Linear contribution,185,0,-3.0171151161193848,-11.673432350158691
gue_mouse_0,contribution,Linear contribution,186,0,-13.753650665283203,-6.835444927215576
gue_mouse_0,contribution,Linear contribution,187,0,-5.143622398376465,-15.769333839416504
gue_mouse_0,contribution,Linear contribution,188,0,-7.441353797912598,-15.136250495910645
gue_mouse_0,contribution,Linear contribution,189,1,-12.926004409790039,-17.489742279052734
gue_mouse_0,contribution,Linear contribution,190,1,8.082210540771484,8.496455192565918
gue_mouse_0,contribution,Linear contribution,191,0,20.701139450073242,-15.51796817779541
gue_mouse_0,contribution,Linear contribution,192,0,-17.621248245239258,4.393185615539551
gue_mouse_0,contribution,Linear contribution,193,0,-5.3503851890563965,-19.76578140258789
gue_mouse_0,contribution,Linear contribution,194,1,-12.515731811523438,11.295598983764648
gue_mouse_0,contribution,Linear contribution,195,1,-9.690767288208008,15.041642189025879
gue_mouse_0,contribution,Linear contribution,196,0,13.239961624145508,-23.351551055908203
gue_mouse_0,contribution,Linear contribution,197,0,7.481570720672607,-22.3657283782959
gue_mouse_0,contribution,Linear contribution,198,1,4.278280735015869,26.8818302154541
gue_mouse_0,contribution,Linear contribution,199,0,14.624659538269043,-17.065059661865234
gue_mouse_0,contribution,Linear contribution,200,1,-8.545161247253418,-16.745386123657227
gue_mouse_0,contribution,Linear contribution,201,0,-6.747765064239502,-19.727663040161133
gue_mouse_0,contribution,Linear contribution,202,0,-3.0692687034606934,-8.734670639038086
gue_mouse_0,contribution,Linear contribution,203,0,-10.353341102600098,-12.346720695495605
gue_mouse_0,contribution,Linear contribution,204,0,-16.732255935668945,-11.658522605895996
gue_mouse_0,contribution,Linear contribution,205,0,11.59715747833252,-20.376068115234375
gue_mouse_0,contribution,Linear contribution,206,1,-3.0152652263641357,4.460441589355469
gue_mouse_0,contribution,Linear contribution,207,0,9.48715877532959,-21.537952423095703
gue_mouse_0,contribution,Linear contribution,208,1,-6.8767242431640625,22.714824676513672
gue_mouse_0,contribution,Linear contribution,209,0,-1.9090306758880615,-17.807533264160156
gue_mouse_0,contribution,Linear contribution,210,0,-4.821467399597168,-17.093320846557617
gue_mouse_0,contribution,Linear contribution,211,1,2.6459836959838867,24.32605743408203
gue_mouse_0,contribution,Linear contribution,212,1,9.53691291809082,13.277997970581055
gue_mouse_0,contribution,Linear contribution,213,1,9.93252182006836,25.042993545532227
gue_mouse_0,contribution,Linear contribution,214,0,13.764937400817871,-21.552886962890625
gue_mouse_0,contribution,Linear contribution,215,0,9.857234001159668,-16.506547927856445
gue_mouse_0,contribution,Linear contribution,216,0,9.710556983947754,-19.085947036743164
gue_mouse_0,contribution,Linear contribution,217,1,9.554107666015625,22.125619888305664
gue_mouse_0,contribution,Linear contribution,218,1,-6.688409805297852,23.45073699951172
gue_mouse_0,contribution,Linear contribution,219,1,-18.090530395507812,-3.500558614730835
gue_mouse_0,contribution,Linear contribution,220,0,11.068527221679688,-8.730446815490723
gue_mouse_0,contribution,Linear contribution,221,1,4.788447856903076,21.968978881835938
gue_mouse_0,contribution,Linear contribution,222,1,-0.21814388036727905,23.271615982055664
gue_mouse_0,contribution,Linear contribution,223,0,-7.1930646896362305,-17.310333251953125
gue_mouse_0,contribution,Linear contribution,224,0,-13.303069114685059,1.031943440437317
gue_mouse_0,contribution,Linear contribution,225,0,-8.772275924682617,1.316918134689331
gue_mouse_0,contribution,Linear contribution,226,1,11.620494842529297,27.798267364501953
gue_mouse_0,contribution,Linear contribution,227,0,14.4693603515625,-18.788972854614258
gue_mouse_0,contribution,Linear contribution,228,1,1.1804555654525757,24.2620849609375
gue_mouse_0,contribution,Linear contribution,229,0,-14.726383209228516,-5.7689995765686035
gue_mouse_0,contribution,Linear contribution,230,0,-14.106419563293457,-9.431854248046875
gue_mouse_0,contribution,Linear contribution,231,0,-18.078351974487305,3.1791141033172607
gue_mouse_0,contribution,Linear contribution,232,1,-3.85542631149292,26.511354446411133
gue_mouse_0,contribution,Linear contribution,233,0,-12.243603706359863,-9.475500106811523
gue_mouse_0,contribution,Linear contribution,234,0,13.576119422912598,-16.88478660583496
gue_mouse_0,contribution,Linear contribution,235,1,18.680912017822266,-19.729080200195312
gue_mouse_0,contribution,Linear contribution,236,0,8.729776382446289,-22.245080947875977
gue_mouse_0,contribution,Linear contribution,237,1,9.315061569213867,21.348915100097656
gue_mouse_0,contribution,Linear contribution,238,1,-13.641228675842285,13.935407638549805
gue_mouse_0,contribution,Linear contribution,239,0,-13.356841087341309,-2.8575356006622314
gue_mouse_0,contribution,Linear contribution,240,0,-17.008302688598633,-1.9681921005249023
gue_mouse_0,contribution,Linear contribution,241,0,0.09298858046531677,-16.540237426757812
gue_mouse_0,contribution,Linear contribution,242,1,-13.61310863494873,11.777690887451172
gue_mouse_0,contribution,Linear contribution,243,0,1.0151500701904297,-14.745513916015625
gue_mouse_0,contribution,Linear contribution,244,1,9.871292114257812,18.397445678710938
gue_mouse_0,contribution,Linear contribution,245,1,-12.428629875183105,19.393783569335938
gue_mouse_0,contribution,Linear contribution,246,1,0.5546026229858398,20.499568939208984
gue_mouse_0,contribution,Linear contribution,247,1,-7.331286907196045,26.3565731048584
gue_mouse_0,contribution,Linear contribution,248,1,12.930556297302246,-11.435904502868652
gue_mouse_0,contribution,Linear contribution,249,0,9.04844856262207,-11.3364839553833
gue_mouse_0,contribution,Linear contribution,250,1,15.907957077026367,17.028852462768555
gue_mouse_0,contribution,Linear contribution,251,0,-4.09476375579834,-16.55924415588379
gue_mouse_0,contribution,Linear contribution,252,0,5.264256000518799,-18.317310333251953
gue_mouse_0,contribution,Linear contribution,253,1,1.931557297706604,20.167034149169922
gue_mouse_0,contribution,Linear contribution,254,1,-15.610190391540527,11.824068069458008
gue_mouse_0,contribution,Linear contribution,255,0,0.5575186610221863,8.498028755187988
gue_mouse_0,contribution,Linear contribution,256,0,6.059500694274902,-14.183212280273438
gue_mouse_0,contribution,Linear contribution,257,0,2.1479451656341553,-23.349681854248047
gue_mouse_0,contribution,Linear contribution,258,0,-7.922535419464111,-3.8133466243743896
gue_mouse_0,contribution,Linear contribution,259,1,-10.61586856842041,13.043807029724121
gue_mouse_0,contribution,Linear contribution,260,0,6.126514911651611,-19.60972785949707
gue_mouse_0,contribution,Linear contribution,261,1,2.773852586746216,28.65191078186035
gue_mouse_0,contribution,Linear contribution,262,1,4.712836742401123,-21.089773178100586
gue_mouse_0,contribution,Linear contribution,263,1,-7.067451000213623,13.079070091247559
gue_mouse_0,contribution,Linear contribution,264,1,-15.821172714233398,14.824691772460938
gue_mouse_0,contribution,Linear contribution,265,1,2.7715911865234375,-5.7978196144104
gue_mouse_0,contribution,Linear contribution,266,0,15.188017845153809,-17.232776641845703
gue_mouse_0,contribution,Linear contribution,267,1,-6.485131740570068,25.348421096801758
gue_mouse_0,contribution,Linear contribution,268,0,-5.0332183837890625,-14.61140251159668
gue_mouse_0,contribution,Linear contribution,269,0,-14.066727638244629,12.660590171813965
gue_mouse_0,contribution,Linear contribution,270,0,-14.66946029663086,-11.421241760253906
gue_mouse_0,contribution,Linear contribution,271,0,-5.859592914581299,-17.795936584472656
gue_mouse_0,contribution,Linear contribution,272,0,11.000565528869629,-14.852456092834473
gue_mouse_0,contribution,Linear contribution,273,0,13.249701499938965,-14.10970687866211
gue_mouse_0,contribution,Linear contribution,274,1,-0.3556329309940338,25.612077713012695
gue_mouse_0,contribution,Linear contribution,275,0,14.308581352233887,-20.166412353515625
gue_mouse_0,contribution,Linear contribution,276,0,-8.895238876342773,4.574350833892822
gue_mouse_0,contribution,Linear contribution,277,1,0.7788582444190979,19.26224136352539
gue_mouse_0,contribution,Linear contribution,278,1,-7.583339214324951,-10.01218318939209
gue_mouse_0,contribution,Linear contribution,279,1,3.0396149158477783,-15.997668266296387
gue_mouse_0,contribution,Linear contribution,280,0,4.472256183624268,22.802169799804688
gue_mouse_0,contribution,Linear contribution,281,1,-3.2339046001434326,22.53594970703125
gue_mouse_0,contribution,Linear contribution,282,0,-4.973930835723877,-10.097822189331055
gue_mouse_0,contribution,Linear contribution,283,1,-4.468353748321533,18.975858688354492
gue_mouse_0,contribution,Linear contribution,284,0,5.8348259925842285,-22.56888771057129
gue_mouse_0,contribution,Linear contribution,285,1,-15.910797119140625,16.34132957458496
gue_mouse_0,contribution,Linear contribution,286,0,10.386305809020996,-15.949554443359375
gue_mouse_0,contribution,Linear contribution,287,1,11.348443984985352,26.97369384765625
gue_mouse_0,contribution,Linear contribution,288,1,-8.331504821777344,1.4599257707595825
gue_mouse_0,contribution,Linear contribution,289,0,3.412961959838867,-11.649051666259766
gue_mouse_0,contribution,Linear contribution,290,0,17.357662200927734,-16.672929763793945
gue_mouse_0,contribution,Linear contribution,291,0,-4.196105480194092,14.94244384765625
gue_mouse_0,contribution,Linear contribution,292,0,18.61758041381836,-18.298688888549805
gue_mouse_0,contribution,Linear contribution,293,0,-14.829436302185059,-10.920915603637695
gue_mouse_0,contribution,Linear contribution,294,1,0.49550661444664,24.534366607666016
gue_mouse_0,contribution,Linear contribution,295,1,-8.500433921813965,15.28926944732666
gue_mouse_0,contribution,Linear contribution,296,0,-10.487968444824219,4.3353071212768555
gue_mouse_0,contribution,Linear contribution,297,1,8.75446891784668,26.57050323486328
gue_mouse_0,contribution,Linear contribution,298,0,15.919599533081055,-11.052224159240723
gue_mouse_0,contribution,Linear contribution,299,1,12.35378646850586,-9.9595365524292
gue_mouse_0,contribution,Linear contribution,300,1,-4.332587242126465,25.703609466552734
gue_mouse_0,contribution,Linear contribution,301,1,1.5971397161483765,25.3933162689209
gue_mouse_0,contribution,Linear contribution,302,0,11.997649192810059,-15.587152481079102
gue_mouse_0,contribution,Linear contribution,303,0,9.031378746032715,-13.170100212097168
gue_mouse_0,contribution,Linear contribution,304,1,-17.09630584716797,6.573755741119385
gue_mouse_0,contribution,Linear contribution,305,0,14.07776165008545,-16.864151000976562
gue_mouse_0,contribution,Linear contribution,306,1,2.8412561416625977,-23.435529708862305
gue_mouse_0,contribution,Linear contribution,307,1,-9.00085163116455,5.85149621963501
gue_mouse_0,contribution,Linear contribution,308,0,7.863985538482666,12.869739532470703
gue_mouse_0,contribution,Linear contribution,309,1,-9.780143737792969,-13.880773544311523
gue_mouse_0,contribution,Linear contribution,310,1,-11.742915153503418,7.167389869689941
gue_mouse_0,contribution,Linear contribution,311,0,14.792205810546875,-23.938980102539062
gue_mouse_0,contribution,Linear contribution,312,0,9.42790699005127,-18.13222312927246
gue_mouse_0,contribution,Linear contribution,313,1,8.378920555114746,21.4315242767334
gue_mouse_0,contribution,Linear contribution,314,1,-8.817498207092285,18.869068145751953
gue_mouse_0,contribution,Linear contribution,315,1,0.8118668794631958,16.122724533081055
gue_mouse_0,contribution,Linear contribution,316,0,-2.7408599853515625,-13.320149421691895
gue_mouse_0,contribution,Linear contribution,317,1,-2.331296920776367,13.521044731140137
gue_mouse_0,contribution,Linear contribution,318,0,-13.618151664733887,2.6873369216918945
gue_mouse_0,contribution,Linear contribution,319,1,-0.46351131796836853,22.012407302856445
gue_mouse_0,contribution,Linear contribution,320,0,16.496366500854492,-19.208711624145508
gue_mouse_0,contribution,Linear contribution,321,0,7.076456546783447,-20.26410675048828
gue_mouse_0,contribution,Linear contribution,322,1,9.935057640075684,17.15915870666504
gue_mouse_0,contribution,Linear contribution,323,1,6.900662422180176,24.207107543945312
gue_mouse_0,contribution,Linear contribution,324,0,-8.140978813171387,-12.16836929321289
gue_mouse_0,contribution,Linear contribution,325,1,5.942694664001465,23.414886474609375
gue_mouse_0,contribution,Linear contribution,326,1,19.72356414794922,-16.162796020507812
gue_mouse_0,contribution,Linear contribution,327,0,8.171974182128906,-20.034154891967773
gue_mouse_0,contribution,Linear contribution,328,0,-4.315878868103027,-18.208778381347656
gue_mouse_0,contribution,Linear contribution,329,1,-5.230801582336426,18.50348663330078
gue_mouse_0,contribution,Linear contribution,330,0,-11.012858390808105,-14.503750801086426
gue_mouse_0,contribution,Linear contribution,331,0,-16.65493392944336,-0.4607873260974884
gue_mouse_0,contribution,Linear contribution,332,1,-4.565004825592041,21.42810821533203
gue_mouse_0,contribution,Linear contribution,333,0,14.224364280700684,-19.359121322631836
gue_mouse_0,contribution,Linear contribution,334,0,0.4687451124191284,-22.548521041870117
gue_mouse_0,contribution,Linear contribution,335,1,-5.245118141174316,-11.709425926208496
gue_mouse_0,contribution,Linear contribution,336,0,-10.633646011352539,-12.45727825164795
gue_mouse_0,contribution,Linear contribution,337,0,-17.454803466796875,9.246471405029297
gue_mouse_0,contribution,Linear contribution,338,1,3.1018545627593994,-20.273866653442383
gue_mouse_0,contribution,Linear contribution,339,0,18.10715103149414,-14.582829475402832
gue_mouse_0,contribution,Linear contribution,340,1,4.051522254943848,25.02010154724121
gue_mouse_0,contribution,Linear contribution,341,1,10.7281494140625,-12.005232810974121
gue_mouse_0,contribution,Linear contribution,342,0,-13.954191207885742,8.939346313476562
gue_mouse_0,contribution,Linear contribution,343,1,4.446681499481201,26.10234260559082
gue_mouse_0,contribution,Linear contribution,344,0,7.132209300994873,-23.545875549316406
gue_mouse_0,contribution,Linear contribution,345,0,-10.074997901916504,-8.053881645202637
gue_mouse_0,contribution,Linear contribution,346,1,21.017637252807617,-14.047688484191895
gue_mouse_0,contribution,Linear contribution,347,1,11.064562797546387,20.196090698242188
gue_mouse_0,contribution,Linear contribution,348,0,-16.862024307250977,-3.8520824909210205
gue_mouse_0,contribution,Linear contribution,349,0,-14.373610496520996,1.3382307291030884
gue_mouse_0,contribution,Linear contribution,350,1,-5.1216607093811035,24.516483306884766
gue_mouse_0,contribution,Linear contribution,351,0,-3.9580023288726807,-14.439400672912598
gue_mouse_0,contribution,Linear contribution,352,0,17.61682891845703,-13.367115020751953
gue_mouse_0,contribution,Linear contribution,353,0,-15.157942771911621,-14.653290748596191
gue_mouse_0,contribution,Linear contribution,354,0,-16.31552505493164,2.664883852005005
gue_mouse_0,contribution,Linear contribution,355,1,-12.418661117553711,13.703206062316895
gue_mouse_0,contribution,Linear contribution,356,1,-15.351006507873535,8.808446884155273
gue_mouse_0,contribution,Linear contribution,357,0,6.364382743835449,-19.88829803466797
gue_mouse_0,contribution,Linear contribution,358,0,-13.074795722961426,-11.448346138000488
gue_mouse_0,contribution,Linear contribution,359,0,2.5266175270080566,-22.437280654907227
gue_mouse_0,contribution,Linear contribution,360,1,-7.68681526184082,14.519930839538574
gue_mouse_0,contribution,Linear contribution,361,1,-3.9041225910186768,23.96469497680664
gue_mouse_0,contribution,Linear contribution,362,1,-1.1520107984542847,18.998409271240234
gue_mouse_0,contribution,Linear contribution,363,0,8.196806907653809,10.566999435424805
gue_mouse_0,contribution,Linear contribution,364,1,13.276322364807129,-14.889276504516602
gue_mouse_0,contribution,Linear contribution,365,1,-7.231403827667236,27.89636993408203
gue_mouse_0,contribution,Linear contribution,366,1,-11.234978675842285,8.574810981750488
gue_mouse_0,contribution,Linear contribution,367,0,-6.619515895843506,-15.207669258117676
gue_mouse_0,contribution,Linear contribution,368,1,-13.034873008728027,10.217273712158203
gue_mouse_0,contribution,Linear contribution,369,0,-8.155611038208008,-17.672622680664062
gue_mouse_0,contribution,Linear contribution,370,0,-3.0822505950927734,-5.931256294250488
gue_mouse_0,contribution,Linear contribution,371,0,21.842187881469727,-18.676488876342773
gue_mouse_0,contribution,Linear contribution,372,0,10.941227912902832,-23.902116775512695
gue_mouse_0,contribution,Linear contribution,373,1,5.322668552398682,29.395782470703125
gue_mouse_0,contribution,Linear contribution,374,0,9.711679458618164,-24.623348236083984
gue_mouse_0,contribution,Linear contribution,375,0,-8.240246772766113,17.60820770263672
gue_mouse_0,contribution,Linear contribution,376,0,-9.788034439086914,16.465057373046875
gue_mouse_0,contribution,Linear contribution,377,1,-8.547780990600586,-7.435467720031738
gue_mouse_0,contribution,Linear contribution,378,1,-5.6471967697143555,24.020822525024414
gue_mouse_0,contribution,Linear contribution,379,1,-12.510809898376465,16.811397552490234
gue_mouse_0,contribution,Linear contribution,380,1,-2.826658248901367,26.12665367126465
gue_mouse_0,contribution,Linear contribution,381,1,-4.609245300292969,24.66732406616211
gue_mouse_0,contribution,Linear contribution,382,1,18.497146606445312,-15.155618667602539
gue_mouse_0,contribution,Linear contribution,383,0,-11.796618461608887,-10.875279426574707
gue_mouse_0,contribution,Linear contribution,384,0,-6.78151798248291,-12.223614692687988
gue_mouse_0,contribution,Linear contribution,385,1,15.168924331665039,-18.522274017333984
gue_mouse_0,contribution,Linear contribution,386,0,-8.37670612335205,-13.636146545410156
gue_mouse_0,contribution,Linear contribution,387,0,-2.106053352355957,-9.1395263671875
gue_mouse_0,contribution,Linear contribution,388,0,11.772205352783203,-15.634082794189453
gue_mouse_0,contribution,Linear contribution,389,0,7.591468334197998,-16.925521850585938
gue_mouse_0,contribution,Linear contribution,390,1,15.387907981872559,19.9409122467041
gue_mouse_0,contribution,Linear contribution,391,0,-9.850876808166504,-15.014925003051758
gue_mouse_0,contribution,Linear contribution,392,0,10.536520004272461,-18.874425888061523
gue_mouse_0,contribution,Linear contribution,393,1,17.65574073791504,-9.640910148620605
gue_mouse_0,contribution,Linear contribution,394,0,-11.95723819732666,-0.06445777416229248
gue_mouse_0,contribution,Linear contribution,395,0,-14.737217903137207,-9.244519233703613
gue_mouse_0,contribution,Linear contribution,396,1,-3.3599302768707275,26.9903621673584
gue_mouse_0,contribution,Linear contribution,397,1,-16.91122817993164,9.673747062683105
gue_mouse_0,contribution,Linear contribution,398,1,11.242081642150879,22.41520881652832
gue_mouse_0,contribution,Linear contribution,399,1,3.4229607582092285,26.37825584411621
gue_mouse_0,contribution,Linear contribution,400,1,-16.255823135375977,14.034331321716309
gue_mouse_0,contribution,Linear contribution,401,0,12.425921440124512,-16.35041618347168
gue_mouse_0,contribution,Linear contribution,402,1,11.930275917053223,-13.040373802185059
gue_mouse_0,contribution,Linear contribution,403,1,-17.93315887451172,4.43450403213501
gue_mouse_0,contribution,Linear contribution,404,1,-10.690356254577637,4.25747013092041
gue_mouse_0,contribution,Linear contribution,405,0,8.824474334716797,13.430651664733887
gue_mouse_0,contribution,Linear contribution,406,1,-7.070157527923584,-16.371356964111328
gue_mouse_0,contribution,Linear contribution,407,1,-13.882545471191406,17.777069091796875
gue_mouse_0,contribution,Linear contribution,408,1,2.846900224685669,26.197128295898438
gue_mouse_0,contribution,Linear contribution,409,1,11.871855735778809,21.043996810913086
gue_mouse_0,contribution,Linear contribution,410,0,-13.82090950012207,-2.837200403213501
gue_mouse_0,contribution,Linear contribution,411,1,-6.133636951446533,19.291160583496094
gue_mouse_0,contribution,Linear contribution,412,1,8.293169975280762,11.977965354919434
gue_mouse_0,contribution,Linear contribution,413,1,0.2428417205810547,-13.59050178527832
gue_mouse_0,contribution,Linear contribution,414,1,-16.602344512939453,13.283023834228516
gue_mouse_0,contribution,Linear contribution,415,1,0.03693171590566635,22.20809555053711
gue_mouse_0,contribution,Linear contribution,416,0,-5.054068565368652,-12.281816482543945
gue_mouse_0,contribution,Linear contribution,417,0,18.70755386352539,-10.97368335723877
gue_mouse_0,contribution,Linear contribution,418,1,-8.488423347473145,24.882169723510742
gue_mouse_0,contribution,Linear contribution,419,1,9.372285842895508,22.884490966796875
gue_mouse_0,contribution,Linear contribution,420,0,-11.409425735473633,-11.477160453796387
gue_mouse_0,contribution,Linear contribution,421,0,10.559438705444336,-19.48752212524414
gue_mouse_0,contribution,Linear contribution,422,1,-14.680135726928711,2.117232084274292
gue_mouse_0,contribution,Linear contribution,423,0,10.667126655578613,-20.636449813842773
gue_mouse_0,contribution,Linear contribution,424,0,-5.792199611663818,-13.33633804321289
gue_mouse_0,contribution,Linear contribution,425,0,4.846611976623535,-23.61212730407715
gue_mouse_0,contribution,Linear contribution,426,1,-8.286066055297852,-15.211172103881836
gue_mouse_0,contribution,Linear contribution,427,0,-14.708707809448242,-6.373597621917725
gue_mouse_0,contribution,Linear contribution,428,0,-1.2442946434020996,-11.492477416992188
gue_mouse_0,contribution,Linear contribution,429,0,-17.165300369262695,-4.9643235206604
gue_mouse_0,contribution,Linear contribution,430,0,12.844555854797363,-22.22278594970703
gue_mouse_0,contribution,Linear contribution,431,1,-5.856549263000488,-4.055660724639893
gue_mouse_0,contribution,Linear contribution,432,0,-4.277552127838135,-20.989850997924805
gue_mouse_0,contribution,Linear contribution,433,0,-2.1775808334350586,-15.945881843566895
gue_mouse_0,contribution,Linear contribution,434,1,9.266680717468262,-14.236910820007324
gue_mouse_0,contribution,Linear contribution,435,1,-8.339343070983887,16.3742733001709
gue_mouse_0,contribution,Linear contribution,436,1,20.743133544921875,-18.073394775390625
gue_mouse_0,contribution,Linear contribution,437,1,1.9886683225631714,26.148971557617188
gue_mouse_0,contribution,Linear contribution,438,0,15.968449592590332,-16.252538681030273
gue_mouse_0,contribution,Linear contribution,439,1,-1.0320048332214355,5.8046979904174805
gue_mouse_0,contribution,Linear contribution,440,0,-10.61622428894043,-10.55847454071045
gue_mouse_0,contribution,Linear contribution,441,1,-12.48455810546875,14.493670463562012
gue_mouse_0,contribution,Linear contribution,442,1,7.40751314163208,25.024124145507812
gue_mouse_0,contribution,Linear contribution,443,1,-8.476234436035156,19.98573875427246
gue_mouse_0,contribution,Linear contribution,444,0,-9.174168586730957,-15.76366901397705
gue_mouse_0,contribution,Linear contribution,445,1,2.5954015254974365,24.89029312133789
gue_mouse_0,contribution,Linear contribution,446,0,-10.539443016052246,1.463144302368164
gue_mouse_0,contribution,Linear contribution,447,0,6.2620930671691895,-12.45540714263916
gue_mouse_0,contribution,Linear contribution,448,1,9.173806190490723,-25.288034439086914
gue_mouse_0,contribution,Linear contribution,449,0,3.725160837173462,-16.70478630065918
gue_mouse_0,contribution,Linear contribution,450,1,-15.804200172424316,14.545937538146973
gue_mouse_0,contribution,Linear contribution,451,1,5.8282647132873535,22.157468795776367
gue_mouse_0,contribution,Linear contribution,452,0,4.390995025634766,-13.72386646270752
gue_mouse_0,contribution,Linear contribution,453,0,-7.948983669281006,-11.83195972442627
gue_mouse_0,contribution,Linear contribution,454,0,-4.730767250061035,-2.5188915729522705
gue_mouse_0,contribution,Linear contribution,455,1,-9.331718444824219,23.605995178222656
gue_mouse_0,contribution,Linear contribution,456,1,13.367263793945312,-8.349000930786133
gue_mouse_0,contribution,Linear contribution,457,1,-7.7078142166137695,22.120365142822266
gue_mouse_0,contribution,Linear contribution,458,1,10.746572494506836,19.75795555114746
gue_mouse_0,contribution,Linear contribution,459,1,21.294845581054688,-16.340147018432617
gue_mouse_0,contribution,Linear contribution,460,0,-13.860025405883789,-5.323572158813477
gue_mouse_0,contribution,Linear contribution,461,1,-14.816627502441406,-14.558568954467773
gue_mouse_0,contribution,Linear contribution,462,0,7.876317501068115,-21.22675132751465
gue_mouse_0,contribution,Linear contribution,463,1,-2.3151378631591797,25.554189682006836
gue_mouse_0,contribution,Linear contribution,464,0,4.610423564910889,-20.287996292114258
gue_mouse_0,contribution,Linear contribution,465,1,-4.0020012855529785,-11.828701972961426
gue_mouse_0,contribution,Linear contribution,466,1,-4.92781925201416,-10.204540252685547
gue_mouse_0,contribution,Linear contribution,467,1,8.931203842163086,21.284372329711914
gue_mouse_0,contribution,Linear contribution,468,1,16.301790237426758,18.24521255493164
gue_mouse_0,contribution,Linear contribution,469,1,1.9033176898956299,23.873615264892578
gue_mouse_0,contribution,Linear contribution,470,1,1.154248595237732,15.997529983520508
gue_mouse_0,contribution,Linear contribution,471,1,11.659274101257324,-19.39740753173828
gue_mouse_0,contribution,Linear contribution,472,0,3.562102794647217,-15.02523422241211
gue_mouse_0,contribution,Linear contribution,473,0,6.40546989440918,-5.293331146240234
gue_mouse_0,contribution,Linear contribution,474,0,-13.346386909484863,8.664618492126465
gue_mouse_0,contribution,Linear contribution,475,0,-5.294035911560059,-16.497093200683594
gue_mouse_0,contribution,Linear contribution,476,1,-14.521788597106934,11.37191390991211
gue_mouse_0,contribution,Linear contribution,477,1,-7.243829727172852,25.54099464416504
gue_mouse_0,contribution,Linear contribution,478,0,-14.58385181427002,-10.37574577331543
gue_mouse_0,contribution,Linear contribution,479,1,6.931262969970703,20.347755432128906
gue_mouse_0,contribution,Linear contribution,480,0,8.7318696975708,-14.316727638244629
gue_mouse_0,contribution,Linear contribution,481,0,-5.35371208190918,-4.113403797149658
gue_mouse_0,contribution,Linear contribution,482,1,0.5993220806121826,26.21702766418457
gue_mouse_0,contribution,Linear contribution,483,0,-8.340476036071777,-3.0403084754943848
gue_mouse_0,contribution,Linear contribution,484,1,-6.731937408447266,7.757285118103027
gue_mouse_0,contribution,Linear contribution,485,0,6.2021989822387695,-16.19394874572754
gue_mouse_0,contribution,Linear contribution,486,1,3.411764144897461,24.44556999206543
gue_mouse_0,contribution,Linear contribution,487,1,7.869243621826172,27.8855037689209
gue_mouse_0,contribution,Linear contribution,488,0,-15.553030967712402,-5.9979143142700195
gue_mouse_0,contribution,Linear contribution,489,1,-13.334575653076172,14.6768798828125
gue_mouse_0,contribution,Linear contribution,490,0,-4.494316577911377,-21.662355422973633
gue_mouse_0,contribution,Linear contribution,491,1,-6.896923542022705,18.327173233032227
gue_mouse_0,contribution,Linear contribution,492,0,-17.014572143554688,2.8673593997955322
gue_mouse_0,contribution,Linear contribution,493,1,4.227711200714111,24.161548614501953
gue_mouse_0,contribution,Linear contribution,494,1,7.6700334548950195,18.533512115478516
gue_mouse_0,contribution,Linear contribution,495,1,16.743865966796875,18.23585319519043
gue_mouse_0,contribution,Linear contribution,496,0,7.0378828048706055,7.989029884338379
gue_mouse_0,contribution,Linear contribution,497,1,-9.016752243041992,19.865915298461914
gue_mouse_0,contribution,Linear contribution,498,1,7.408324241638184,-13.461662292480469
gue_mouse_0,contribution,Linear contribution,499,0,13.36722469329834,-23.39108657836914
gue_mouse_0,contribution,Linear contribution,500,1,11.53343677520752,25.540058135986328
gue_mouse_0,contribution,Linear contribution,501,1,-1.2913998365402222,5.317009925842285
gue_mouse_0,contribution,Linear contribution,502,1,3.7126412391662598,25.491058349609375
gue_mouse_0,contribution,Linear contribution,503,1,9.010801315307617,-20.827402114868164
gue_mouse_0,contribution,Linear contribution,504,1,-4.775526523590088,27.1302547454834
gue_mouse_0,contribution,Linear contribution,505,1,14.620549201965332,19.692052841186523
gue_mouse_0,contribution,Linear contribution,506,0,14.74095344543457,20.39703941345215
gue_mouse_0,contribution,Linear contribution,507,0,-8.952350616455078,18.59510040283203
gue_mouse_0,contribution,Linear contribution,508,1,-13.155770301818848,14.871322631835938
gue_mouse_0,contribution,Linear contribution,509,0,20.959430694580078,-19.767608642578125
gue_mouse_0,contribution,Linear contribution,510,0,-4.675254821777344,-11.836569786071777
gue_mouse_0,contribution,Linear contribution,511,0,-14.112008094787598,-7.94215726852417
gue_mouse_0,contribution,Linear contribution,512,1,-15.806464195251465,4.214572906494141
gue_mouse_0,contribution,Linear contribution,513,0,-11.791388511657715,-8.691293716430664
gue_mouse_0,contribution,Linear contribution,514,0,-14.66775131225586,-9.843291282653809
gue_mouse_0,contribution,Linear contribution,515,1,-10.144848823547363,-16.1787052154541
gue_mouse_0,contribution,Linear contribution,516,0,16.690332412719727,-13.75429630279541
gue_mouse_0,contribution,Linear contribution,517,1,-10.94284725189209,14.081624031066895
gue_mouse_0,contribution,Linear contribution,518,1,6.225872993469238,-9.803863525390625
gue_mouse_0,contribution,Linear contribution,519,0,19.084678649902344,-11.195363998413086
gue_mouse_0,contribution,Linear contribution,520,0,15.792160987854004,-15.544958114624023
gue_mouse_0,contribution,Linear contribution,521,0,14.578611373901367,-12.57002067565918
gue_mouse_0,contribution,Linear contribution,522,0,8.074763298034668,12.603034973144531
gue_mouse_0,contribution,Linear contribution,523,0,4.153750896453857,-9.71291732788086
gue_mouse_0,contribution,Linear contribution,524,0,1.3204253911972046,20.369041442871094
gue_mouse_0,contribution,Linear contribution,525,1,-14.93605899810791,13.586516380310059
gue_mouse_0,contribution,Linear contribution,526,0,-15.521259307861328,-9.864810943603516
gue_mouse_0,contribution,Linear contribution,527,1,-1.7786184549331665,23.652862548828125
gue_mouse_0,contribution,Linear contribution,528,0,16.131452560424805,-14.4430570602417
gue_mouse_0,contribution,Linear contribution,529,1,3.5478243827819824,21.15298080444336
gue_mouse_0,contribution,Linear contribution,530,0,9.408137321472168,-9.01276969909668
gue_mouse_0,contribution,Linear contribution,531,0,-5.556615352630615,-14.888832092285156
gue_mouse_0,contribution,Linear contribution,532,1,9.388084411621094,25.66543960571289
gue_mouse_0,contribution,Linear contribution,533,1,-18.083261489868164,2.5355353355407715
gue_mouse_0,contribution,Linear contribution,534,1,-15.481563568115234,6.944305896759033
gue_mouse_0,contribution,Linear contribution,535,1,-0.6166418194770813,26.888429641723633
gue_mouse_0,contribution,Linear contribution,536,0,10.239062309265137,-20.30806541442871
gue_mouse_0,contribution,Linear contribution,537,0,-10.494730949401855,-2.744854688644409
gue_mouse_0,contribution,Linear contribution,538,1,-4.8850016593933105,28.64471435546875
gue_mouse_0,contribution,Linear contribution,539,0,-15.089808464050293,12.957709312438965
gue_mouse_0,contribution,Linear contribution,540,0,13.95145034790039,-23.858688354492188
gue_mouse_0,contribution,Linear contribution,541,0,-15.272995948791504,-12.21532917022705
gue_mouse_0,contribution,Linear contribution,542,1,-4.885141849517822,26.43938446044922
gue_mouse_0,contribution,Linear contribution,543,0,-2.890265464782715,-16.250036239624023
gue_mouse_0,contribution,Linear contribution,544,0,-12.021025657653809,-12.49767780303955
gue_mouse_0,contribution,Linear contribution,545,1,-14.086478233337402,13.97098445892334
gue_mouse_0,contribution,Linear contribution,546,0,7.450014591217041,-16.215839385986328
gue_mouse_0,contribution,Linear contribution,547,1,-13.075735092163086,7.016831398010254
gue_mouse_0,contribution,Linear contribution,548,1,5.429856777191162,26.753633499145508
gue_mouse_0,contribution,Linear contribution,549,1,15.753684997558594,-9.228631973266602
gue_mouse_0,contribution,Linear contribution,550,1,-12.102373123168945,18.444833755493164
gue_mouse_0,contribution,Linear contribution,551,0,16.00174331665039,-14.961200714111328
gue_mouse_0,contribution,Linear contribution,552,1,4.549976825714111,25.138729095458984
gue_mouse_0,contribution,Linear contribution,553,1,-11.567793846130371,16.438762664794922
gue_mouse_0,contribution,Linear contribution,554,0,14.435344696044922,-12.699686050415039
gue_mouse_0,contribution,Linear contribution,555,1,-17.21603775024414,4.223278522491455
gue_mouse_0,contribution,Linear contribution,556,1,-4.235193252563477,22.242965698242188
gue_mouse_0,contribution,Linear contribution,557,0,6.018968105316162,-20.612119674682617
gue_mouse_0,contribution,Linear contribution,558,0,9.826749801635742,11.936899185180664
gue_mouse_0,contribution,Linear contribution,559,1,-16.1551513671875,10.129325866699219
gue_mouse_0,contribution,Linear contribution,560,1,10.165914535522461,27.814708709716797
gue_mouse_0,contribution,Linear contribution,561,0,-13.120809555053711,-5.552448272705078
gue_mouse_0,contribution,Linear contribution,562,1,-4.997395038604736,25.412273406982422
gue_mouse_0,contribution,Linear contribution,563,0,-10.266218185424805,-6.200353145599365
gue_mouse_0,contribution,Linear contribution,564,1,-12.102862358093262,9.140206336975098
gue_mouse_0,contribution,Linear contribution,565,0,9.31063175201416,-20.095434188842773
gue_mouse_0,contribution,Linear contribution,566,1,-4.342804908752441,5.484179496765137
gue_mouse_0,contribution,Linear contribution,567,1,-14.689126968383789,17.371685028076172
gue_mouse_0,contribution,Linear contribution,568,1,13.006165504455566,22.471620559692383
gue_mouse_0,contribution,Linear contribution,569,0,19.842002868652344,-17.770660400390625
gue_mouse_0,contribution,Linear contribution,570,0,2.339033842086792,-15.61808967590332
gue_mouse_0,contribution,Linear contribution,571,1,-14.861292839050293,10.656208992004395
gue_mouse_0,contribution,Linear contribution,572,1,5.624866962432861,16.97786521911621
gue_mouse_0,contribution,Linear contribution,573,0,-13.0477294921875,-9.645515441894531
gue_mouse_0,contribution,Linear contribution,574,0,-11.086376190185547,-10.866229057312012
gue_mouse_0,contribution,Linear contribution,575,1,-14.54063606262207,10.320446968078613
gue_mouse_0,contribution,Linear contribution,576,0,-9.845663070678711,4.661423683166504
gue_mouse_0,contribution,Linear contribution,577,0,-0.7878567576408386,-9.616168022155762
gue_mouse_0,contribution,Linear contribution,578,1,-11.424278259277344,7.681248664855957
gue_mouse_0,contribution,Linear contribution,579,1,7.1140618324279785,22.671710968017578
gue_mouse_0,contribution,Linear contribution,580,1,-3.764331102371216,25.861957550048828
gue_mouse_0,contribution,Linear contribution,581,1,-10.5282621383667,-19.924482345581055
gue_mouse_0,contribution,Linear contribution,582,1,-9.44140338897705,-9.274731636047363
gue_mouse_0,contribution,Linear contribution,583,1,-1.8847366571426392,21.922000885009766
gue_mouse_0,contribution,Linear contribution,584,0,-1.3072260618209839,-16.73853302001953
gue_mouse_0,contribution,Linear contribution,585,0,-8.499197006225586,-19.812597274780273
gue_mouse_0,contribution,Linear contribution,586,1,12.399517059326172,21.363115310668945
gue_mouse_0,contribution,Linear contribution,587,0,-11.651841163635254,-6.541765213012695
gue_mouse_0,contribution,Linear contribution,588,0,-1.2992818355560303,-21.13276481628418
gue_mouse_0,contribution,Linear contribution,589,1,-4.957371234893799,18.01919174194336
gue_mouse_0,contribution,Linear contribution,590,0,-1.451597809791565,-17.658226013183594
gue_mouse_0,contribution,Linear contribution,591,0,8.396527290344238,-19.105693817138672
gue_mouse_0,contribution,Linear contribution,592,1,-11.820804595947266,10.25863265991211
gue_mouse_0,contribution,Linear contribution,593,0,16.176280975341797,-17.958637237548828
gue_mouse_0,contribution,Linear contribution,594,0,8.895535469055176,-15.845633506774902
gue_mouse_0,contribution,Linear contribution,595,1,-0.30895593762397766,28.196483612060547
gue_mouse_0,contribution,Linear contribution,596,1,2.8665449619293213,19.622644424438477
gue_mouse_0,contribution,Linear contribution,597,1,-3.258838415145874,27.576576232910156
gue_mouse_0,contribution,Linear contribution,598,0,16.25609016418457,-10.255727767944336
gue_mouse_0,contribution,Linear contribution,599,0,-13.205513000488281,-4.015737056732178
gue_mouse_0,contribution,Linear contribution,600,0,-14.250518798828125,-6.1038079261779785
gue_mouse_0,contribution,Linear contribution,601,0,-11.835108757019043,-7.064144611358643
gue_mouse_0,contribution,Linear contribution,602,0,3.7199177742004395,-13.017768859863281
gue_mouse_0,contribution,Linear contribution,603,0,14.816215515136719,-16.516422271728516
gue_mouse_0,contribution,Linear contribution,604,0,-12.179654121398926,6.766153335571289
gue_mouse_0,contribution,Linear contribution,605,1,11.294999122619629,21.149473190307617
gue_mouse_0,contribution,Linear contribution,606,1,7.427364826202393,13.690173149108887
gue_mouse_0,contribution,Linear contribution,607,0,13.022701263427734,-7.7250871658325195
gue_mouse_0,contribution,Linear contribution,608,1,13.87247371673584,17.937437057495117
gue_mouse_0,contribution,Linear contribution,609,0,8.292573928833008,12.317339897155762
gue_mouse_0,contribution,Linear contribution,610,1,8.868095397949219,19.013195037841797
gue_mouse_0,contribution,Linear contribution,611,0,-3.4720091819763184,-21.00192642211914
gue_mouse_0,contribution,Linear contribution,612,1,-14.637494087219238,11.869760513305664
gue_mouse_0,contribution,Linear contribution,613,1,-5.047075271606445,24.019853591918945
gue_mouse_0,contribution,Linear contribution,614,0,-2.8699514865875244,1.4966835975646973
gue_mouse_0,contribution,Linear contribution,615,1,-13.687548637390137,10.778676986694336
gue_mouse_0,contribution,Linear contribution,616,0,21.679729461669922,-17.027849197387695
gue_mouse_0,contribution,Linear contribution,617,1,7.015215873718262,25.72266387939453
gue_mouse_0,contribution,Linear contribution,618,1,18.820886611938477,-16.024747848510742
gue_mouse_0,contribution,Linear contribution,619,0,-11.220213890075684,-1.5274755954742432
gue_mouse_0,contribution,Linear contribution,620,0,7.234683513641357,-11.554540634155273
gue_mouse_0,contribution,Linear contribution,621,1,-13.254789352416992,13.283194541931152
gue_mouse_0,contribution,Linear contribution,622,0,-15.437845230102539,-10.970250129699707
gue_mouse_0,contribution,Linear contribution,623,0,3.773076295852661,-10.076028823852539
gue_mouse_0,contribution,Linear contribution,624,0,6.648843765258789,-21.661964416503906
gue_mouse_0,contribution,Linear contribution,625,0,-17.56740951538086,2.4324615001678467
gue_mouse_0,contribution,Linear contribution,626,0,-8.31563949584961,-11.514102935791016
gue_mouse_0,contribution,Linear contribution,627,0,-17.275117874145508,6.13590669631958
gue_mouse_0,contribution,Linear contribution,628,0,-6.558679103851318,-8.718704223632812
gue_mouse_0,contribution,Linear contribution,629,1,-7.547921657562256,17.08177947998047
gue_mouse_0,contribution,Linear contribution,630,0,1.5225187540054321,-15.454819679260254
gue_mouse_0,contribution,Linear contribution,631,1,9.710737228393555,23.550519943237305
gue_mouse_0,contribution,Linear contribution,632,1,-2.8502678871154785,24.731111526489258
gue_mouse_0,contribution,Linear contribution,633,0,-9.585169792175293,-11.094590187072754
gue_mouse_0,contribution,Linear contribution,634,0,6.540387153625488,-19.369020462036133
gue_mouse_0,contribution,Linear contribution,635,1,-14.121563911437988,11.974396705627441
gue_mouse_0,contribution,Linear contribution,636,0,4.179773807525635,-16.86578369140625
gue_mouse_0,contribution,Linear contribution,637,0,19.811058044433594,-19.789073944091797
gue_mouse_0,contribution,Linear contribution,638,0,4.879308700561523,-15.659849166870117
gue_mouse_0,contribution,Linear contribution,639,1,9.848859786987305,-17.677614212036133
gue_mouse_0,contribution,Linear contribution,640,0,9.895086288452148,-23.665924072265625
gue_mouse_0,contribution,Linear contribution,641,1,8.618056297302246,17.867517471313477
gue_mouse_0,contribution,Linear contribution,642,1,-1.6518455743789673,-16.02790641784668
gue_mouse_0,contribution,Linear contribution,643,0,-2.7272558212280273,-15.133146286010742
gue_mouse_0,contribution,Linear contribution,644,0,-7.025718688964844,-18.843271255493164
gue_mouse_0,contribution,Linear contribution,645,0,-2.588495969772339,-20.443279266357422
gue_mouse_0,contribution,Linear contribution,646,1,12.392911911010742,14.025125503540039
gue_mouse_0,contribution,Linear contribution,647,0,8.142435073852539,-17.30546760559082
gue_mouse_0,contribution,Linear contribution,648,1,1.7905755043029785,29.7699031829834
gue_mouse_0,contribution,Linear contribution,649,0,-14.330379486083984,-2.9790894985198975
gue_mouse_0,contribution,Linear contribution,650,0,14.731033325195312,-22.733610153198242
gue_mouse_0,contribution,Linear contribution,651,1,18.551753997802734,-11.921951293945312
gue_mouse_0,contribution,Linear contribution,652,0,-4.624331951141357,0.7718085050582886
gue_mouse_0,contribution,Linear contribution,653,0,7.306497573852539,-19.318912506103516
gue_mouse_0,contribution,Linear contribution,654,1,-1.0401514768600464,25.944171905517578
gue_mouse_0,contribution,Linear contribution,655,1,-4.2919230461120605,25.38395881652832
gue_mouse_0,contribution,Linear contribution,656,1,-11.40660572052002,15.10882568359375
gue_mouse_0,contribution,Linear contribution,657,1,11.164067268371582,19.27080726623535
gue_mouse_0,contribution,Linear contribution,658,0,-17.692569732666016,8.549418449401855
gue_mouse_0,contribution,Linear contribution,659,1,-4.946391582489014,22.98455238342285
gue_mouse_0,contribution,Linear contribution,660,0,-9.29226303100586,-16.86871337890625
gue_mouse_0,contribution,Linear contribution,661,1,-3.7122702598571777,18.07489776611328
gue_mouse_0,contribution,Linear contribution,662,0,-14.426509857177734,-5.271056175231934
gue_mouse_0,contribution,Linear contribution,663,0,-12.98243236541748,0.6892529726028442
gue_mouse_0,contribution,Linear contribution,664,0,-8.724790573120117,-12.08315372467041
gue_mouse_0,contribution,Linear contribution,665,0,-9.983481407165527,11.339668273925781
gue_mouse_0,contribution,Linear contribution,666,0,10.70407485961914,-17.93404197692871
gue_mouse_0,contribution,Linear contribution,667,1,14.22938346862793,19.485227584838867
gue_mouse_0,contribution,Linear contribution,668,1,14.999029159545898,19.20524024963379
gue_mouse_0,contribution,Linear contribution,669,1,5.638704299926758,20.646060943603516
gue_mouse_0,contribution,Linear contribution,670,1,13.887075424194336,22.63959503173828
gue_mouse_0,contribution,Linear contribution,671,0,-7.74800968170166,-9.449581146240234
gue_mouse_0,contribution,Linear contribution,672,0,19.389610290527344,-18.421672821044922
gue_mouse_0,contribution,Linear contribution,673,1,8.502555847167969,-23.31617546081543
gue_mouse_0,contribution,Linear contribution,674,1,15.988710403442383,17.14803123474121
gue_mouse_0,contribution,Linear contribution,675,1,1.9780895709991455,24.964712142944336
gue_mouse_0,contribution,Linear contribution,676,0,2.3668079376220703,-16.242536544799805
gue_mouse_0,contribution,Linear contribution,677,1,-3.312061071395874,27.95465850830078
gue_mouse_0,contribution,Linear contribution,678,0,-14.604789733886719,-1.1453266143798828
gue_mouse_0,contribution,Linear contribution,679,0,19.048118591308594,-13.711115837097168
gue_mouse_0,contribution,Linear contribution,680,1,-5.800701141357422,25.353757858276367
gue_mouse_0,contribution,Linear contribution,681,0,16.414764404296875,-10.313806533813477
gue_mouse_0,contribution,Linear contribution,682,0,-15.738367080688477,-4.3612847328186035
gue_mouse_0,contribution,Linear contribution,683,1,-8.53146743774414,15.12438678741455
gue_mouse_0,contribution,Linear contribution,684,0,-5.086325645446777,-6.494257926940918
gue_mouse_0,contribution,Linear contribution,685,0,7.8423171043396,-8.519234657287598
gue_mouse_0,contribution,Linear contribution,686,0,13.467119216918945,16.904706954956055
gue_mouse_0,contribution,Linear contribution,687,0,11.517980575561523,-16.991405487060547
gue_mouse_0,contribution,Linear contribution,688,0,-9.05281925201416,-19.140331268310547
gue_mouse_0,contribution,Linear contribution,689,1,-14.964478492736816,2.555713653564453
gue_mouse_0,contribution,Linear contribution,690,1,-6.067849159240723,-9.142630577087402
gue_mouse_0,contribution,Linear contribution,691,0,12.086461067199707,16.628917694091797
gue_mouse_0,contribution,Linear contribution,692,1,7.608049392700195,25.07149314880371
gue_mouse_0,contribution,Linear contribution,693,0,-12.848455429077148,-8.291028022766113
gue_mouse_0,contribution,Linear contribution,694,0,1.4138184785842896,-17.497909545898438
gue_mouse_0,contribution,Linear contribution,695,1,5.166977405548096,22.60710334777832
gue_mouse_0,contribution,Linear contribution,696,1,-7.030268669128418,-13.704537391662598
gue_mouse_0,contribution,Linear contribution,697,0,-9.86806583404541,-1.5143535137176514
gue_mouse_0,contribution,Linear contribution,698,1,-3.0057098865509033,10.13027286529541
gue_mouse_0,contribution,Linear contribution,699,1,-9.192087173461914,20.412498474121094
gue_mouse_0,contribution,Linear contribution,700,0,-1.0367960929870605,-16.052156448364258
gue_mouse_0,contribution,Linear contribution,701,0,-14.478653907775879,-4.43992280960083
gue_mouse_0,contribution,Linear contribution,702,1,4.59709358215332,26.449691772460938
gue_mouse_0,contribution,Linear contribution,703,1,11.530529975891113,12.107070922851562
gue_mouse_0,contribution,Linear contribution,704,0,-15.246492385864258,-5.187414169311523
gue_mouse_0,contribution,Linear contribution,705,0,14.687145233154297,-20.55110740661621
gue_mouse_0,contribution,Linear contribution,706,0,4.269384384155273,-11.99368953704834
gue_mouse_0,contribution,Linear contribution,707,1,-4.243656635284424,26.988052368164062
gue_mouse_0,contribution,Linear contribution,708,0,-6.087874889373779,-4.055231094360352
gue_mouse_0,contribution,Linear contribution,709,0,5.701409339904785,-16.487855911254883
gue_mouse_0,contribution,Linear contribution,710,1,16.081703186035156,19.2702579498291
gue_mouse_0,contribution,Linear contribution,711,1,-9.380419731140137,13.683052062988281
gue_mouse_0,contribution,Linear contribution,712,0,17.022449493408203,-15.728242874145508
gue_mouse_0,contribution,Linear contribution,713,0,-9.969881057739258,7.660661220550537
gue_mouse_0,contribution,Linear contribution,714,0,2.0564162731170654,-14.13607120513916
gue_mouse_0,contribution,Linear contribution,715,1,5.180825710296631,29.25270652770996
gue_mouse_0,contribution,Linear contribution,716,1,-1.5016510486602783,6.925698280334473
gue_mouse_0,contribution,Linear contribution,717,0,10.095471382141113,-10.785645484924316
gue_mouse_0,contribution,Linear contribution,718,0,-16.022336959838867,-13.24025821685791
gue_mouse_0,contribution,Linear contribution,719,1,17.991039276123047,-9.309890747070312
gue_mouse_0,contribution,Linear contribution,720,1,1.8246921300888062,27.478057861328125
gue_mouse_0,contribution,Linear contribution,721,1,4.292840480804443,20.354055404663086
gue_mouse_0,contribution,Linear contribution,722,0,16.11882972717285,-19.216154098510742
gue_mouse_0,contribution,Linear contribution,723,0,12.787816047668457,-16.32740592956543
gue_mouse_0,contribution,Linear contribution,724,1,18.139667510986328,17.393512725830078
gue_mouse_0,contribution,Linear contribution,725,1,12.510329246520996,25.597536087036133
gue_mouse_0,contribution,Linear contribution,726,1,-9.072649002075195,-5.336240768432617
gue_mouse_0,contribution,Linear contribution,727,1,6.315239429473877,29.606334686279297
gue_mouse_0,contribution,Linear contribution,728,0,-2.1055562496185303,-14.073213577270508
gue_mouse_0,contribution,Linear contribution,729,0,11.074496269226074,-22.52833366394043
gue_mouse_0,contribution,Linear contribution,730,1,13.300790786743164,20.8884220123291
gue_mouse_0,contribution,Linear contribution,731,0,20.054393768310547,-14.40439224243164
gue_mouse_0,contribution,Linear contribution,732,1,8.817666053771973,22.200124740600586
gue_mouse_0,contribution,Linear contribution,733,0,-13.235282897949219,-15.047455787658691
gue_mouse_0,contribution,Linear contribution,734,0,16.95647621154785,-12.558257102966309
gue_mouse_0,contribution,Linear contribution,735,1,-1.3234654664993286,24.258934020996094
gue_mouse_0,contribution,Linear contribution,736,0,3.9222488403320312,-15.20248031616211
gue_mouse_0,contribution,Linear contribution,737,0,2.8659191131591797,-19.64031219482422
gue_mouse_0,contribution,Linear contribution,738,1,9.471051216125488,19.83707046508789
gue_mouse_0,contribution,Linear contribution,739,0,18.63829231262207,-9.59786605834961
gue_mouse_0,contribution,Linear contribution,740,1,5.684258460998535,24.335739135742188
gue_mouse_0,contribution,Linear contribution,741,0,-13.607013702392578,-14.540879249572754
gue_mouse_0,contribution,Linear contribution,742,0,13.413810729980469,-16.155426025390625
gue_mouse_0,contribution,Linear contribution,743,1,0.007519600912928581,19.729372024536133
gue_mouse_0,contribution,Linear contribution,744,1,9.894798278808594,21.093957901000977
gue_mouse_0,contribution,Linear contribution,745,1,-5.869083881378174,27.290733337402344
gue_mouse_0,contribution,Linear contribution,746,0,-2.963864803314209,-22.45322036743164
gue_mouse_0,contribution,Linear contribution,747,0,6.3763108253479,-21.831449508666992
gue_mouse_0,contribution,Linear contribution,748,1,12.491253852844238,15.395679473876953
gue_mouse_0,contribution,Linear contribution,749,1,-3.2899112701416016,20.730344772338867
gue_mouse_0,contribution,Linear contribution,750,1,2.527435779571533,21.924503326416016
gue_mouse_0,contribution,Linear contribution,751,0,-13.003264427185059,-13.2035551071167
gue_mouse_0,contribution,Linear contribution,752,0,11.764638900756836,-8.016434669494629
gue_mouse_0,contribution,Linear contribution,753,1,0.7085115313529968,20.46175765991211
gue_mouse_0,contribution,Linear contribution,754,1,11.78150749206543,24.716875076293945
gue_mouse_0,contribution,Linear contribution,755,0,-11.240229606628418,-13.601518630981445
gue_mouse_0,contribution,Linear contribution,756,0,9.297622680664062,-16.186508178710938
gue_mouse_0,contribution,Linear contribution,757,0,21.20356559753418,-17.789409637451172
gue_mouse_0,contribution,Linear contribution,758,1,-9.137394905090332,5.7926177978515625
gue_mouse_0,contribution,Linear contribution,759,1,-15.484697341918945,-6.6778059005737305
gue_mouse_0,contribution,Linear contribution,760,1,3.9509685039520264,30.338226318359375
gue_mouse_0,contribution,Linear contribution,761,1,17.87938690185547,-22.74036407470703
gue_mouse_0,contribution,Linear contribution,762,0,2.574885129928589,-11.379664421081543
gue_mouse_0,contribution,Linear contribution,763,0,-3.5126867294311523,-18.55536460876465
gue_mouse_0,contribution,Linear contribution,764,1,-6.87800931930542,26.147192001342773
gue_mouse_0,contribution,Linear contribution,765,0,12.653813362121582,-9.74380874633789
gue_mouse_0,contribution,Linear contribution,766,0,-1.6591720581054688,-14.640898704528809
gue_mouse_0,contribution,Linear contribution,767,0,-10.933209419250488,-1.7198569774627686
gue_mouse_0,contribution,Linear contribution,768,1,-16.979278564453125,10.917133331298828
gue_mouse_0,contribution,Linear contribution,769,1,-13.210811614990234,12.44626522064209
gue_mouse_0,contribution,Linear contribution,770,1,-9.465781211853027,2.4241387844085693
gue_mouse_0,contribution,Linear contribution,771,1,12.565118789672852,14.750429153442383
gue_mouse_0,contribution,Linear contribution,772,1,8.580092430114746,8.89782428741455
gue_mouse_0,contribution,Linear contribution,773,1,5.484557628631592,22.650970458984375
gue_mouse_0,contribution,Linear contribution,774,1,5.990023136138916,21.349315643310547
gue_mouse_0,contribution,Linear contribution,775,0,8.431760787963867,-19.512989044189453
gue_mouse_0,contribution,Linear contribution,776,0,-10.668473243713379,-19.35332679748535
gue_mouse_0,contribution,Linear contribution,777,0,-10.32698917388916,6.889969825744629
gue_mouse_0,contribution,Linear contribution,778,1,-11.566762924194336,12.206208229064941
gue_mouse_0,contribution,Linear contribution,779,1,-9.800863265991211,-7.250757694244385
gue_mouse_0,contribution,Linear contribution,780,1,10.685121536254883,17.388568878173828
gue_mouse_0,contribution,Linear contribution,781,1,-5.448678016662598,22.610658645629883
gue_mouse_0,contribution,Linear contribution,782,1,6.05804443359375,23.083364486694336
gue_mouse_0,contribution,Linear contribution,783,0,-13.522370338439941,-11.392487525939941
gue_mouse_0,contribution,Linear contribution,784,0,16.568696975708008,-9.023825645446777
gue_mouse_0,contribution,Linear contribution,785,1,-0.6611456871032715,1.687622308731079
gue_mouse_0,contribution,Linear contribution,786,1,15.824871063232422,-11.705632209777832
gue_mouse_0,contribution,Linear contribution,787,1,20.410730361938477,-18.883487701416016
gue_mouse_0,contribution,Linear contribution,788,1,2.8419864177703857,23.187305450439453
gue_mouse_0,contribution,Linear contribution,789,1,9.90755844116211,27.623491287231445
gue_mouse_0,contribution,Linear contribution,790,1,-10.913987159729004,16.979639053344727
gue_mouse_0,contribution,Linear contribution,791,1,2.8153698444366455,25.844024658203125
gue_mouse_0,contribution,Linear contribution,792,1,-16.27103042602539,1.9264588356018066
gue_mouse_0,contribution,Linear contribution,793,0,-16.219743728637695,1.0593405961990356
gue_mouse_0,contribution,Linear contribution,794,0,-14.367074966430664,4.354217052459717
gue_mouse_0,contribution,Linear contribution,795,1,-12.0321683883667,15.204599380493164
gue_mouse_0,contribution,Linear contribution,796,1,16.678125381469727,-16.810379028320312
gue_mouse_0,contribution,Linear contribution,797,0,-6.350485801696777,-9.129148483276367
gue_mouse_0,contribution,Linear contribution,798,0,8.997637748718262,-10.073623657226562
gue_mouse_0,contribution,Linear contribution,799,0,10.47047233581543,-13.543396949768066
gue_mouse_0,contribution,Linear contribution,800,1,-16.678205490112305,12.410926818847656
gue_mouse_0,contribution,Linear contribution,801,1,13.626642227172852,21.34359359741211
gue_mouse_0,contribution,Linear contribution,802,1,-10.627182006835938,23.97821807861328
gue_mouse_0,contribution,Linear contribution,803,0,13.32245922088623,-24.421314239501953
gue_mouse_0,contribution,Linear contribution,804,0,-6.379212856292725,-11.512872695922852
gue_mouse_0,contribution,Linear contribution,805,1,3.731768846511841,24.301427841186523
gue_mouse_0,contribution,Linear contribution,806,1,-2.9862983226776123,10.137679100036621
gue_mouse_0,contribution,Linear contribution,807,1,7.723719120025635,14.289215087890625
gue_mouse_0,contribution,Linear contribution,808,0,-9.462756156921387,-10.813596725463867
gue_mouse_0,contribution,Linear contribution,809,0,11.501782417297363,-10.05599594116211
