task_id,scenario,mode,replicate,source_count,affected_count,auc,auprc,mcc,accuracy,balanced_accuracy,sensitivity,specificity,threshold,delta_auc,delta_auprc,delta_mcc,delta_accuracy
gue_emp_H3,complete_sources,deployment_shift,0,53,0,0.9557487370807376,0.9528777505693167,0.7875763263555277,0.8937875751503006,0.8937389550347191,0.8993377483443709,0.8881401617250674,0.4908495913445951,0.0,0.0,0.0,0.0
gue_emp_H3,missing_group:engineered_descriptors,deployment_shift,0,53,22,0.9552435693757698,0.9522250783877511,0.7862481030201219,0.8931195724782899,0.8930651005872798,0.8993377483443709,0.8867924528301887,0.4908495913445951,-0.0005051677049677794,-0.0006526721815656167,-0.0013282233354057205,-0.0006680026720107257
gue_emp_H3,missing_group:foundation_evidence,deployment_shift,0,53,23,0.955668410060513,0.9516232097731391,0.7906119133963551,0.895123580494322,0.8949706360114957,0.9125827814569536,0.8773584905660378,0.4908495913445951,-8.032702022464644e-05,-0.0012545407961775945,0.0030355870408274033,0.0013360053440213404
gue_emp_H3,missing_group:sequence_grammar,deployment_shift,0,53,5,0.954267149818818,0.9510083105459612,0.780979686310759,0.8904475617902472,0.8903580800057121,0.9006622516556292,0.8800539083557951,0.4908495913445951,-0.0014815872619196035,-0.0018694400233554287,-0.006596640044768676,-0.0033400133600534065
gue_emp_H3,missing_group:derived_evidence,deployment_shift,0,53,3,0.9486674639867193,0.9473611480215262,0.728787665212371,0.8617234468937875,0.861173488513236,0.9245033112582781,0.7978436657681941,0.4908495913445951,-0.007081273094018292,-0.005516602547790517,-0.05878866114315662,-0.03206412825651306
gue_emp_H3,missing_strongest_source,deployment_shift,0,53,1,0.9535834776244623,0.9512837321627341,0.7691027372221046,0.8837675350701403,0.8834686992377858,0.9178807947019868,0.8490566037735849,0.4908495913445951,-0.002165259456275326,-0.0015940184065825758,-0.018473589133423007,-0.01002004008016033
gue_emp_H3,conflicting_strongest_source,deployment_shift,0,53,1,0.7740936434551329,0.7151002133505421,0.4148904459517427,0.7074148296593187,0.7074507773870513,0.7033112582781457,0.7115902964959568,0.4908495913445951,-0.18165509362560472,-0.2377775372187746,-0.372685880403785,-0.18637274549098193
gue_emp_H3,random_missing_20pct,deployment_shift,1,53,11,0.9508987701040681,0.9479441240067515,0.7264728483077677,0.8570474281897128,0.8562244515449564,0.9509933774834437,0.761455525606469,0.4908495913445951,-0.004849966976669506,-0.00493362656256513,-0.06110347804775995,-0.036740146960587805
gue_emp_H3,random_missing_20pct,deployment_shift,2,53,11,0.9569661376983631,0.9551940577570935,0.7880057985669358,0.8937875751503006,0.893622927116617,0.9125827814569536,0.8746630727762803,0.4908495913445951,0.0012174006176255414,0.002316307187776867,0.00042947221140809955,0.0
gue_emp_H3,random_missing_20pct,deployment_shift,3,53,11,0.9551346816372432,0.951884005906214,0.7889411783969963,0.8944555778223113,0.894389603898538,0.9019867549668874,0.8867924528301887,0.4908495913445951,-0.0006140554434943546,-0.000993744663102647,0.0013648520414686338,0.0006680026720107257
gue_emp_H3,random_missing_20pct,deployment_shift,4,53,11,0.9561557273165421,0.9538267240721998,0.7917097422555969,0.8957915831663327,0.8956909016261758,0.9072847682119205,0.8840970350404312,0.4908495913445951,0.000406990235804483,0.0009489735028831436,0.004133415900069215,0.002004008016032066
gue_emp_H3,random_missing_20pct,deployment_shift,5,53,11,0.9532443190946251,0.9500334912501017,0.7572619845354412,0.8764195056780227,0.8759286696060407,0.9324503311258279,0.8194070080862533,0.4908495913445951,-0.0025044179861124505,-0.002844259319214948,-0.03031434182008641,-0.01736806947227787
gue_emp_H3,random_missing_20pct,deployment_shift,6,53,11,0.9562521197408115,0.9525736978721308,0.7930268414739874,0.8964595858383434,0.8963647560736152,0.9072847682119205,0.8854447439353099,0.4908495913445951,0.0005033826600738811,-0.0003040526971859192,0.005450515118459731,0.002672010688042792
gue_emp_H3,random_missing_20pct,deployment_shift,7,53,11,0.953158636939719,0.9506219540250048,0.7690921635735393,0.8830995323981295,0.8827020224558648,0.928476821192053,0.8369272237196765,0.4908495913445951,-0.0025901001410185698,-0.00225579654431185,-0.01848416278198839,-0.010688042752171056
gue_emp_H3,random_missing_20pct,deployment_shift,8,53,11,0.9554024383713251,0.9525694808769251,0.7902488725255734,0.895123580494322,0.8950750611377876,0.9006622516556292,0.889487870619946,0.4908495913445951,-0.00034629870941249585,-0.00030826969239161617,0.002672546170045753,0.0013360053440213404
gue_emp_H3,random_missing_20pct,deployment_shift,9,53,11,0.9558933257171418,0.953872622974181,0.7916402098021335,0.8957915831663327,0.8957141072097963,0.904635761589404,0.8867924528301887,0.4908495913445951,0.00014458863640420816,0.0009948724048642887,0.004063883446605798,0.002004008016032066
gue_emp_H3,random_missing_20pct,deployment_shift,10,53,11,0.9470752039413791,0.9428738110501826,0.7158738420920694,0.8530394121576487,0.8522973527784223,0.937748344370861,0.7668463611859838,0.4908495913445951,-0.00867353313935848,-0.01000393951913403,-0.07170248426345827,-0.04074816299265194
gue_emp_H3,random_missing_20pct,deployment_shift,11,53,11,0.9529640670462862,0.9502407860154705,0.7753672467902761,0.8864395457581831,0.8860712946930616,0.928476821192053,0.8436657681940701,0.4908495913445951,-0.0027846700344513753,-0.0026369645538462105,-0.012209079565251524,-0.007348029392117539
gue_emp_H3,random_missing_20pct,deployment_shift,12,53,11,0.9557540922154193,0.9526948850078172,0.7902665845058707,0.895123580494322,0.8950634583459773,0.9019867549668874,0.8881401617250674,0.4908495913445951,5.355134681694906e-06,-0.00018286556149949007,0.0026902581503430723,0.0013360053440213404
gue_emp_H3,random_missing_20pct,deployment_shift,13,53,11,0.9549972331804146,0.951763979638325,0.7836528005069274,0.8917835671342685,0.8916941861087806,0.9019867549668874,0.8814016172506739,0.4908495913445951,-0.0007515039003229695,-0.001113770930991631,-0.003923525848600229,-0.002004008016032066
gue_emp_H3,random_missing_20pct,deployment_shift,14,53,11,0.9558594098641582,0.9530157633963869,0.7875938999426614,0.8937875751503006,0.893727352242909,0.9006622516556292,0.8867924528301887,0.4908495913445951,0.00011067278342058451,0.0001380128270702663,1.757358713372348e-05,0.0
gue_emp_H3,random_missing_20pct,deployment_shift,15,53,11,0.9563092411774154,0.9543534726663718,0.7929627879233206,0.8964595858383434,0.8963879616572357,0.904635761589404,0.8881401617250674,0.4908495913445951,0.0005605040966778496,0.0014757220970551543,0.005386461567792988,0.002672010688042792
gue_emp_H3,random_missing_20pct,deployment_shift,16,53,11,0.9529979828992698,0.9507553428106281,0.7637219869176725,0.8804275217100869,0.8800298102497278,0.9258278145695364,0.8342318059299192,0.4908495913445951,-0.0027507541814677516,-0.0021224077586885493,-0.0238543394378552,-0.013360053440213737
gue_emp_H3,random_missing_20pct,deployment_shift,17,53,11,0.9556059334892273,0.9531777330825534,0.7837323785909618,0.8917835671342685,0.8916709805251601,0.904635761589404,0.8787061994609164,0.4908495913445951,-0.00014280359151030986,0.0002999825132367073,-0.0038439477645658693,-0.002004008016032066
gue_emp_H3,random_missing_20pct,deployment_shift,18,53,11,0.9556559147462558,0.952776435305301,0.7875763263555277,0.8937875751503006,0.8937389550347191,0.8993377483443709,0.8881401617250674,0.4908495913445951,-9.282233448182353e-05,-0.00010131526401568891,0.0,0.0
gue_emp_H3,random_missing_20pct,deployment_shift,19,53,11,0.9562646150550687,0.9532572764412671,0.795700055947662,0.8977955911823647,0.8977008621766838,0.9086092715231788,0.8867924528301887,0.4908495913445951,0.0005158779743310582,0.00037952587195044796,0.008123729592134366,0.004008016032064132
gue_emp_H3,random_missing_20pct,deployment_shift,20,53,11,0.9557291015869049,0.9524818005831575,0.7890364227171915,0.8944555778223113,0.8943547955231075,0.9059602649006623,0.8827493261455526,0.4908495913445951,-1.963549383265928e-05,-0.0003959499861592164,0.0014600963616638873,0.0006680026720107257
gue_emp_H3,random_missing_40pct,deployment_shift,1,53,21,0.955256064690027,0.9533800767872873,0.7825884708439058,0.8911155644622578,0.8909623177022903,0.9086092715231788,0.8733153638814016,0.4908495913445951,-0.0004926723907106023,0.0005023262179706389,-0.0049878555116218415,-0.002672010688042792
gue_emp_H3,random_missing_40pct,deployment_shift,2,53,21,0.9556844754645579,0.9524536722344032,0.7904399403355952,0.895123580494322,0.8950054443869264,0.9086092715231788,0.8814016172506739,0.4908495913445951,-6.426161617967274e-05,-0.0004240783349134247,0.0028636139800675142,0.0013360053440213404
gue_emp_H3,random_missing_40pct,deployment_shift,3,53,21,0.9554399243140965,0.9518555414499726,0.7849729216540313,0.8924515698062793,0.89236804055622,0.9019867549668874,0.8827493261455526,0.4908495913445951,-0.0003088127666410756,-0.0010222091193440308,-0.002603404701496337,-0.0013360053440213404
gue_emp_H3,random_missing_40pct,deployment_shift,4,53,21,0.9553078309919495,0.9526246540815556,0.7853310068203495,0.8924515698062793,0.8922868210135485,0.9112582781456954,0.8733153638814016,0.4908495913445951,-0.00044090608878810666,-0.00025309648776106197,-0.0022453195351781474,-0.0013360053440213404
gue_emp_H3,random_missing_40pct,deployment_shift,5,53,21,0.9405008835972225,0.9363719942972177,0.6326543854621562,0.7975951903807615,0.7960889666375109,0.9695364238410596,0.6226415094339622,0.4908495913445951,-0.015247853483515095,-0.016505756272098937,-0.1549219408933714,-0.09619238476953906
gue_emp_H3,random_missing_40pct,deployment_shift,6,53,21,0.9532318237803681,0.9503227964581764,0.7595189348833316,0.8777555110220441,0.8772879812927294,0.9311258278145695,0.8234501347708895,0.4908495913445951,-0.0025169133003695165,-0.002554954111140262,-0.028057391472196103,-0.01603206412825653
gue_emp_H3,random_missing_40pct,deployment_shift,7,53,21,0.956687670694918,0.9549164063341736,0.7917097422555969,0.8957915831663327,0.8956909016261758,0.9072847682119205,0.8840970350404312,0.4908495913445951,0.0009389336141804039,0.002038655764856956,0.004133415900069215,0.002004008016032066
gue_emp_H3,random_missing_40pct,deployment_shift,8,53,21,0.9285268024490817,0.9209554006382915,0.5901619083008308,0.7688710754843019,0.7670436086467575,0.9774834437086093,0.5566037735849056,0.4908495913445951,-0.027221934631655897,-0.03192234993102516,-0.19741441805469684,-0.12491649966599871
gue_emp_H3,random_missing_40pct,deployment_shift,9,53,21,0.9551114760536228,0.9527892534333148,0.7709045643987378,0.8837675350701403,0.8833410685278735,0.9324503311258279,0.8342318059299192,0.4908495913445951,-0.0006372610271148105,-8.849713600189713e-05,-0.016671761956789877,-0.01002004008016033
gue_emp_H3,random_missing_40pct,deployment_shift,10,53,21,0.9494171828421485,0.9459065753518219,0.7266565231767959,0.8590514362057449,0.8583620428053766,0.937748344370861,0.7789757412398922,0.4908495913445951,-0.00633155423858911,-0.006971175217494796,-0.0609198031787318,-0.03473613894455574
gue_emp_H3,random_missing_40pct,deployment_shift,11,53,21,0.9553774477428109,0.9534074449888821,0.7862943538092346,0.8931195724782899,0.8930418950036594,0.9019867549668874,0.8840970350404312,0.4908495913445951,-0.000371289337926739,0.0005296944195654074,-0.001281972546293031,-0.0006680026720107257
gue_emp_H3,random_missing_40pct,deployment_shift,12,53,21,0.9507613216472395,0.9473267164691279,0.7042472695444885,0.8443553774215097,0.8434212170436086,0.9509933774834437,0.7358490566037735,0.4908495913445951,-0.004987415433498121,-0.005551034100188756,-0.08332905681103919,-0.04943219772879093
gue_emp_H3,random_missing_40pct,deployment_shift,13,53,21,0.9550954106495778,0.9518879996200494,0.7875643808940671,0.8937875751503006,0.8937505578265292,0.8980132450331125,0.889487870619946,0.4908495913445951,-0.0006533264311597842,-0.0009897509492672318,-1.1945461460549645e-05,0.0
gue_emp_H3,random_missing_40pct,deployment_shift,14,53,21,0.9537512718444868,0.9511297295859268,0.7453322399165254,0.8690714762859052,0.8684466539333464,0.9403973509933775,0.7964959568733153,0.4908495913445951,-0.0019974652362507728,-0.0017480209833898863,-0.04224408643900224,-0.024716098864395408
gue_emp_H3,random_missing_40pct,deployment_shift,15,53,21,0.9555006158404884,0.9522127811189497,0.7890364227171915,0.8944555778223113,0.8943547955231075,0.9059602649006623,0.8827493261455526,0.4908495913445951,-0.00024812124024919946,-0.0006649694503669812,0.0014600963616638873,0.0006680026720107257
gue_emp_H3,random_missing_40pct,deployment_shift,16,53,21,0.955359597293872,0.9523939394159471,0.7811603687116896,0.8904475617902472,0.8903116688384713,0.9059602649006623,0.8746630727762803,0.4908495913445951,-0.000389139786865611,-0.00048381115336959546,-0.006415957643838066,-0.0033400133600534065
gue_emp_H3,random_missing_40pct,deployment_shift,17,53,21,0.9556452044768926,0.9521472607641963,0.7931136038088433,0.8964595858383434,0.8963415504899948,0.909933774834437,0.8827493261455526,0.4908495913445951,-0.0001035326038449913,-0.0007304898051203601,0.00553727745331567,0.002672010688042792
gue_emp_H3,random_missing_40pct,deployment_shift,18,53,21,0.9549133360704022,0.9526294326475405,0.7723464882968094,0.884435537742151,0.8840033201835027,0.9337748344370861,0.8342318059299192,0.4908495913445951,-0.0008354010103354126,-0.0002483179217761533,-0.015229838058718248,-0.009352037408149605
gue_emp_H3,random_missing_40pct,deployment_shift,19,53,21,0.9500151728815981,0.9471621833140971,0.731832779566691,0.8610554442217769,0.8603255921886435,0.9443708609271523,0.7762803234501348,0.4908495913445951,-0.005733564199139507,-0.0057155672552196,-0.05574354678883664,-0.03273213092852367
gue_emp_H3,random_missing_40pct,deployment_shift,20,53,21,0.9550900555148961,0.9516592004070211,0.7889411783969963,0.8944555778223113,0.894389603898538,0.9019867549668874,0.8867924528301887,0.4908495913445951,-0.0006586815658414791,-0.0012185501622955508,0.0013648520414686338,0.0006680026720107257
gue_emp_H3,score_noise_sd_0.05,deployment_shift,1,53,0,0.9544920654754466,0.954591677780835,0.7875763263555277,0.8937875751503006,0.8937389550347191,0.8993377483443709,0.8881401617250674,0.4908495913445951,-0.001256671605290971,0.0017139272115183068,0.0,0.0
gue_emp_H3,score_noise_sd_0.05,deployment_shift,2,53,0,0.9537834026525768,0.9489446614110387,0.7902368077769149,0.895123580494322,0.8950866639295978,0.8993377483443709,0.8908355795148248,0.4908495913445951,-0.0019653344281608254,-0.003933089158277947,0.0026604814213871952,0.0013360053440213404
gue_emp_H3,score_noise_sd_0.05,deployment_shift,3,53,0,0.9548365791399653,0.946757269341931,0.7862334081584066,0.8931195724782899,0.89307670337909,0.8980132450331125,0.8881401617250674,0.4908495913445951,-0.0009121579407722624,-0.006120481227385621,-0.001342918197121068,-0.0006680026720107257
gue_emp_H3,score_noise_sd_0.05,deployment_shift,4,53,0,0.9532104032416415,0.9532099548564215,0.7915783764358254,0.8957915831663327,0.895748915585227,0.9006622516556292,0.8908355795148248,0.4908495913445951,-0.002538333839096074,0.000332204287104787,0.004002050080297748,0.002004008016032066
gue_emp_H3,score_noise_sd_0.05,deployment_shift,5,53,0,0.95500437335999,0.9569536151990653,0.7889058922971159,0.8944555778223113,0.8944128094821584,0.8993377483443709,0.889487870619946,0.4908495913445951,-0.0007443637207475984,0.004075864629748627,0.0013295659415882843,0.0006680026720107257
gue_emp_H3,score_noise_sd_0.05,deployment_shift,6,53,0,0.9545563270916264,0.9496825767014099,0.7915690797477144,0.8957915831663327,0.8957605183770372,0.8993377483443709,0.8921832884097035,0.4908495913445951,-0.0011924099891111872,-0.0031951738679067976,0.003992753392186743,0.002004008016032066
gue_emp_H3,score_noise_sd_0.05,deployment_shift,7,53,0,0.9551400367719247,0.9542201824433556,0.7875763263555277,0.8937875751503006,0.8937389550347191,0.8993377483443709,0.8881401617250674,0.4908495913445951,-0.0006087003088128817,0.0013424318740389296,0.0,0.0
gue_emp_H3,score_noise_sd_0.05,deployment_shift,8,53,0,0.9547669623891041,0.9558067356631846,0.7875643808940671,0.8937875751503006,0.8937505578265292,0.8980132450331125,0.889487870619946,0.4908495913445951,-0.000981774691633519,0.002928985093867964,-1.1945461460549645e-05,0.0
gue_emp_H3,score_noise_sd_0.05,deployment_shift,9,53,0,0.9529640670462863,0.9484589362296152,0.7875643808940671,0.8937875751503006,0.8937505578265292,0.8980132450331125,0.889487870619946,0.4908495913445951,-0.0027846700344512643,-0.004418814339701482,-1.1945461460549645e-05,0.0
gue_emp_H3,score_noise_sd_0.05,deployment_shift,10,53,0,0.9556005783545457,0.9566324985630538,0.7915783764358254,0.8957915831663327,0.895748915585227,0.9006622516556292,0.8908355795148248,0.4908495913445951,-0.00014815872619189374,0.0037547479937370953,0.004002050080297748,0.002004008016032066
gue_emp_H3,score_noise_sd_0.05,deployment_shift,11,53,0,0.9531836275682333,0.9521787383814418,0.7902368077769149,0.895123580494322,0.8950866639295978,0.8993377483443709,0.8908355795148248,0.4908495913445951,-0.0025651095125043266,-0.0006990121878748257,0.0026604814213871952,0.0013360053440213404
gue_emp_H3,score_noise_sd_0.05,deployment_shift,12,53,0,0.9547937380625122,0.9541749301179296,0.7889058922971159,0.8944555778223113,0.8944128094821584,0.8993377483443709,0.889487870619946,0.4908495913445951,-0.0009549990182253776,0.00129717954861297,0.0013295659415882843,0.0006680026720107257
gue_emp_H3,score_noise_sd_0.05,deployment_shift,13,53,0,0.9542725049534995,0.9523562414733943,0.7888967053461738,0.8944555778223113,0.8944244122739686,0.8980132450331125,0.8908355795148248,0.4908495913445951,-0.0014762321272381307,-0.0005215090959224122,0.0013203789906461871,0.0006680026720107257
gue_emp_H3,score_noise_sd_0.05,deployment_shift,14,53,0,0.9539529819174951,0.9516015325824588,0.7888967053461738,0.8944555778223113,0.8944244122739686,0.8980132450331125,0.8908355795148248,0.4908495913445951,-0.001795755163242485,-0.0012762179868578416,0.0013203789906461871,0.0006680026720107257
gue_emp_H3,score_noise_sd_0.05,deployment_shift,15,53,0,0.9537244961710787,0.9504658240195679,0.7902368077769149,0.895123580494322,0.8950866639295978,0.8993377483443709,0.8908355795148248,0.4908495913445951,-0.0020242409096589142,-0.002411926549748755,0.0026604814213871952,0.0013360053440213404
gue_emp_H3,score_noise_sd_0.05,deployment_shift,16,53,0,0.9527766373324289,0.9472523991007338,0.7902368077769149,0.895123580494322,0.8950866639295978,0.8993377483443709,0.8908355795148248,0.4908495913445951,-0.0029720997483086986,-0.005625351468582895,0.0026604814213871952,0.0013360053440213404
gue_emp_H3,score_noise_sd_0.05,deployment_shift,17,53,0,0.9533424965637887,0.9514274515445492,0.7915783764358254,0.8957915831663327,0.895748915585227,0.9006622516556292,0.8908355795148248,0.4908495913445951,-0.002406240516948932,-0.001450299024767454,0.004002050080297748,0.002004008016032066
gue_emp_H3,score_noise_sd_0.05,deployment_shift,18,53,0,0.9560057835454562,0.9524216700585122,0.7915783764358254,0.8957915831663327,0.895748915585227,0.9006622516556292,0.8908355795148248,0.4908495913445951,0.00025704646471857995,-0.00045608051080447964,0.004002050080297748,0.002004008016032066
gue_emp_H3,score_noise_sd_0.05,deployment_shift,19,53,0,0.9535638421306296,0.9503251321758291,0.7889058922971159,0.8944555778223113,0.8944128094821584,0.8993377483443709,0.889487870619946,0.4908495913445951,-0.002184894950107985,-0.002552618393487527,0.0013295659415882843,0.0006680026720107257
gue_emp_H3,score_noise_sd_0.05,deployment_shift,20,53,0,0.9547651773442102,0.9528731610115576,0.7889058922971159,0.8944555778223113,0.8944128094821584,0.8993377483443709,0.889487870619946,0.4908495913445951,-0.0009835597365274173,-4.5895577590604475e-06,0.0013295659415882843,0.0006680026720107257
gue_emp_H3,refit_without_group:engineered_descriptors,source_ablation,0,53,22,0.9554399243140966,0.9523983480298757,0.7895393407874909,0.8944555778223113,0.8942619731886257,0.9165562913907285,0.871967654986523,0.44009124070405997,-0.0003088127666409646,-0.0004794025394410095,0.001963014431963228,0.0006680026720107257
gue_emp_H3,refit_without_group:foundation_evidence,source_ablation,0,53,23,0.9557933632030846,0.9518559023579567,0.781692573224964,0.8904475617902472,0.8902304492957998,0.9152317880794701,0.8652291105121294,0.4289746752381326,4.4626122347013464e-05,-0.001021848211359977,-0.0058837531305636626,-0.0033400133600534065
gue_emp_H3,refit_without_group:sequence_grammar,source_ablation,0,53,5,0.9544394066510772,0.9505502780481017,0.7789236258401424,0.8891115564462257,0.8889059459845414,0.9125827814569536,0.8652291105121294,0.4232201734185222,-0.0013093304296604158,-0.0023274725212150127,-0.008652700515385248,-0.004676018704074858
gue_emp_H3,refit_without_group:derived_evidence,source_ablation,0,53,3,0.9529676371360739,0.9504058929841555,0.7614865145674029,0.8804275217100869,0.8802270577105014,0.9033112582781457,0.8571428571428571,0.4096983198821545,-0.0027810999446636897,-0.002471857585161219,-0.02608981178812475,-0.013360053440213737
gue_human_tf_0,complete_sources,deployment_shift,0,53,0,0.923996,0.9097714150340177,0.6861856127059405,0.839,0.839,0.916,0.762,0.4947865843772889,0.0,0.0,0.0,0.0
gue_human_tf_0,missing_group:engineered_descriptors,deployment_shift,0,53,22,0.9235599999999999,0.9094175991578605,0.6908033745759942,0.842,0.8420000000000001,0.912,0.772,0.4947865843772889,-0.00043600000000010297,-0.0003538158761572374,0.004617761870053694,0.0030000000000000027
gue_human_tf_0,missing_group:foundation_evidence,deployment_shift,0,53,23,0.9235559999999999,0.9084373264135979,0.6817746450746512,0.834,0.8340000000000001,0.934,0.734,0.4947865843772889,-0.00044000000000010697,-0.0013340886204198377,-0.004410967631289231,-0.0050000000000000044
gue_human_tf_0,missing_group:sequence_grammar,deployment_shift,0,53,5,0.917272,0.9034699808360411,0.6730546380491192,0.83,0.8300000000000001,0.928,0.732,0.4947865843772889,-0.006724000000000063,-0.006301434197976574,-0.013130974656821226,-0.009000000000000008
gue_human_tf_0,missing_group:derived_evidence,deployment_shift,0,53,3,0.921392,0.9068246789875,0.6620638930532675,0.822,0.822,0.938,0.706,0.4947865843772889,-0.0026040000000000507,-0.0029467360465177395,-0.024121719652672957,-0.017000000000000015
gue_human_tf_0,missing_strongest_source,deployment_shift,0,53,1,0.922552,0.9080773499490936,0.6683752800053547,0.826,0.8260000000000001,0.936,0.716,0.4947865843772889,-0.0014440000000000008,-0.0016940650849240901,-0.01781033270058574,-0.013000000000000012
gue_human_tf_0,conflicting_strongest_source,deployment_shift,0,53,1,0.31609200000000004,0.40436253566199787,-0.17168050858563258,0.423,0.42300000000000004,0.202,0.644,0.4947865843772889,-0.607904,-0.5054088793720198,-0.857866121291573,-0.416
gue_human_tf_0,random_missing_20pct,deployment_shift,1,53,11,0.9236279999999999,0.9090825182821536,0.6870757498783109,0.839,0.839,0.92,0.758,0.4947865843772889,-0.000368000000000146,-0.0006888967518641209,0.0008901371723704088,0.0
gue_human_tf_0,random_missing_20pct,deployment_shift,2,53,11,0.922568,0.9081204679732231,0.6866246148529986,0.839,0.839,0.918,0.76,0.4947865843772889,-0.0014279999999999848,-0.0016509470607946053,0.0004390021470581651,0.0
gue_human_tf_0,random_missing_20pct,deployment_shift,3,53,11,0.9230880000000001,0.9083618645506142,0.6875390873748115,0.839,0.839,0.922,0.756,0.4947865843772889,-0.0009079999999999089,-0.001409550483403521,0.0013534746688710353,0.0
gue_human_tf_0,random_missing_20pct,deployment_shift,4,53,11,0.9242360000000001,0.9100914938090181,0.6902339054062705,0.841,0.841,0.918,0.764,0.4947865843772889,0.00024000000000001798,0.0003200787750003986,0.004048292700330025,0.0020000000000000018
gue_human_tf_0,random_missing_20pct,deployment_shift,5,53,11,0.922992,0.9083156954548917,0.6890030428202064,0.839,0.839,0.928,0.75,0.4947865843772889,-0.0010040000000000049,-0.0014557195791260469,0.0028174301142659397,0.0
gue_human_tf_0,random_missing_20pct,deployment_shift,6,53,11,0.921376,0.9076185406020943,0.6826561487862891,0.836,0.8360000000000001,0.924,0.748,0.4947865843772889,-0.0026200000000000667,-0.0021528744319233573,-0.0035294639196513655,-0.0030000000000000027
gue_human_tf_0,random_missing_20pct,deployment_shift,7,53,11,0.922516,0.908970942891418,0.681712902047786,0.837,0.837,0.912,0.762,0.4947865843772889,-0.0014800000000000368,-0.0008004721425997063,-0.004472710658154466,-0.0020000000000000018
gue_human_tf_0,random_missing_20pct,deployment_shift,8,53,11,0.923624,0.9087850022183656,0.6859703581609046,0.837,0.837,0.93,0.744,0.4947865843772889,-0.00037200000000003897,-0.000986412815652149,-0.00021525454503590336,-0.0020000000000000018
gue_human_tf_0,random_missing_20pct,deployment_shift,9,53,11,0.9244760000000001,0.9097696443945296,0.6821663596779763,0.836,0.8360000000000001,0.922,0.75,0.4947865843772889,0.00048000000000003595,-1.770639488141157e-06,-0.004019253027964131,-0.0030000000000000027
gue_human_tf_0,random_missing_20pct,deployment_shift,10,53,11,0.92272,0.9088278932341717,0.6803292332824376,0.836,0.8360000000000001,0.914,0.758,0.4947865843772889,-0.0012760000000000549,-0.0009435217998460255,-0.005856379423502922,-0.0030000000000000027
gue_human_tf_0,random_missing_20pct,deployment_shift,11,53,11,0.924456,0.907844307815587,0.6713171133426189,0.825,0.825,0.95,0.7,0.4947865843772889,0.00046000000000001595,-0.0019271072184307014,-0.014868499363321575,-0.014000000000000012
gue_human_tf_0,random_missing_20pct,deployment_shift,12,53,11,0.92258,0.9072429370153193,0.6750686263249279,0.828,0.828,0.946,0.71,0.4947865843772889,-0.0014160000000000839,-0.002528478018698377,-0.01111698638101255,-0.01100000000000001
gue_human_tf_0,random_missing_20pct,deployment_shift,13,53,11,0.9235760000000001,0.9086719832241069,0.6867195782433504,0.838,0.8380000000000001,0.926,0.75,0.4947865843772889,-0.00041999999999997595,-0.0010994318099107891,0.0005339655374099195,-0.0010000000000000009
gue_human_tf_0,random_missing_20pct,deployment_shift,14,53,11,0.9234720000000001,0.9090103155228589,0.6893333398847828,0.84,0.8400000000000001,0.922,0.758,0.4947865843772889,-0.0005239999999999689,-0.0007610995111587693,0.0031477271788423744,0.0010000000000000009
gue_human_tf_0,random_missing_20pct,deployment_shift,15,53,11,0.924136,0.9096251387982804,0.6893870650547541,0.841,0.841,0.914,0.768,0.4947865843772889,0.00013999999999991797,-0.00014627623573726378,0.003201452348813638,0.0020000000000000018
gue_human_tf_0,random_missing_20pct,deployment_shift,16,53,11,0.9241280000000001,0.9097884093017915,0.6884283908215142,0.84,0.8400000000000001,0.918,0.762,0.4947865843772889,0.000132000000000021,1.6994267773795535e-05,0.002242778115573718,0.0010000000000000009
gue_human_tf_0,random_missing_20pct,deployment_shift,17,53,11,0.9243520000000001,0.9100751836991995,0.6938502237459662,0.843,0.843,0.918,0.768,0.4947865843772889,0.00035600000000002296,0.0003037686651817806,0.007664611040025693,0.0040000000000000036
gue_human_tf_0,random_missing_20pct,deployment_shift,18,53,11,0.920328,0.906991833971949,0.6516083806630303,0.812,0.812,0.956,0.668,0.4947865843772889,-0.0036680000000000046,-0.002779581062068659,-0.03457723204291019,-0.026999999999999913
gue_human_tf_0,random_missing_20pct,deployment_shift,19,53,11,0.918712,0.9025851334230928,0.6592288929378263,0.817,0.817,0.954,0.68,0.4947865843772889,-0.005284000000000066,-0.007186281610924938,-0.0269567197681142,-0.02200000000000002
gue_human_tf_0,random_missing_20pct,deployment_shift,20,53,11,0.923508,0.9091470332971977,0.6848225592097761,0.838,0.8380000000000001,0.918,0.758,0.4947865843772889,-0.00048800000000004395,-0.0006243817368200011,-0.0013630534961643903,-0.0010000000000000009
gue_human_tf_0,random_missing_40pct,deployment_shift,1,53,21,0.9124960000000001,0.8950665567349001,0.6243211350543589,0.789,0.7889999999999999,0.978,0.6,0.4947865843772889,-0.011499999999999955,-0.014704858299117607,-0.06186447765158154,-0.04999999999999993
gue_human_tf_0,random_missing_40pct,deployment_shift,2,53,21,0.922648,0.9087456412298185,0.6782632742033441,0.832,0.8320000000000001,0.934,0.73,0.4947865843772889,-0.0013480000000000159,-0.0010257738041992148,-0.007922338502596382,-0.007000000000000006
gue_human_tf_0,random_missing_40pct,deployment_shift,3,53,21,0.923844,0.9100254771737953,0.6560553663250455,0.811,0.8109999999999999,0.97,0.652,0.4947865843772889,-0.000152000000000041,0.00025406213977763326,-0.03013024638089501,-0.027999999999999914
gue_human_tf_0,random_missing_40pct,deployment_shift,4,53,21,0.888056,0.8711798697773947,0.58261316991113,0.763,0.763,0.978,0.548,0.4947865843772889,-0.03594000000000008,-0.038591545256623005,-0.10357244279481048,-0.07599999999999996
gue_human_tf_0,random_missing_40pct,deployment_shift,5,53,21,0.9116479999999999,0.8987618754952879,0.6349603384689347,0.801,0.8009999999999999,0.96,0.642,0.4947865843772889,-0.012348000000000137,-0.011009539538729851,-0.051225274237005736,-0.03799999999999992
gue_human_tf_0,random_missing_40pct,deployment_shift,6,53,21,0.921044,0.9066969815810577,0.6765097877006553,0.831,0.831,0.934,0.728,0.4947865843772889,-0.0029520000000000657,-0.0030744334529599904,-0.009675825005285188,-0.008000000000000007
gue_human_tf_0,random_missing_40pct,deployment_shift,7,53,21,0.9225,0.9081862481141092,0.6946537499702669,0.841,0.841,0.936,0.746,0.4947865843772889,-0.0014960000000000528,-0.0015851669199085094,0.00846813726432638,0.0020000000000000018
gue_human_tf_0,random_missing_40pct,deployment_shift,8,53,21,0.923688,0.9092510955731373,0.6877423453963689,0.838,0.8380000000000001,0.93,0.746,0.4947865843772889,-0.000308000000000086,-0.0005203194608803807,0.0015567326904284418,-0.0010000000000000009
gue_human_tf_0,random_missing_40pct,deployment_shift,9,53,21,0.920776,0.9069979225645821,0.6806638006502054,0.834,0.8340000000000001,0.93,0.738,0.4947865843772889,-0.0032200000000000006,-0.00277349246943559,-0.005521812055735098,-0.0050000000000000044
gue_human_tf_0,random_missing_40pct,deployment_shift,10,53,21,0.92184,0.908347558159494,0.6848225592097761,0.838,0.8380000000000001,0.918,0.758,0.4947865843772889,-0.0021560000000000468,-0.0014238568745237323,-0.0013630534961643903,-0.0010000000000000009
gue_human_tf_0,random_missing_40pct,deployment_shift,11,53,21,0.792604,0.740582411613435,0.43894031027408853,0.669,0.669,0.988,0.35,0.4947865843772889,-0.13139200000000006,-0.16918900342058274,-0.24724530243185194,-0.16999999999999993
gue_human_tf_0,random_missing_40pct,deployment_shift,12,53,21,0.9226,0.9085342552541769,0.6812128760860783,0.834,0.8340000000000001,0.932,0.736,0.4947865843772889,-0.0013960000000000639,-0.0012371597798408462,-0.004972736619862195,-0.0050000000000000044
gue_human_tf_0,random_missing_40pct,deployment_shift,13,53,21,0.8244999999999999,0.7742730669266077,0.5181635639639233,0.727,0.727,0.968,0.486,0.4947865843772889,-0.09949600000000014,-0.13549834810741002,-0.1680220487420172,-0.11199999999999999
gue_human_tf_0,random_missing_40pct,deployment_shift,14,53,21,0.917732,0.903555489037555,0.6549450204088866,0.813,0.813,0.96,0.666,0.4947865843772889,-0.006264000000000047,-0.006215925996462701,-0.031240592297053893,-0.026000000000000023
gue_human_tf_0,random_missing_40pct,deployment_shift,15,53,21,0.9219240000000001,0.9059064574927489,0.6829754900058953,0.835,0.835,0.932,0.738,0.4947865843772889,-0.0020719999999999628,-0.0038649575412688097,-0.0032101227000451704,-0.0040000000000000036
gue_human_tf_0,random_missing_40pct,deployment_shift,16,53,21,0.9224559999999999,0.9086616962373327,0.6885026588539611,0.839,0.839,0.926,0.752,0.4947865843772889,-0.0015400000000000968,-0.0011097187966849775,0.0023170461480206406,0.0
gue_human_tf_0,random_missing_40pct,deployment_shift,17,53,21,0.9141159999999999,0.9013006533140611,0.6398771938832192,0.805,0.8049999999999999,0.956,0.654,0.4947865843772889,-0.009880000000000111,-0.008470761719956643,-0.0463084188227213,-0.03399999999999992
gue_human_tf_0,random_missing_40pct,deployment_shift,18,53,21,0.922384,0.9085871080557556,0.6906754975364972,0.841,0.841,0.92,0.762,0.4947865843772889,-0.0016120000000000578,-0.0011843069782621063,0.0044898848305566785,0.0020000000000000018
gue_human_tf_0,random_missing_40pct,deployment_shift,19,53,21,0.9167879999999999,0.9028834669962881,0.6452462688289659,0.811,0.8109999999999999,0.944,0.678,0.4947865843772889,-0.007208000000000103,-0.00688794803772963,-0.04093934387697462,-0.027999999999999914
gue_human_tf_0,random_missing_40pct,deployment_shift,20,53,21,0.921284,0.9072371034321118,0.6765879695085874,0.832,0.8320000000000001,0.928,0.736,0.4947865843772889,-0.0027120000000000477,-0.00253431160190587,-0.009597643197353123,-0.007000000000000006
gue_human_tf_0,score_noise_sd_0.05,deployment_shift,1,53,0,0.9240759999999999,0.9113883782184388,0.6934303909495034,0.843,0.843,0.916,0.77,0.4947865843772889,7.999999999985796e-05,0.0016169631844210608,0.007244778243562955,0.0040000000000000036
gue_human_tf_0,score_noise_sd_0.05,deployment_shift,2,53,0,0.923968,0.9118912631826726,0.6835274410299019,0.838,0.8380000000000001,0.912,0.764,0.4947865843772889,-2.8000000000028002e-05,0.002119848148654846,-0.0026581716760385454,-0.0010000000000000009
gue_human_tf_0,score_noise_sd_0.05,deployment_shift,3,53,0,0.9216880000000001,0.9050435848797649,0.6821373200056104,0.837,0.837,0.914,0.76,0.4947865843772889,-0.0023079999999999767,-0.004727830154252821,-0.004048292700330025,-0.0020000000000000018
gue_human_tf_0,score_noise_sd_0.05,deployment_shift,4,53,0,0.921364,0.9044777433369047,0.6898044498465727,0.841,0.841,0.916,0.766,0.4947865843772889,-0.0026320000000000787,-0.005293671697113034,0.0036188371406322695,0.0020000000000000018
gue_human_tf_0,score_noise_sd_0.05,deployment_shift,5,53,0,0.9242919999999999,0.9085868906696969,0.6934303909495034,0.843,0.843,0.916,0.77,0.4947865843772889,0.00029599999999985194,-0.0011845243643208159,0.007244778243562955,0.0040000000000000036
gue_human_tf_0,score_noise_sd_0.05,deployment_shift,6,53,0,0.9247920000000001,0.9128836244366253,0.6875719821010847,0.84,0.8400000000000001,0.914,0.766,0.4947865843772889,0.0007960000000000189,0.003112209402607591,0.001386369395144249,0.0010000000000000009
gue_human_tf_0,score_noise_sd_0.05,deployment_shift,7,53,0,0.923272,0.9040776328930726,0.6857586759471794,0.839,0.839,0.914,0.764,0.4947865843772889,-0.0007240000000000579,-0.0056937821409450695,-0.00042693675876104287,0.0
gue_human_tf_0,score_noise_sd_0.05,deployment_shift,8,53,0,0.9238719999999999,0.906450806823876,0.6916165231722676,0.842,0.8420000000000001,0.916,0.768,0.4947865843772889,-0.000124000000000124,-0.0033206082101416845,0.005430910466327155,0.0030000000000000027
gue_human_tf_0,score_noise_sd_0.05,deployment_shift,9,53,0,0.9252400000000001,0.9118778969547334,0.6799001036500849,0.836,0.8360000000000001,0.912,0.76,0.4947865843772889,0.0012440000000000229,0.0021064819207157193,-0.006285509055855565,-0.0030000000000000027
gue_human_tf_0,score_noise_sd_0.05,deployment_shift,10,53,0,0.924712,0.9083851350684378,0.6893870650547541,0.841,0.841,0.914,0.768,0.4947865843772889,0.0007159999999999389,-0.0013862799655799396,0.003201452348813638,0.0020000000000000018
gue_human_tf_0,score_noise_sd_0.05,deployment_shift,11,53,0,0.925168,0.9103784579615057,0.6871618150347321,0.84,0.8400000000000001,0.912,0.768,0.4947865843772889,0.0011719999999999509,0.0006070429274880329,0.0009762023287915866,0.0010000000000000009
gue_human_tf_0,score_noise_sd_0.05,deployment_shift,12,53,0,0.9240640000000001,0.9130096923232218,0.6938502237459662,0.843,0.843,0.918,0.768,0.4947865843772889,6.8000000000068e-05,0.0032382772892041167,0.007664611040025693,0.0040000000000000036
gue_human_tf_0,score_noise_sd_0.05,deployment_shift,13,53,0,0.924996,0.9107545458776893,0.6875719821010847,0.84,0.8400000000000001,0.914,0.766,0.4947865843772889,0.0010000000000000009,0.0009831308436716313,0.001386369395144249,0.0010000000000000009
gue_human_tf_0,score_noise_sd_0.05,deployment_shift,14,53,0,0.92432,0.9102482856656156,0.6839471280765735,0.838,0.8380000000000001,0.914,0.762,0.4947865843772889,0.00032399999999999096,0.0004768706315978477,-0.0022384846293669325,-0.0010000000000000009
gue_human_tf_0,score_noise_sd_0.05,deployment_shift,15,53,0,0.923192,0.9021526687633881,0.6857586759471794,0.839,0.839,0.914,0.764,0.4947865843772889,-0.0008040000000000269,-0.007618746270629639,-0.00042693675876104287,0.0
gue_human_tf_0,score_noise_sd_0.05,deployment_shift,16,53,0,0.9243880000000001,0.902991368083407,0.6821373200056104,0.837,0.837,0.914,0.76,0.4947865843772889,0.00039200000000005897,-0.006780046950610741,-0.004048292700330025,-0.0020000000000000018
gue_human_tf_0,score_noise_sd_0.05,deployment_shift,17,53,0,0.924344,0.9096588681651123,0.6884283908215142,0.84,0.8400000000000001,0.918,0.762,0.4947865843772889,0.00034800000000001496,-0.00011254686890538323,0.002242778115573718,0.0010000000000000009
gue_human_tf_0,score_noise_sd_0.05,deployment_shift,18,53,0,0.922856,0.9092947249641001,0.6974737168442527,0.845,0.845,0.918,0.772,0.4947865843772889,-0.0011400000000000299,-0.00047669006991757357,0.011288104138312272,0.006000000000000005
gue_human_tf_0,score_noise_sd_0.05,deployment_shift,19,53,0,0.9238959999999999,0.9090713804003475,0.6861856127059405,0.839,0.839,0.916,0.762,0.4947865843772889,-0.00010000000000010001,-0.0007000346336701879,0.0,0.0
gue_human_tf_0,score_noise_sd_0.05,deployment_shift,20,53,0,0.924368,0.9102317524378564,0.679482899958719,0.836,0.8360000000000001,0.91,0.762,0.4947865843772889,0.00037199999999992794,0.00046033740383866206,-0.006702712747221451,-0.0030000000000000027
gue_human_tf_0,refit_without_group:engineered_descriptors,source_ablation,0,53,22,0.9231320000000001,0.9087907052953463,0.6933511329491041,0.844,0.8440000000000001,0.906,0.782,0.5039215508103371,-0.0008639999999999759,-0.0009807097386713703,0.007165520243163637,0.0050000000000000044
gue_human_tf_0,refit_without_group:foundation_evidence,source_ablation,0,53,23,0.9237759999999999,0.9091950991633395,0.6866246148529986,0.839,0.839,0.918,0.76,0.4862378597259523,-0.000220000000000109,-0.0005763158706781901,0.0004390021470581651,0.0
gue_human_tf_0,refit_without_group:sequence_grammar,source_ablation,0,53,5,0.921292,0.9073495919096414,0.6970635839098372,0.845,0.845,0.916,0.774,0.48839032277464867,-0.0027040000000000397,-0.002421823124376332,0.010877971203896775,0.006000000000000005
gue_human_tf_0,refit_without_group:derived_evidence,source_ablation,0,53,3,0.924072,0.9102584594212589,0.6737572360571497,0.831,0.831,0.924,0.738,0.4865981593728066,7.599999999996498e-05,0.0004870443872412311,-0.012428376648790818,-0.008000000000000007
gue_mouse_0,complete_sources,deployment_shift,0,49,0,0.8994238683127572,0.9115595742621867,0.6665347970843922,0.828395061728395,0.828395061728395,0.7432098765432099,0.9135802469135802,0.5579126328229905,0.0,0.0,0.0,0.0
gue_mouse_0,missing_group:engineered_descriptors,deployment_shift,0,49,18,0.8944673068129858,0.9049171625903983,0.6621055329237359,0.825925925925926,0.825925925925926,0.7382716049382716,0.9135802469135802,0.5579126328229905,-0.004956561499771417,-0.006642411671788362,-0.004429264160656365,-0.0024691358024691024
gue_mouse_0,missing_group:foundation_evidence,deployment_shift,0,49,23,0.9001249809480262,0.9125819995546267,0.6740224360562906,0.8308641975308642,0.8308641975308642,0.7358024691358025,0.9259259259259259,0.5579126328229905,0.0007011126352689523,0.0010224252924400101,0.007487638971898414,0.0024691358024691024
gue_mouse_0,missing_group:sequence_grammar,deployment_shift,0,49,5,0.8401707056851091,0.8566634055825156,0.5320507805445202,0.7493827160493827,0.7493827160493827,0.5753086419753086,0.9234567901234568,0.5579126328229905,-0.059253162627648126,-0.054896168679671065,-0.13448401653987208,-0.07901234567901239
gue_mouse_0,missing_group:derived_evidence,deployment_shift,0,49,3,0.9014479500076209,0.9136785147710897,0.6676137629874741,0.8246913580246914,0.8246913580246913,0.7086419753086419,0.9407407407407408,0.5579126328229905,0.0020240816948636775,0.0021189405089030444,0.0010789659030818743,-0.0037037037037036535
gue_mouse_0,missing_strongest_source,deployment_shift,0,49,1,0.8998140527358633,0.9123640432580914,0.6755702656447348,0.8320987654320988,0.8320987654320988,0.7407407407407407,0.9234567901234568,0.5579126328229905,0.00039018442310612134,0.0008044689959046947,0.009035468560342541,0.0037037037037037646
gue_mouse_0,conflicting_strongest_source,deployment_shift,0,49,1,0.9002773967383021,0.91266020397644,0.6733753362236721,0.8308641975308642,0.8308641975308642,0.7382716049382716,0.9234567901234568,0.5579126328229905,0.0008535284255448694,0.0011006297142532873,0.006840539139279844,0.0024691358024691024
gue_mouse_0,random_missing_20pct,deployment_shift,1,49,10,0.8974729461972261,0.9104326160463982,0.6552133056827432,0.8209876543209876,0.8209876543209876,0.7209876543209877,0.9209876543209876,0.5579126328229905,-0.0019509221155311618,-0.001126958215788454,-0.011321491401649064,-0.007407407407407418
gue_mouse_0,random_missing_20pct,deployment_shift,2,49,10,0.8994848346288676,0.9117956949310999,0.6721374349377318,0.8308641975308642,0.8308641975308642,0.7432098765432099,0.9185185185185185,0.5579126328229905,6.0966316110411256e-05,0.00023612066891320893,0.005602637853339587,0.0024691358024691024
gue_mouse_0,random_missing_20pct,deployment_shift,3,49,10,0.8926870903825637,0.9056714006986584,0.6231817051757718,0.7987654320987654,0.7987654320987654,0.6567901234567901,0.9407407407407408,0.5579126328229905,-0.00673677793019356,-0.005888173563528332,-0.04335309190862047,-0.029629629629629672
gue_mouse_0,random_missing_20pct,deployment_shift,4,49,10,0.8996677335771985,0.9122190592507143,0.671836847849396,0.8296296296296296,0.8296296296296296,0.7333333333333333,0.9259259259259259,0.5579126328229905,0.00024386526444131196,0.0006594849885276366,0.005302050765003785,0.0012345679012345512
gue_mouse_0,random_missing_20pct,deployment_shift,5,49,10,0.8997774729461973,0.9110020988756213,0.6609421433466355,0.8234567901234567,0.8234567901234568,0.7209876543209877,0.9259259259259259,0.5579126328229905,0.00035360463344003,-0.0005574753865653648,-0.005592653737756748,-0.004938271604938316
gue_mouse_0,random_missing_20pct,deployment_shift,6,49,10,0.8979728699893309,0.9095544467697116,0.6639623996972415,0.825925925925926,0.825925925925926,0.7308641975308642,0.9209876543209876,0.5579126328229905,-0.0014509983234263224,-0.002005127492475056,-0.00257239738715076,-0.0024691358024691024
gue_mouse_0,random_missing_20pct,deployment_shift,7,49,10,0.8968876695625667,0.9098537172969609,0.6668043620977151,0.8271604938271605,0.8271604938271605,0.7308641975308642,0.9234567901234568,0.5579126328229905,-0.0025361987501905103,-0.0017058569652258493,0.00026956501332287,-0.0012345679012345512
gue_mouse_0,random_missing_20pct,deployment_shift,8,49,10,0.8972900472488949,0.9087852286701926,0.6643189875379572,0.8271604938271605,0.8271604938271604,0.7407407407407407,0.9135802469135802,0.5579126328229905,-0.0021338210638622845,-0.0027743455919940763,-0.002215809546435077,-0.0012345679012345512
gue_mouse_0,random_missing_20pct,deployment_shift,9,49,10,0.8975095259868922,0.9104323708909681,0.6693327157457908,0.8296296296296296,0.8296296296296297,0.7432098765432099,0.9160493827160494,0.5579126328229905,-0.0019143423258650705,-0.0011272033712186325,0.0027979186613985574,0.0012345679012345512
gue_mouse_0,random_missing_20pct,deployment_shift,10,49,10,0.8998079561042525,0.9121876718772346,0.6705474383908706,0.8296296296296296,0.8296296296296296,0.7382716049382716,0.9209876543209876,0.5579126328229905,0.00038408779149523564,0.0006280976150478956,0.004012641306478382,0.0012345679012345512
gue_mouse_0,random_missing_20pct,deployment_shift,11,49,10,0.8993629019966469,0.9109846671255324,0.6699308157294316,0.8296296296296296,0.8296296296296296,0.7407407407407407,0.9185185185185185,0.5579126328229905,-6.0966316110300234e-05,-0.0005749071366543124,0.003396018645039356,0.0012345679012345512
gue_mouse_0,random_missing_20pct,deployment_shift,12,49,10,0.8996311537875324,0.9119428258766348,0.6671214839307338,0.828395061728395,0.828395061728395,0.7407407407407407,0.9160493827160494,0.5579126328229905,0.00020728547477522064,0.00038325161444807687,0.0005866868463415553,0.0
gue_mouse_0,random_missing_20pct,deployment_shift,13,49,10,0.8939064167047707,0.9022843048668762,0.6342318391124823,0.808641975308642,0.808641975308642,0.6938271604938272,0.9234567901234568,0.5579126328229905,-0.0055174516079865565,-0.009275269395310537,-0.03230295797190996,-0.01975308641975304
gue_mouse_0,random_missing_20pct,deployment_shift,14,49,10,0.8823532998018594,0.8950465252540861,0.5928671547853759,0.7802469135802469,0.7802469135802469,0.6172839506172839,0.9432098765432099,0.5579126328229905,-0.017070568510897832,-0.016513049008100578,-0.07366764229901634,-0.04814814814814816
gue_mouse_0,random_missing_20pct,deployment_shift,15,49,10,0.8990580704160953,0.9099681430406134,0.6737623815761639,0.8320987654320988,0.8320987654320988,0.7481481481481481,0.9160493827160494,0.5579126328229905,-0.0003657978966619124,-0.0015914312215733473,0.0072275844917716325,0.0037037037037037646
gue_mouse_0,random_missing_20pct,deployment_shift,16,49,10,0.8994116750495353,0.9118480288367825,0.6677265524170372,0.828395061728395,0.828395061728395,0.7382716049382716,0.9185185185185185,0.5579126328229905,-1.2193263221882411e-05,0.0002884545745958089,0.0011917553326449282,0.0
gue_mouse_0,random_missing_20pct,deployment_shift,17,49,10,0.8916384697454658,0.9049241230165768,0.6174192066360147,0.7975308641975308,0.7975308641975309,0.6641975308641975,0.9308641975308642,0.5579126328229905,-0.007785398567291435,-0.006635451245609936,-0.049115590448377544,-0.030864197530864224
gue_mouse_0,random_missing_20pct,deployment_shift,18,49,10,0.895369608291419,0.9074509251811256,0.6677265524170372,0.828395061728395,0.828395061728395,0.7382716049382716,0.9185185185185185,0.5579126328229905,-0.004054260021338241,-0.004108649081061122,0.0011917553326449282,0.0
gue_mouse_0,random_missing_20pct,deployment_shift,19,49,10,0.8993202255753696,0.9119498208068663,0.6827880535993763,0.8358024691358025,0.8358024691358025,0.745679012345679,0.9259259259259259,0.5579126328229905,-0.00010364273738761032,0.0003902465446795622,0.016253256514984105,0.007407407407407418
gue_mouse_0,random_missing_20pct,deployment_shift,20,49,10,0.8919737844840725,0.9046014184983855,0.6361465967391999,0.8074074074074075,0.8074074074074074,0.6790123456790124,0.9358024691358025,0.5579126328229905,-0.007450083828684728,-0.00695815576380121,-0.030388200345192296,-0.020987654320987592
gue_mouse_0,random_missing_40pct,deployment_shift,1,49,20,0.8973875933546716,0.9109317187755723,0.6711011724845346,0.8271604938271605,0.8271604938271604,0.7160493827160493,0.9382716049382716,0.5579126328229905,-0.002036274958085671,-0.0006278554866143704,0.004566375400142375,-0.0012345679012345512
gue_mouse_0,random_missing_40pct,deployment_shift,2,49,20,0.8921688766956256,0.9061517898157405,0.6530313370808611,0.8197530864197531,0.8197530864197531,0.7185185185185186,0.9209876543209876,0.5579126328229905,-0.007254991617131612,-0.005407784446446184,-0.013503460003531087,-0.00864197530864197
gue_mouse_0,random_missing_40pct,deployment_shift,3,49,20,0.8966681908245695,0.9074095627847619,0.6580740501085125,0.8222222222222222,0.8222222222222222,0.7209876543209877,0.9234567901234568,0.5579126328229905,-0.0027556774881877244,-0.004150011477424775,-0.00846074697587973,-0.006172839506172867
gue_mouse_0,random_missing_40pct,deployment_shift,4,49,20,0.8898948331047096,0.9071873416500249,0.6430382608532768,0.8098765432098766,0.8098765432098766,0.6765432098765433,0.9432098765432099,0.5579126328229905,-0.009529035208047598,-0.004372232612161797,-0.023496536231115472,-0.01851851851851849
gue_mouse_0,random_missing_40pct,deployment_shift,5,49,20,0.8973632068282273,0.9103148451685299,0.6572664271447675,0.8160493827160494,0.8160493827160493,0.6790123456790124,0.9530864197530864,0.5579126328229905,-0.00206066148452988,-0.0012447290936568045,-0.009268369939624765,-0.012345679012345623
gue_mouse_0,random_missing_40pct,deployment_shift,6,49,20,0.8969120560890107,0.9099088054460036,0.6567393905943534,0.8222222222222222,0.8222222222222222,0.725925925925926,0.9185185185185185,0.5579126328229905,-0.0025118122237465235,-0.0016507688161830902,-0.00979540649003885,-0.006172839506172867
gue_mouse_0,random_missing_40pct,deployment_shift,7,49,20,0.8903886602652035,0.904854136278537,0.6139723554058616,0.7888888888888889,0.788888888888889,0.6197530864197531,0.9580246913580247,0.5579126328229905,-0.009035208047553756,-0.0067054379836497535,-0.052562441678530636,-0.03950617283950619
gue_mouse_0,random_missing_40pct,deployment_shift,8,49,20,0.8965340649291266,0.9067499892717341,0.6486735318647631,0.817283950617284,0.817283950617284,0.7135802469135802,0.9209876543209876,0.5579126328229905,-0.0028898033836306514,-0.004809584990452587,-0.017861265219629163,-0.011111111111111072
gue_mouse_0,random_missing_40pct,deployment_shift,9,49,20,0.899594573997866,0.9116223026988224,0.6566733642407345,0.8197530864197531,0.8197530864197531,0.7061728395061728,0.9333333333333333,0.5579126328229905,0.00017070568510879625,6.272843663568395e-05,-0.009861432843657703,-0.00864197530864197
gue_mouse_0,random_missing_40pct,deployment_shift,10,49,20,0.8891876238378297,0.9066382181605128,0.6406428113441639,0.8049382716049382,0.8049382716049382,0.6518518518518519,0.9580246913580247,0.5579126328229905,-0.010236244474927547,-0.004921356101673879,-0.02589198574022833,-0.023456790123456805
gue_mouse_0,random_missing_40pct,deployment_shift,11,49,20,0.8777076665142508,0.8888903567064479,0.5886854062381509,0.7790123456790123,0.7790123456790123,0.6197530864197531,0.9382716049382716,0.5579126328229905,-0.021716201798506418,-0.022669217555738808,-0.07784939084624132,-0.04938271604938271
gue_mouse_0,random_missing_40pct,deployment_shift,12,49,20,0.8960707209266879,0.9094543266225311,0.6488723451586679,0.8185185185185185,0.8185185185185184,0.7234567901234568,0.9135802469135802,0.5579126328229905,-0.0033531473860692884,-0.002105247639655583,-0.017662451925724354,-0.00987654320987652
gue_mouse_0,random_missing_40pct,deployment_shift,13,49,20,0.8699893308946808,0.8902208041527007,0.5754619171213604,0.7604938271604939,0.7604938271604939,0.5481481481481482,0.9728395061728395,0.5579126328229905,-0.029434537418076445,-0.021338770109486038,-0.09107287996303182,-0.0679012345679012
gue_mouse_0,random_missing_40pct,deployment_shift,14,49,20,0.8978509373571102,0.910630800100899,0.6639623996972415,0.825925925925926,0.825925925925926,0.7308641975308642,0.9209876543209876,0.5579126328229905,-0.0015729309556470339,-0.000928774161287671,-0.00257239738715076,-0.0024691358024691024
gue_mouse_0,random_missing_40pct,deployment_shift,15,49,20,0.8447858558146624,0.8651559637450857,0.5147501133067317,0.725925925925926,0.725925925925926,0.48641975308641977,0.9654320987654321,0.5579126328229905,-0.05463801249809486,-0.04640361051710096,-0.15178468377766052,-0.10246913580246908
gue_mouse_0,random_missing_40pct,deployment_shift,16,49,20,0.889919219631154,0.904159592756992,0.6119280702788338,0.7876543209876543,0.7876543209876543,0.6172839506172839,0.9580246913580247,0.5579126328229905,-0.009504648681603278,-0.007399981505194719,-0.05460672680555845,-0.040740740740740744
gue_mouse_0,random_missing_40pct,deployment_shift,17,49,20,0.8950038103947571,0.9074656763591434,0.6403957301095059,0.8098765432098766,0.8098765432098765,0.6839506172839506,0.9358024691358025,0.5579126328229905,-0.004420057918000153,-0.004093897903043264,-0.026139066974886327,-0.01851851851851849
gue_mouse_0,random_missing_40pct,deployment_shift,18,49,20,0.8960463344002438,0.9099746273356952,0.6631232811739842,0.8234567901234567,0.8234567901234568,0.7135802469135802,0.9333333333333333,0.5579126328229905,-0.0033775339125133863,-0.0015849469264914706,-0.003411515910408003,-0.004938271604938316
gue_mouse_0,random_missing_40pct,deployment_shift,19,49,20,0.8971193415637859,0.90802694484086,0.659484237385078,0.8222222222222222,0.8222222222222222,0.7160493827160493,0.928395061728395,0.5579126328229905,-0.002304526748971303,-0.003532629421326705,-0.0070505596993142294,-0.006172839506172867
gue_mouse_0,random_missing_40pct,deployment_shift,20,49,20,0.8939186099679928,0.9045586121172795,0.6639623996972415,0.825925925925926,0.825925925925926,0.7308641975308642,0.9209876543209876,0.5579126328229905,-0.005505258344764452,-0.007000962144907197,-0.00257239738715076,-0.0024691358024691024
gue_mouse_0,score_noise_sd_0.05,deployment_shift,1,49,0,0.890852004267642,0.9039359643417203,0.6621055329237359,0.825925925925926,0.825925925925926,0.7382716049382716,0.9135802469135802,0.5579126328229905,-0.00857186404511523,-0.007623609920466401,-0.004429264160656365,-0.0024691358024691024
gue_mouse_0,score_noise_sd_0.05,deployment_shift,2,49,0,0.8914311842706905,0.9062391580832156,0.6492778029144562,0.8197530864197531,0.8197530864197531,0.7333333333333333,0.9061728395061729,0.5579126328229905,-0.007992684042066767,-0.005320416178971055,-0.01725699416993598,-0.00864197530864197
gue_mouse_0,score_noise_sd_0.05,deployment_shift,3,49,0,0.889577808260936,0.9024011625525074,0.6376035500523588,0.8135802469135802,0.8135802469135802,0.7234567901234568,0.9037037037037037,0.5579126328229905,-0.009846060051821204,-0.009158411709679348,-0.028931247032033425,-0.014814814814814836
gue_mouse_0,score_noise_sd_0.05,deployment_shift,4,49,0,0.8924980948026215,0.9060906444319062,0.6431656188649963,0.817283950617284,0.817283950617284,0.7358024691358025,0.8987654320987655,0.5579126328229905,-0.00692577351013568,-0.005468929830280467,-0.02336917821939588,-0.011111111111111072
gue_mouse_0,score_noise_sd_0.05,deployment_shift,5,49,0,0.8955829903978052,0.9088058465977871,0.652665051234698,0.8209876543209876,0.8209876543209876,0.7308641975308642,0.9111111111111111,0.5579126328229905,-0.0038408779149520234,-0.00275372766439963,-0.013869745849694248,-0.007407407407407418
gue_mouse_0,score_noise_sd_0.05,deployment_shift,6,49,0,0.8918945282731292,0.9053029708057607,0.6515001776012856,0.8209876543209876,0.8209876543209877,0.7358024691358025,0.9061728395061729,0.5579126328229905,-0.0075293400396280186,-0.00625660345642598,-0.015034619483106582,-0.007407407407407418
gue_mouse_0,score_noise_sd_0.05,deployment_shift,7,49,0,0.894162475232434,0.9036728564732651,0.6526448216377341,0.8222222222222222,0.8222222222222222,0.7432098765432099,0.9012345679012346,0.5579126328229905,-0.005261393080323251,-0.007886717788921582,-0.013889975446658154,-0.006172839506172867
gue_mouse_0,score_noise_sd_0.05,deployment_shift,8,49,0,0.8868648071940253,0.9031091343878902,0.6498579822993362,0.8197530864197531,0.8197530864197531,0.7308641975308642,0.908641975308642,0.5579126328229905,-0.012559061118731951,-0.0084504398742965,-0.016676814785056004,-0.00864197530864197
gue_mouse_0,score_noise_sd_0.05,deployment_shift,9,49,0,0.8896814509983234,0.9054945741893125,0.6617718763460343,0.8246913580246914,0.8246913580246913,0.7283950617283951,0.9209876543209876,0.5579126328229905,-0.009742417314433816,-0.006065000072874249,-0.004762920738357934,-0.0037037037037036535
gue_mouse_0,score_noise_sd_0.05,deployment_shift,10,49,0,0.8926444139612865,0.9063938515708293,0.6582997689947839,0.8234567901234567,0.8234567901234568,0.7308641975308642,0.9160493827160494,0.5579126328229905,-0.0067794543514707595,-0.0051657226913573995,-0.008235028089608298,-0.004938271604938316
gue_mouse_0,score_noise_sd_0.05,deployment_shift,11,49,0,0.8895900015241579,0.9041796723482736,0.639250346498789,0.8148148148148148,0.8148148148148149,0.7283950617283951,0.9012345679012346,0.5579126328229905,-0.009833866788599321,-0.007379901913913134,-0.027284450585603248,-0.013580246913580285
gue_mouse_0,score_noise_sd_0.05,deployment_shift,12,49,0,0.8900655387898186,0.9011987154316055,0.6649126073719077,0.8271604938271605,0.8271604938271605,0.7382716049382716,0.9160493827160494,0.5579126328229905,-0.00935832952293858,-0.010360858830581243,-0.001622189712484512,-0.0012345679012345512
gue_mouse_0,score_noise_sd_0.05,deployment_shift,13,49,0,0.8919859777472945,0.9063418167801726,0.6476445508405849,0.8185185185185185,0.8185185185185185,0.7283950617283951,0.908641975308642,0.5579126328229905,-0.007437890565462735,-0.00521775748201414,-0.018890246243807307,-0.00987654320987652
gue_mouse_0,score_noise_sd_0.05,deployment_shift,14,49,0,0.8904496265813138,0.9038284416408428,0.6530313370808611,0.8197530864197531,0.8197530864197531,0.7185185185185186,0.9209876543209876,0.5579126328229905,-0.008974241731443455,-0.00773113262134395,-0.013503460003531087,-0.00864197530864197
gue_mouse_0,score_noise_sd_0.05,deployment_shift,15,49,0,0.889785093735711,0.9037132245350662,0.6370257778887458,0.8135802469135802,0.8135802469135802,0.725925925925926,0.9012345679012346,0.5579126328229905,-0.009638774577046205,-0.007846349727120505,-0.029509019195646413,-0.014814814814814836
gue_mouse_0,score_noise_sd_0.05,deployment_shift,16,49,0,0.890474013107758,0.9054020823467315,0.6476445508405849,0.8185185185185185,0.8185185185185185,0.7283950617283951,0.908641975308642,0.5579126328229905,-0.008949855204999246,-0.0061574919154552266,-0.018890246243807307,-0.00987654320987652
gue_mouse_0,score_noise_sd_0.05,deployment_shift,17,49,0,0.8921688766956256,0.9018194380247887,0.6517069048426726,0.8197530864197531,0.8197530864197531,0.7234567901234568,0.9160493827160494,0.5579126328229905,-0.007254991617131612,-0.009740136237398,-0.014827892241719653,-0.00864197530864197
gue_mouse_0,score_noise_sd_0.05,deployment_shift,18,49,0,0.8938027739673831,0.9051687629046588,0.6517069048426726,0.8197530864197531,0.8197530864197531,0.7234567901234568,0.9160493827160494,0.5579126328229905,-0.005621094345374167,-0.006390811357527948,-0.014827892241719653,-0.00864197530864197
gue_mouse_0,score_noise_sd_0.05,deployment_shift,19,49,0,0.8860478585581467,0.9012252606414889,0.6470576799027418,0.8185185185185185,0.8185185185185185,0.7308641975308642,0.9061728395061729,0.5579126328229905,-0.013376009754610507,-0.01033431362069781,-0.01947711718165046,-0.00987654320987652
gue_mouse_0,score_noise_sd_0.05,deployment_shift,20,49,0,0.8922542295381802,0.9049798531983213,0.6627060520229241,0.825925925925926,0.825925925925926,0.7358024691358025,0.9160493827160494,0.5579126328229905,-0.007169638774576992,-0.006579721063865396,-0.0038287450614681307,-0.0024691358024691024
gue_mouse_0,refit_without_group:engineered_descriptors,source_ablation,0,49,18,0.8964852918762383,0.9069593698624009,0.6473061200068666,0.8148148148148148,0.8148148148148149,0.6987654320987654,0.9308641975308642,0.6119741028547288,-0.002938576436518958,-0.004600204399785812,-0.019228677077525624,-0.013580246913580285
gue_mouse_0,refit_without_group:foundation_evidence,source_ablation,0,49,23,0.8998262459990856,0.911608294875253,0.6681594761638154,0.8271604938271605,0.8271604938271605,0.725925925925926,0.928395061728395,0.5559007644653321,0.0004023776863283368,4.8720613066266516e-05,0.001624679079423208,-0.0012345679012345512
gue_mouse_0,refit_without_group:sequence_grammar,source_ablation,0,49,5,0.8675537265660722,0.8753254925723188,0.6003753519291118,0.7962962962962963,0.7962962962962963,0.7160493827160493,0.8765432098765432,0.5551935124397278,-0.03187014174668501,-0.03623408168986786,-0.06615944515528038,-0.032098765432098775
gue_mouse_0,refit_without_group:derived_evidence,source_ablation,0,49,3,0.8992409693644261,0.9118432550941077,0.6793549190948815,0.8358024691358025,0.8358024691358025,0.7604938271604939,0.9111111111111111,0.5463879472017289,-0.00018289894833112275,0.0002836808319209849,0.012820122010489321,0.007407407407407418
gue_prom_300_all,complete_sources,deployment_shift,0,53,0,0.986897456969365,0.9874153098237508,0.8789440097361544,0.9393581081081082,0.9392743003241565,0.9516778523489933,0.9268707482993197,0.45900312811136407,0.0,0.0,0.0,0.0
gue_prom_300_all,missing_group:engineered_descriptors,deployment_shift,0,53,22,0.9864056293658403,0.9869116390875061,0.8738671789461788,0.9368243243243243,0.9367415422544857,0.9489932885906041,0.9244897959183673,0.45900312811136407,-0.0004918276035247304,-0.0005036707362446879,-0.005076830789975562,-0.002533783783783883
gue_prom_300_all,missing_group:foundation_evidence,deployment_shift,0,53,23,0.9850349267223668,0.9853726804199591,0.8690908586635059,0.9342905405405405,0.9341676939232069,0.9523489932885906,0.9159863945578232,0.45900312811136407,-0.0018625302469982286,-0.0020426294037917403,-0.009853151072648503,-0.005067567567567655
gue_prom_300_all,missing_group:sequence_grammar,deployment_shift,0,53,5,0.9843063735561338,0.984807500275905,0.8735606268197822,0.9364864864864865,0.9363557503538329,0.9557046979865772,0.9170068027210885,0.45900312811136407,-0.002591083413231221,-0.0026078095478457852,-0.0053833829163721925,-0.0028716216216216894
gue_prom_300_all,missing_group:derived_evidence,deployment_shift,0,53,3,0.9865524129114733,0.9872885453685822,0.8814589619721477,0.9405405405405406,0.9404351002145824,0.9560402684563758,0.9248299319727891,0.45900312811136407,-0.000345044057891708,-0.00012676445516857093,0.002514952235993295,0.0011824324324324342
gue_prom_300_all,missing_strongest_source,deployment_shift,0,53,1,0.9866279733369858,0.9873652086970773,0.8811297266913093,0.9403716216216216,0.9402650321873716,0.9560402684563758,0.9244897959183673,0.45900312811136407,-0.00026948363237921935,-5.0101126673474106e-05,0.002185716955154904,0.00101351351351342
gue_prom_300_all,conflicting_strongest_source,deployment_shift,0,53,1,0.9625035383280829,0.9637840831933057,0.783020792643628,0.8913851351351352,0.8914612153586267,0.8802013422818792,0.9027210884353741,0.45900312811136407,-0.024393918641282153,-0.023631226630445146,-0.09592321709252638,-0.04797297297297298
gue_prom_300_all,random_missing_20pct,deployment_shift,1,53,11,0.9865340364333653,0.9869911408156744,0.8789046987422462,0.9393581081081082,0.9392811487010913,0.9506711409395974,0.927891156462585,0.45900312811136407,-0.00036342053599969226,-0.0004241690080764027,-3.931099390819259e-05,0.0
gue_prom_300_all,random_missing_20pct,deployment_shift,2,53,11,0.986850659726978,0.9874499193378699,0.8799249637293757,0.9398648648648649,0.9397867871981007,0.9513422818791947,0.9282312925170068,0.45900312811136407,-4.679724238698668e-05,3.4609514119043894e-05,0.0009809539932212896,0.00050675675675671
gue_prom_300_all,random_missing_20pct,deployment_shift,3,53,11,0.9868708624389353,0.9873987713047794,0.8766752365500025,0.9381756756756757,0.9380769757567456,0.9526845637583893,0.923469387755102,0.45900312811136407,-2.6594530429746577e-05,-1.653851897143177e-05,-0.002268773186151929,-0.0011824324324324342
gue_prom_300_all,random_missing_20pct,deployment_shift,4,53,11,0.9857299228416199,0.9859873802293718,0.8737655008545778,0.9366554054054054,0.936539515134913,0.9536912751677852,0.9193877551020408,0.45900312811136407,-0.0011675341277451734,-0.001427929594378985,-0.00517850888157656,-0.002702702702702786
gue_prom_300_all,random_missing_20pct,deployment_shift,5,53,11,0.9866184997488928,0.9870946310827161,0.8755777942589428,0.9376689189189189,0.9375827512212939,0.9503355704697987,0.9248299319727891,0.45900312811136407,-0.00027895722047222016,-0.00032067874103469673,-0.0033662154772116093,-0.0016891891891892552
gue_prom_300_all,random_missing_20pct,deployment_shift,6,53,11,0.9852972195589645,0.9857917309837954,0.8783259918088538,0.9390202702702702,0.9389273158928001,0.9526845637583893,0.9251700680272109,0.45900312811136407,-0.0016002374104004957,-0.001623578839955453,-0.0006180179273005404,-0.00033783783783791765
gue_prom_300_all,random_missing_20pct,deployment_shift,7,53,11,0.9857324339131625,0.9858151803181495,0.8749610722917688,0.9373310810810811,0.9372357667899375,0.9513422818791947,0.9231292517006803,0.45900312811136407,-0.0011650230562025854,-0.0016001295056012887,-0.003982937444385604,-0.002027027027027062
gue_prom_300_all,random_missing_20pct,deployment_shift,8,53,11,0.9856450029676299,0.9860634546939255,0.8792013760341927,0.9395270270270271,0.9394580651052367,0.9496644295302014,0.9292517006802721,0.45900312811136407,-0.001252454001735126,-0.0013518551298252746,0.00025736629803829736,0.00016891891891890332
gue_prom_300_all,random_missing_20pct,deployment_shift,9,53,11,0.9842345797379355,0.984711117870931,0.8618649934212301,0.9304054054054054,0.9302310185819294,0.9560402684563758,0.904421768707483,0.45900312811136407,-0.00266287723142955,-0.00270419195281979,-0.017079016314924256,-0.008952702702702764
gue_prom_300_all,random_missing_20pct,deployment_shift,10,53,11,0.9852937953704972,0.9852463232675626,0.8694391971576311,0.9344594594594594,0.9343354791581062,0.9526845637583893,0.9159863945578232,0.45900312811136407,-0.0016036615988678227,-0.002168986556188246,-0.009504812578523314,-0.004898648648648751
gue_prom_300_all,random_missing_20pct,deployment_shift,11,53,11,0.9869852303337442,0.9875157498601876,0.8765579367601276,0.9381756756756757,0.9380952380952381,0.95,0.9261904761904762,0.45900312811136407,8.777336437915118e-05,0.00010044003643683297,-0.0023860729760267763,-0.0011824324324324342
gue_prom_300_all,random_missing_20pct,deployment_shift,12,53,11,0.9863142035337624,0.9867438982775808,0.8758446240968032,0.9378378378378378,0.9377642332100625,0.9486577181208053,0.9268707482993197,0.45900312811136407,-0.0005832534356026153,-0.0006714115461700088,-0.003099385639351193,-0.0015202702702703519
gue_prom_300_all,random_missing_20pct,deployment_shift,13,53,11,0.9868923206866639,0.9874027531235923,0.8774020130290665,0.9385135135135135,0.9384079806419212,0.9540268456375839,0.9227891156462585,0.45900312811136407,-5.136282701156958e-06,-1.2556700158539158e-05,-0.0015419967070878782,-0.0008445945945946276
gue_prom_300_all,random_missing_20pct,deployment_shift,14,53,11,0.9839700041090261,0.9837108132543699,0.8706941983803409,0.9351351351351351,0.9350225996438843,0.9516778523489933,0.9183673469387755,0.45900312811136407,-0.0029274528603389083,-0.0037044965693808773,-0.008249811355813486,-0.004222972972973027
gue_prom_300_all,random_missing_20pct,deployment_shift,15,53,11,0.9868281742227091,0.9873783613007637,0.8767258548718863,0.9381756756756757,0.9380701273798109,0.9536912751677852,0.9224489795918367,0.45900312811136407,-6.928274665596312e-05,-3.694852298707918e-05,-0.0022181548642681292,-0.0011824324324324342
gue_prom_300_all,random_missing_20pct,deployment_shift,16,53,11,0.9863986668492901,0.9871507837590288,0.8776634711973326,0.9385135135135135,0.938378304341871,0.9583892617449664,0.9183673469387755,0.45900312811136407,-0.0004987901200749212,-0.0002645260647220482,-0.0012805385388218182,-0.0008445945945946276
gue_prom_300_all,random_missing_20pct,deployment_shift,17,53,11,0.9851039811897914,0.9858430262183894,0.8731071350229909,0.9359797297297298,0.935799890425969,0.9624161073825503,0.9091836734693878,0.45900312811136407,-0.0017934757795736722,-0.0015722836053614353,-0.00583687471316352,-0.0033783783783783994
gue_prom_300_all,random_missing_20pct,deployment_shift,18,53,11,0.9866966853855637,0.9871739338316421,0.8770381598276745,0.9383445945945946,0.9382424781993335,0.9533557046979866,0.9231292517006803,0.45900312811136407,-0.0002007715838013846,-0.00024137599210871663,-0.001905849908479862,-0.001013513513513531
gue_prom_300_all,random_missing_20pct,deployment_shift,19,53,11,0.9863517554672875,0.9871006034051545,0.8739708023535417,0.9368243243243243,0.9367255627083049,0.9513422818791947,0.922108843537415,0.45900312811136407,-0.0005457015020775557,-0.0003147064185963222,-0.004973207382612643,-0.002533783783783883
gue_prom_300_all,random_missing_20pct,deployment_shift,20,53,11,0.9854523352965346,0.9860597803481869,0.8706910969319965,0.9349662162162162,0.9348182897320001,0.9567114093959731,0.9129251700680272,0.45900312811136407,-0.0014451216728303962,-0.0013555294755639435,-0.008252912804157853,-0.00439189189189193
gue_prom_300_all,random_missing_40pct,deployment_shift,1,53,21,0.9859746381774187,0.9864798851253215,0.8736744935140576,0.9366554054054054,0.9365509290964709,0.952013422818792,0.9210884353741496,0.45900312811136407,-0.0009228187919463338,-0.0009354246984293324,-0.005269516222096815,-0.002702702702702786
gue_prom_300_all,random_missing_40pct,deployment_shift,2,53,21,0.9863647673834635,0.9868377976790049,0.8750802980737509,0.9373310810810811,0.9372197872437565,0.9536912751677852,0.9207482993197279,0.45900312811136407,-0.0005326895859015801,-0.0005775121447458842,-0.003863711662403513,-0.002027027027027062
gue_prom_300_all,random_missing_40pct,deployment_shift,3,53,21,0.9864935168698352,0.9870809316975453,0.8750097608154856,0.9373310810810811,0.9372289184130027,0.9523489932885906,0.922108843537415,0.45900312811136407,-0.00040394009952982035,-0.00033437812620551455,-0.003934248920668737,-0.002027027027027062
gue_prom_300_all,random_missing_40pct,deployment_shift,4,53,21,0.9851169931059672,0.9858529850377078,0.8688438761774732,0.9339527027027027,0.9337887503994886,0.9580536912751678,0.9095238095238095,0.45900312811136407,-0.0017804638633978076,-0.0015623247860430123,-0.010100133558681224,-0.005405405405405461
gue_prom_300_all,random_missing_40pct,deployment_shift,5,53,21,0.9851195041775099,0.9855360252398935,0.8753562973422372,0.9375,0.9373967036479021,0.9526845637583893,0.922108843537415,0.45900312811136407,-0.0017779527918551086,-0.0018792845838573324,-0.0035877123939171973,-0.0018581081081081585
gue_prom_300_all,random_missing_40pct,deployment_shift,6,53,21,0.9759910742820618,0.976866456868454,0.790639319806891,0.889527027027027,0.8889398712505137,0.9758389261744966,0.8020408163265306,0.45900312811136407,-0.010906382687303262,-0.010548852955296839,-0.08830468992926344,-0.04983108108108114
gue_prom_300_all,random_missing_40pct,deployment_shift,7,53,21,0.9867610601287496,0.9872743468694645,0.8761038828512451,0.9378378378378378,0.9377254257407661,0.9543624161073826,0.9210884353741496,0.45900312811136407,-0.0001363968406153937,-0.00014096295428633887,-0.002840126884909311,-0.0015202702702703519
gue_prom_300_all,random_missing_40pct,deployment_shift,8,53,21,0.9850093594484773,0.9851558276879113,0.8742399543609999,0.9369932432432433,0.9369047619047619,0.95,0.9238095238095239,0.45900312811136407,-0.0018880975208876993,-0.0022594821358394857,-0.004704055375154503,-0.0023648648648648685
gue_prom_300_all,random_missing_40pct,deployment_shift,9,53,21,0.9747568826188194,0.9729652072043087,0.8245602380215351,0.9094594594594595,0.9090558370999406,0.9687919463087248,0.8493197278911565,0.45900312811136407,-0.012140574350545608,-0.014450102619442129,-0.05438377171461928,-0.029898648648648662
gue_prom_300_all,random_missing_40pct,deployment_shift,10,53,21,0.9866530840524129,0.9872358825917815,0.8744809871053096,0.9369932432432433,0.9368728028124,0.9546979865771812,0.919047619047619,0.45900312811136407,-0.00024437291695211805,-0.0001794272319692869,-0.0044630226308447485,-0.0023648648648648685
gue_prom_300_all,random_missing_40pct,deployment_shift,11,53,21,0.9859386841985117,0.9864597581895534,0.8719027975876315,0.9356418918918918,0.9355076930100898,0.9553691275167785,0.9156462585034013,0.45900312811136407,-0.0009587727708533222,-0.0009555516341973602,-0.007041212148522935,-0.003716216216216317
gue_prom_300_all,random_missing_40pct,deployment_shift,12,53,21,0.9824257521800668,0.9829780686903548,0.8565025671224213,0.9275337837837838,0.9273307309500982,0.9573825503355705,0.8972789115646258,0.45900312811136407,-0.004471704789298259,-0.004437241133396053,-0.022441442613733042,-0.011824324324324342
gue_prom_300_all,random_missing_40pct,deployment_shift,13,53,21,0.9844000821805231,0.9844905177356291,0.8680606731314012,0.9336148648648649,0.9334600283066247,0.9563758389261745,0.9105442176870748,0.45900312811136407,-0.002497374788841933,-0.002924792088121686,-0.010883336604753158,-0.005743243243243268
gue_prom_300_all,random_missing_40pct,deployment_shift,14,53,21,0.9859867369766697,0.9865092588142431,0.8718375383262894,0.9356418918918918,0.9355145413870246,0.9543624161073826,0.9166666666666666,0.45900312811136407,-0.0009107199926953191,-0.0009060510095076912,-0.007106471409864978,-0.003716216216216317
gue_prom_300_all,random_missing_40pct,deployment_shift,15,53,21,0.983634319499612,0.9838425536689223,0.8674519302214785,0.933445945945946,0.9333173537871524,0.9523489932885906,0.9142857142857143,0.45900312811136407,-0.0032631374697530413,-0.003572756154828549,-0.011492079514675901,-0.005912162162162171
gue_prom_300_all,random_missing_40pct,deployment_shift,16,53,21,0.984297128247272,0.9850188459586511,0.8637343429301085,0.9310810810810811,0.9308702004291649,0.9620805369127516,0.8996598639455783,0.45900312811136407,-0.002600328722093037,-0.0023964638650997294,-0.015209666806045852,-0.00827702702702704
gue_prom_300_all,random_missing_40pct,deployment_shift,17,53,21,0.9849955485549924,0.9849337095571578,0.8695024430028009,0.9344594594594594,0.9343286307811716,0.9536912751677852,0.9149659863945578,0.45900312811136407,-0.001901908414372655,-0.0024816002665930537,-0.009441566733353501,-0.004898648648648751
gue_prom_300_all,random_missing_40pct,deployment_shift,18,53,21,0.9864807332328905,0.9869241697444336,0.8778845540452547,0.9388513513513513,0.9387755102040816,0.95,0.9275510204081633,0.45900312811136407,-0.00041672373647450023,-0.000491140079317165,-0.0010594556908997133,-0.000506756756756821
gue_prom_300_all,random_missing_40pct,deployment_shift,19,53,21,0.9831131580148837,0.9837315998331381,0.8475632921211799,0.9221283783783784,0.9218223531023148,0.9671140939597316,0.8765306122448979,0.45900312811136407,-0.003784298954481291,-0.003683709990612738,-0.03138071761497452,-0.017229729729729804
gue_prom_300_all,random_missing_40pct,deployment_shift,20,53,21,0.9865996667123225,0.9870774244365391,0.8812769166668534,0.9405405405405406,0.9404624937223212,0.952013422818792,0.9289115646258503,0.45900312811136407,-0.0002977902570425739,-0.00033788538721168937,0.002332906930698986,0.0011824324324324342
gue_prom_300_all,score_noise_sd_0.05,deployment_shift,1,53,0,0.9855426197324567,0.9853340839072291,0.8786564214257678,0.9391891891891891,0.939097383920011,0.9526845637583893,0.9255102040816326,0.45900312811136407,-0.001354837236908324,-0.0020812259165217117,-0.0002875883103865551,-0.00016891891891901434
gue_prom_300_all,score_noise_sd_0.05,deployment_shift,2,53,0,0.9855848513902205,0.9851661516637922,0.8779654665840827,0.9388513513513513,0.9387618134502123,0.952013422818792,0.9255102040816326,0.45900312811136407,-0.0013126055791445879,-0.0022491581599586308,-0.000978543152071687,-0.000506756756756821
gue_prom_300_all,score_noise_sd_0.05,deployment_shift,3,53,0,0.9863438227640051,0.9862734325080418,0.87733526051503,0.9385135135135135,0.9384171118111675,0.9526845637583893,0.9241496598639456,0.45900312811136407,-0.0005536342053599208,-0.0011418773157090278,-0.001608749221124417,-0.0008445945945946276
gue_prom_300_all,score_noise_sd_0.05,deployment_shift,4,53,0,0.9854590695338538,0.9857262289838061,0.8783259918088538,0.9390202702702702,0.9389273158928001,0.9526845637583893,0.9251700680272109,0.45900312811136407,-0.0014383874355112791,-0.0016890808399446788,-0.0006180179273005404,-0.00033783783783791765
gue_prom_300_all,score_noise_sd_0.05,deployment_shift,5,53,0,0.9854898872300597,0.9847439914582563,0.8762399671761187,0.9380067567567567,0.9379228872757157,0.9503355704697987,0.9255102040816326,0.45900312811136407,-0.0014075697393053366,-0.0026713183654945016,-0.0027040425600356466,-0.0013513513513514486
gue_prom_300_all,score_noise_sd_0.05,deployment_shift,6,53,0,0.9861311235903758,0.9862524517147461,0.8775919884561366,0.9386824324324324,0.9385985937999362,0.951006711409396,0.9261904761904762,0.45900312811136407,-0.0007663333789892368,-0.0011628581090047385,-0.0013520212800177678,-0.0006756756756757243
gue_prom_300_all,score_noise_sd_0.05,deployment_shift,7,53,0,0.9856153266675798,0.985693816395523,0.8756530011419785,0.9376689189189189,0.9375713372597361,0.952013422818792,0.9231292517006803,0.45900312811136407,-0.0012821303017852559,-0.001721493428227805,-0.0032910085941758593,-0.0016891891891892552
gue_prom_300_all,score_noise_sd_0.05,deployment_shift,8,53,0,0.985863466191846,0.9863052914176852,0.8746152700484152,0.9371621621621622,0.9370679815550381,0.951006711409396,0.9231292517006803,0.45900312811136407,-0.0010339907775190893,-0.001110018406065616,-0.004328739687739169,-0.002195945945945965
gue_prom_300_all,score_noise_sd_0.05,deployment_shift,9,53,0,0.9860751951787426,0.9864576877002819,0.8776975965636427,0.9386824324324324,0.9385826142537552,0.9533557046979866,0.9238095238095239,0.45900312811136407,-0.0008222617906223917,-0.0009576221234689486,-0.001246413172511729,-0.0006756756756757243
gue_prom_300_all,score_noise_sd_0.05,deployment_shift,10,53,0,0.9861223348399762,0.9864758252045446,0.8786564214257678,0.9391891891891891,0.939097383920011,0.9526845637583893,0.9255102040816326,0.45900312811136407,-0.0007751221293887944,-0.0009394846192062323,-0.0002875883103865551,-0.00016891891891901434
gue_prom_300_all,score_noise_sd_0.05,deployment_shift,11,53,0,0.9857018444961878,0.9850420506894391,0.878641513331572,0.9391891891891891,0.9390996667123225,0.9523489932885906,0.9258503401360544,0.45900312811136407,-0.0011956124731772322,-0.002373259134311745,-0.00030249640458235305,-0.00016891891891901434
gue_prom_300_all,score_noise_sd_0.05,deployment_shift,12,53,0,0.9861080673880291,0.986553465153218,0.8776499224671105,0.9386824324324324,0.9385894626306899,0.9523489932885906,0.9248299319727891,0.45900312811136407,-0.0007893895813358975,-0.000861844670532852,-0.0012940872690438976,-0.0006756756756757243
gue_prom_300_all,score_noise_sd_0.05,deployment_shift,13,53,0,0.9858975939369037,0.9865991778394363,0.880627215455048,0.9402027027027027,0.9401200748755878,0.9523489932885906,0.927891156462585,0.45900312811136407,-0.0009998630324613567,-0.0008161319843145165,0.0016832057188935767,0.0008445945945945166
gue_prom_300_all,score_noise_sd_0.05,deployment_shift,14,53,0,0.986333264849564,0.9867357069626835,0.8762827273412087,0.9380067567567567,0.9379160388987811,0.9513422818791947,0.9244897959183673,0.45900312811136407,-0.0005641921198010769,-0.0006796028610672744,-0.0026612823949456743,-0.0013513513513514486
gue_prom_300_all,score_noise_sd_0.05,deployment_shift,15,53,0,0.9859475870885266,0.9863225163739381,0.8779099165700457,0.9388513513513513,0.9387709446194585,0.9506711409395974,0.9268707482993197,0.45900312811136407,-0.0009498698808384498,-0.0010927934498127234,-0.001034093166108696,-0.000506756756756821
gue_prom_300_all,score_noise_sd_0.05,deployment_shift,16,53,0,0.9857032141715747,0.985980316829196,0.8789869441468553,0.9393581081081082,0.9392674519472218,0.9526845637583893,0.9258503401360544,0.45900312811136407,-0.0011942427977903458,-0.0014349929945548512,4.2934410700912196e-05,0.0
gue_prom_300_all,score_noise_sd_0.05,deployment_shift,17,53,0,0.9862184403962928,0.9868804176506375,0.8739708023535417,0.9368243243243243,0.9367255627083049,0.9513422818791947,0.922108843537415,0.45900312811136407,-0.0006790165730722331,-0.0005348921731133105,-0.004973207382612643,-0.002533783783783883
gue_prom_300_all,score_noise_sd_0.05,deployment_shift,18,53,0,0.985467401725791,0.9841436221161307,0.8783414962523187,0.9390202702702702,0.9389250331004885,0.9530201342281879,0.9248299319727891,0.45900312811136407,-0.001430055243574091,-0.0032716877076200968,-0.0006025134838356649,-0.00033783783783791765
gue_prom_300_all,score_noise_sd_0.05,deployment_shift,19,53,0,0.9853676437017761,0.9851039816172686,0.8756217144418805,0.9376689189189189,0.9375759028443593,0.9513422818791947,0.9238095238095239,0.45900312811136407,-0.001529813267588942,-0.002311328206482166,-0.003322295294273858,-0.0016891891891892552
gue_prom_300_all,score_noise_sd_0.05,deployment_shift,20,53,0,0.9853069214262885,0.9852592410108254,0.8763132418759887,0.9380067567567567,0.9379114733141579,0.952013422818792,0.9238095238095239,0.45900312811136407,-0.0015905355430765322,-0.0021560688129254046,-0.0026307678601656947,-0.0013513513513514486
gue_prom_300_all,refit_without_group:engineered_descriptors,source_ablation,0,53,22,0.9866113089531114,0.9871335934781165,0.8772608695281932,0.9385135135135135,0.9384285257727252,0.951006711409396,0.9258503401360544,0.4627145677804949,-0.00028614801625359565,-0.0002817163456343419,-0.0016831402079612312,-0.0008445945945946276
gue_prom_300_all,refit_without_group:foundation_evidence,source_ablation,0,53,23,0.9849100579829246,0.985166772974999,0.8712902768824603,0.9356418918918918,0.9356172670410446,0.939261744966443,0.9319727891156463,0.510520346462727,-0.001987398986440403,-0.0022485368487518143,-0.007653732853694084,-0.003716216216216317
gue_prom_300_all,refit_without_group:sequence_grammar,source_ablation,0,53,5,0.9850592384604849,0.9854784023186565,0.8727346978585206,0.9363175675675676,0.9362587316805917,0.9449664429530201,0.9275510204081633,0.48952183499932295,-0.0018382185088801073,-0.001936907505094343,-0.006209311877633739,-0.0030405405405405928
gue_prom_300_all,refit_without_group:derived_evidence,source_ablation,0,53,3,0.9864477468839885,0.987126921383059,0.8801331996449793,0.9400337837837838,0.9400709948408894,0.9345637583892618,0.9455782312925171,0.5257076621055603,-0.00044971008537653123,-0.00028838844069178915,0.0011891899088248836,0.0006756756756756133
gue_prom_core_all,complete_sources,deployment_shift,0,53,0,0.9251652335846134,0.9259987850270854,0.6939161987933751,0.8469594594594595,0.8469565153872562,0.8480458221024259,0.8458672086720868,0.4753526747226716,0.0,0.0,0.0,0.0
gue_prom_core_all,missing_group:engineered_descriptors,deployment_shift,0,53,22,0.9240441972731722,0.9249809395986124,0.6895242628088787,0.8447635135135135,0.8447610099416358,0.8456873315363881,0.8438346883468835,0.4753526747226716,-0.0011210363114412258,-0.001017845428473052,-0.004391935984496387,-0.002195945945945965
gue_prom_core_all,missing_group:foundation_evidence,deployment_shift,0,53,23,0.9249489473078694,0.9258088431530958,0.6952797164894085,0.8476351351351351,0.8476404137356737,0.8456873315363881,0.8495934959349594,0.4753526747226716,-0.00021628627674408207,-0.0001899418739896852,0.0013635176960333784,0.0006756756756756133
gue_prom_core_all,missing_group:sequence_grammar,deployment_shift,0,53,5,0.9045166852022294,0.9038082913431821,0.648111774123954,0.8234797297297297,0.8233958063974172,0.8544474393530997,0.7923441734417345,0.4753526747226716,-0.020648548382384058,-0.022190493683903356,-0.04580442466942103,-0.02347972972972978
gue_prom_core_all,missing_group:derived_evidence,deployment_shift,0,53,3,0.923420448195385,0.9243371674680126,0.6892181168592768,0.8445945945945946,0.8445788501011695,0.8504043126684636,0.8387533875338753,0.4753526747226716,-0.0017447853892283982,-0.0016616175590727922,-0.004698081934098264,-0.0023648648648648685
gue_prom_core_all,missing_strongest_source,deployment_shift,0,53,1,0.9232413700063551,0.9242080350206192,0.6899468905434261,0.8449324324324324,0.8449084726696323,0.8537735849056604,0.8360433604336044,0.4753526747226716,-0.0019238635782583557,-0.001790750006466224,-0.003969308249949011,-0.002027027027027062
gue_prom_core_all,conflicting_strongest_source,deployment_shift,0,53,1,0.8388561663160432,0.8425050874918778,0.5122814986440458,0.7528716216216216,0.7526511333172632,0.8342318059299192,0.6710704607046071,0.4753526747226716,-0.08630906726857024,-0.08349369753520763,-0.18163470014932925,-0.09408783783783792
gue_prom_core_all,random_missing_20pct,deployment_shift,1,53,11,0.9249890087765432,0.9258502638523185,0.693581231252839,0.8467905405405406,0.8467917041030248,0.8463611859838275,0.8472222222222222,0.4753526747226716,-0.00017622480807022445,-0.00014852117476693572,-0.0003349675405360797,-0.00016891891891890332
gue_prom_core_all,random_missing_20pct,deployment_shift,2,53,11,0.9249059183229972,0.9258903113841095,0.6932417209292595,0.8466216216216216,0.8466214143273508,0.8466981132075472,0.8465447154471545,0.4753526747226716,-0.0002593152616162664,-0.00010847364297594808,-0.0006744778641155635,-0.00033783783783791765
gue_prom_core_all,random_missing_20pct,deployment_shift,3,53,11,0.9226108869495029,0.9239108371216398,0.6898984883658893,0.8449324324324324,0.8449157773248892,0.851078167115903,0.8387533875338753,0.4753526747226716,-0.0025543466351105604,-0.002087947905445642,-0.004017710427485777,-0.002027027027027062
gue_prom_core_all,random_missing_20pct,deployment_shift,4,53,11,0.9226096314618807,0.9235096818373497,0.6913219172260949,0.8456081081081082,0.8455814140351645,0.8554582210242587,0.8357046070460704,0.4753526747226716,-0.0025556021227327586,-0.0024891031897357196,-0.0025942815672801434,-0.0013513513513513375
gue_prom_core_all,random_missing_20pct,deployment_shift,5,53,11,0.9214573220951211,0.9223475455026173,0.6848195181045642,0.8423986486486487,0.8423842577374561,0.8477088948787062,0.837059620596206,0.4753526747226716,-0.0037079114894923437,-0.0036512395244681084,-0.009096680688810865,-0.004560810810810834
gue_prom_core_all,random_missing_20pct,deployment_shift,6,53,11,0.9246305099927685,0.9255681476169983,0.6908937078363648,0.8454391891891891,0.8454266466519113,0.8500673854447439,0.8407859078590786,0.4753526747226716,-0.0005347235918449211,-0.0004306374100870869,-0.0030224909570102376,-0.0015202702702703519
gue_prom_core_all,random_missing_20pct,deployment_shift,7,53,11,0.9245345222572845,0.925595745665069,0.6915694279745574,0.8457770270270271,0.845764486957538,0.8504043126684636,0.8411246612466124,0.4753526747226716,-0.0006307113273289477,-0.0004030393620164663,-0.002346770818817623,-0.0011824324324324342
gue_prom_core_all,random_missing_20pct,deployment_shift,8,53,11,0.9179227820327394,0.917648191422546,0.6659556671849031,0.8326013513513514,0.8325339301236678,0.8574797843665768,0.8075880758807588,0.4753526747226716,-0.007242451551874085,-0.008350593604539491,-0.027960531608472006,-0.014358108108108114
gue_prom_core_all,random_missing_20pct,deployment_shift,9,53,11,0.9235491927442859,0.9245300845615163,0.6902003896790033,0.8451013513513513,0.8450970240834483,0.8466981132075472,0.8434959349593496,0.4753526747226716,-0.001616040840327515,-0.0014687004655691283,-0.0037158091143717487,-0.0018581081081081585
gue_prom_core_all,random_missing_20pct,deployment_shift,10,53,11,0.9245290437658421,0.9254452101700479,0.6898623176443556,0.8449324324324324,0.8449285604715886,0.8463611859838275,0.8434959349593496,0.4753526747226716,-0.0006361898187713377,-0.0005535748570375532,-0.0040538811490195,-0.002027027027027062
gue_prom_core_all,random_missing_20pct,deployment_shift,11,53,11,0.9251602116341245,0.9259794886968653,0.6915515587895892,0.8457770270270271,0.8457754439404233,0.8463611859838275,0.8451897018970189,0.4753526747226716,-5.021950488903748e-06,-1.9296330220130997e-05,-0.0023646400037858895,-0.0011824324324324342
gue_prom_core_all,random_missing_20pct,deployment_shift,12,53,11,0.9222787534057956,0.9229169588803177,0.6852091429534622,0.8425675675675676,0.842544503612152,0.851078167115903,0.8340108401084011,0.4753526747226716,-0.002886480178817874,-0.0030818261467677743,-0.008707055839912825,-0.00439189189189193
gue_prom_core_all,random_missing_20pct,deployment_shift,13,53,11,0.9233667475657237,0.9242764239114237,0.696957977262872,0.8484797297297297,0.848474514057809,0.8504043126684636,0.8465447154471545,0.4753526747226716,-0.0017984860188897667,-0.001722361115661708,0.0030417784694969363,0.0015202702702702409
gue_prom_core_all,random_missing_20pct,deployment_shift,14,53,11,0.9250989210111104,0.9258763062539318,0.6929031369566673,0.8464527027027027,0.8464483853059555,0.8480458221024259,0.8448509485094851,0.4753526747226716,-6.631257350309117e-05,-0.00012247877315363365,-0.001013061836707796,-0.000506756756756821
gue_prom_core_all,random_missing_20pct,deployment_shift,15,53,11,0.924238227178431,0.9252387996998457,0.6909196611916493,0.8454391891891891,0.8454211681604686,0.852088948787062,0.8387533875338753,0.4753526747226716,-0.0009270064061824845,-0.0007599853272397539,-0.0029965376017258016,-0.0015202702702703519
gue_prom_core_all,random_missing_20pct,deployment_shift,16,53,11,0.925048130830028,0.9259944582581678,0.6942575901033267,0.8471283783783784,0.8471213266714877,0.8497304582210242,0.8445121951219512,0.4753526747226716,-0.00011710275458542974,-4.326768917595203e-06,0.0003413913099515886,0.00016891891891890332
gue_prom_core_all,random_missing_20pct,deployment_shift,17,53,11,0.9241130208219197,0.9252806203752688,0.6886839584878083,0.8442567567567567,0.8442236612393078,0.8564690026954178,0.8319783197831978,0.4753526747226716,-0.0010522127626937383,-0.0007181646518166218,-0.005232240305566793,-0.002702702702702786
gue_prom_core_all,random_missing_20pct,deployment_shift,18,53,11,0.9226717780991827,0.9239216089429576,0.6970705377204393,0.8483108108108108,0.8482594832686872,0.8672506738544474,0.8292682926829268,0.4753526747226716,-0.0024934554854307844,-0.0020771760841278297,0.003154338927064182,0.0013513513513513375
gue_prom_core_all,random_missing_20pct,deployment_shift,19,53,11,0.9244725468228402,0.925506288393505,0.6980641638623473,0.8489864864864864,0.8489616432552466,0.8581536388140162,0.839769647696477,0.4753526747226716,-0.0006926867617732535,-0.0004924966335804193,0.0041479650689721925,0.002027027027026951
gue_prom_core_all,random_missing_20pct,deployment_shift,20,53,11,0.9232140916843804,0.9242605523320634,0.693268209353013,0.8466216216216216,0.8466068050168372,0.852088948787062,0.8411246612466124,0.4753526747226716,-0.0019511419002330443,-0.0017382326950220461,-0.0006479894403620401,-0.00033783783783791765
gue_prom_core_all,random_missing_40pct,deployment_shift,1,53,21,0.9222412029123661,0.9237177995025991,0.6919743142239458,0.845945945945946,0.8459219935865128,0.8547843665768194,0.837059620596206,0.4753526747226716,-0.0029240306722473353,-0.002280985524486301,-0.0019418845694292308,-0.001013513513513531
gue_prom_core_all,random_missing_40pct,deployment_shift,2,53,21,0.9234078933191623,0.924140425489876,0.6878386808973793,0.8439189189189189,0.8439205180461509,0.8433288409703504,0.8445121951219512,0.4753526747226716,-0.0017573402654511572,-0.0018583595372094752,-0.006077517895995754,-0.0030405405405405928
gue_prom_core_all,random_missing_40pct,deployment_shift,3,53,21,0.9203352585665344,0.9221363185618704,0.6877337895170315,0.8432432432432433,0.8431590077356299,0.8743261455525606,0.8119918699186992,0.4753526747226716,-0.004829975018079025,-0.003862466465215042,-0.0061824092763436145,-0.003716216216216206
gue_prom_core_all,random_missing_40pct,deployment_shift,4,53,21,0.9250232493480595,0.9258983313178082,0.6898673844727694,0.8449324324324324,0.8449349520449383,0.8440026954177897,0.8458672086720868,0.4753526747226716,-0.0001419842365539825,-0.00010045370927724839,-0.004048814320605665,-0.002027027027027062
gue_prom_core_all,random_missing_40pct,deployment_shift,5,53,21,0.9243029989262156,0.9252220039256583,0.6916190633156248,0.8457770270270271,0.845755356138467,0.8537735849056604,0.8377371273712737,0.4753526747226716,-0.0008622346583978535,-0.0007767811014270931,-0.002297135477750234,-0.0011824324324324342
gue_prom_core_all,random_missing_40pct,deployment_shift,6,53,21,0.923714802975186,0.9248513291752051,0.6922612335363888,0.8461148648648649,0.8460986749355364,0.852088948787062,0.8401084010840109,0.4753526747226716,-0.0014504306094274,-0.0011474558518803635,-0.0016549652569862738,-0.0008445945945946276
gue_prom_core_all,random_missing_40pct,deployment_shift,7,53,21,0.9243054528338411,0.9250023398598446,0.6885258475226261,0.8442567567567567,0.8442629237613131,0.8419811320754716,0.8465447154471545,0.4753526747226716,-0.0008597807507723099,-0.0009964451672408448,-0.005390351270748939,-0.002702702702702786
gue_prom_core_all,random_missing_40pct,deployment_shift,8,53,21,0.8992246336715388,0.8910698323762343,0.639379541062323,0.8184121621621622,0.818288026209103,0.8642183288409704,0.7723577235772358,0.4753526747226716,-0.025940599913074625,-0.034928952650851164,-0.054536657731052096,-0.028547297297297325
gue_prom_core_all,random_missing_40pct,deployment_shift,9,53,21,0.9248364099628192,0.9257834567307778,0.6915517633178353,0.8457770270270271,0.8457727046947019,0.8473719676549866,0.8441734417344173,0.4753526747226716,-0.0003288236217942053,-0.0002153282963076597,-0.0023644354755397723,-0.0011824324324324342
gue_prom_core_all,random_missing_40pct,deployment_shift,10,53,21,0.9222301317942425,0.923623303653433,0.6898726843408332,0.8449324324324324,0.8449221688982389,0.8487196765498652,0.8411246612466124,0.4753526747226716,-0.002935101790370931,-0.0023754813736523994,-0.004043514452541919,-0.002027027027027062
gue_prom_core_all,random_missing_40pct,deployment_shift,11,53,21,0.924723758482531,0.9255848784581344,0.6929324746592405,0.8464527027027027,0.8464374283230702,0.852088948787062,0.8407859078590786,0.4753526747226716,-0.0004414751020824781,-0.00041390656895101685,-0.0009837241341346115,-0.000506756756756821
gue_prom_core_all,random_missing_40pct,deployment_shift,12,53,21,0.9224975506577843,0.9234651877047125,0.6905293674797848,0.8451013513513513,0.845056848479536,0.8615229110512129,0.8285907859078591,0.4753526747226716,-0.0026676829268291735,-0.0025335973223729047,-0.0033868313135902994,-0.0018581081081081585
gue_prom_core_all,random_missing_40pct,deployment_shift,13,53,21,0.9196107280732511,0.9192107766310408,0.6779873849335385,0.8388513513513514,0.8388090855302084,0.8544474393530997,0.823170731707317,0.4753526747226716,-0.005554505511362384,-0.0067880083960446536,-0.015928813859836577,-0.008108108108108136
gue_prom_core_all,random_missing_40pct,deployment_shift,14,53,21,0.9239905537111301,0.9250869389362234,0.698414045825159,0.8491554054054054,0.8491291937851994,0.8588274932614556,0.8394308943089431,0.4753526747226716,-0.0011746798734832975,-0.000911846090862034,0.004497847031783908,0.002195945945945854
gue_prom_core_all,random_missing_40pct,deployment_shift,15,53,21,0.9238033719201746,0.9249260914164729,0.6973665948189602,0.8486486486486486,0.8486265421953412,0.8568059299191375,0.8404471544715447,0.4753526747226716,-0.001361861664438857,-0.001072693610612574,0.0034503960255851673,0.0016891891891891442
gue_prom_core_all,random_missing_40pct,deployment_shift,16,53,21,0.9239332007538404,0.9246255047971262,0.6935800383864544,0.8467905405405406,0.8467907910211178,0.8466981132075472,0.8468834688346883,0.4753526747226716,-0.001232032830773,-0.001373280229959195,-0.0003361604069206381,-0.00016891891891890332
gue_prom_core_all,random_missing_40pct,deployment_shift,17,53,21,0.9211054431551727,0.9227523187918362,0.6805025505612684,0.839695945945946,0.8396157933951307,0.8692722371967655,0.8099593495934959,0.4753526747226716,-0.004059790429440713,-0.003246466235249268,-0.013413648232106667,-0.007263513513513509
gue_prom_core_all,random_missing_40pct,deployment_shift,18,53,21,0.9222035382836983,0.922877500618092,0.6872004239848222,0.8435810810810811,0.8435635030204749,0.8500673854447439,0.837059620596206,0.4753526747226716,-0.002961695300915168,-0.0031212844089933967,-0.006715774808552899,-0.0033783783783783994
gue_prom_core_all,random_missing_40pct,deployment_shift,19,53,21,0.9205889812014697,0.9214545847733622,0.6831246253702569,0.841554054054054,0.8415410265962497,0.8463611859838275,0.8367208672086721,0.4753526747226716,-0.004576252383143742,-0.004544200253723263,-0.010791573423118206,-0.005405405405405461
gue_prom_core_all,random_missing_40pct,deployment_shift,20,53,21,0.9183580938319491,0.9184515591804745,0.6781700568198054,0.8388513513513514,0.8387981285473232,0.8584905660377359,0.8191056910569106,0.4753526747226716,-0.006807139752664337,-0.007547225846610939,-0.015746141973569716,-0.008108108108108136
gue_prom_core_all,score_noise_sd_0.05,deployment_shift,1,53,0,0.9247114889444042,0.9241217672108314,0.6945918824894085,0.8472972972972973,0.8472943556928831,0.8483827493261455,0.8462059620596206,0.4753526747226716,-0.00045374464020919714,-0.0018770178162540452,0.0006756836960334356,0.00033783783783780663
gue_prom_core_all,score_noise_sd_0.05,deployment_shift,2,53,0,0.9241610146896617,0.9234526506554037,0.6922291704220551,0.8461148648648649,0.8461087188365145,0.8483827493261455,0.8438346883468835,0.4753526747226716,-0.001004218894951725,-0.0025461343716817186,-0.001687028371319954,-0.0008445945945946276
gue_prom_core_all,score_noise_sd_0.05,deployment_shift,3,53,0,0.9237460189628851,0.9211104621525839,0.6932405150973417,0.8466216216216216,0.8466186750816296,0.8477088948787062,0.8455284552845529,0.4753526747226716,-0.0014192146217283375,-0.004888322874501583,-0.0006756836960333246,-0.00033783783783791765
gue_prom_core_all,score_noise_sd_0.05,deployment_shift,4,53,0,0.9241777925697046,0.9252921375207528,0.6922278020992787,0.8461148648648649,0.8461141973279571,0.8463611859838275,0.8458672086720868,0.4753526747226716,-0.0009874410149088853,-0.0007066475063326472,-0.0016883966940963724,-0.0008445945945946276
gue_prom_core_all,score_noise_sd_0.05,deployment_shift,5,53,0,0.924178477381135,0.924169602086557,0.6949298027108431,0.8474662162162162,0.8474628193047429,0.8487196765498652,0.8462059620596206,0.4753526747226716,-0.0009867562034784338,-0.0018291829405284732,0.0010136039174680755,0.00050675675675671
gue_prom_core_all,score_noise_sd_0.05,deployment_shift,6,53,0,0.9244358523436987,0.9247560552876397,0.6895245149892919,0.8447635135135135,0.8447619230235429,0.8453504043126685,0.8441734417344173,0.4753526747226716,-0.000729381240914706,-0.0012427297394457248,-0.0043916838040831685,-0.002195945945945965
gue_prom_core_all,score_noise_sd_0.05,deployment_shift,7,53,0,0.9241772218935128,0.9237629067881921,0.6939174004608502,0.8469594594594595,0.8469592546329776,0.8470350404312669,0.8468834688346883,0.4753526747226716,-0.000988011691100632,-0.002235878238893374,1.201667475081436e-06,0.0
gue_prom_core_all,score_noise_sd_0.05,deployment_shift,8,53,0,0.9235821207605606,0.9224269134318026,0.693240600545798,0.8466216216216216,0.8466195881635367,0.8473719676549866,0.8458672086720868,0.4753526747226716,-0.0015831128240528791,-0.0035718715952828273,-0.0006755982475771249,-0.00033783783783791765
gue_prom_core_all,score_noise_sd_0.05,deployment_shift,9,53,0,0.9244615327723359,0.923929948311371,0.6925650604490072,0.8462837837837838,0.8462799216940956,0.8477088948787062,0.8448509485094851,0.4753526747226716,-0.0007037008122775523,-0.0020688367157144505,-0.0013511383443678415,-0.0006756756756757243
gue_prom_core_all,score_noise_sd_0.05,deployment_shift,10,53,0,0.9237376300228635,0.9233712833144031,0.6932407461501702,0.8466216216216216,0.8466177619997224,0.8480458221024259,0.8451897018970189,0.4753526747226716,-0.0014276035617499794,-0.002627501712682334,-0.0006754526432048991,-0.00033783783783791765
gue_prom_core_all,score_noise_sd_0.05,deployment_shift,11,53,0,0.9238953078546958,0.9240808978493471,0.6925649185463987,0.8462837837837838,0.8462817478579099,0.8470350404312669,0.8455284552845529,0.4753526747226716,-0.001269925729917687,-0.001917887177738331,-0.001351280246976394,-0.0006756756756757243
gue_prom_core_all,score_noise_sd_0.05,deployment_shift,12,53,0,0.9247359138854191,0.9243437496062643,0.6922281522517404,0.8461148648648649,0.8461096319184216,0.8480458221024259,0.8441734417344173,0.4753526747226716,-0.00042931969919435264,-0.001655035420821127,-0.0016880465416346802,-0.0008445945945946276
gue_prom_core_all,score_noise_sd_0.05,deployment_shift,13,53,0,0.9235637449871803,0.9228260759065141,0.6932412937102352,0.8466216216216216,0.8466168489178153,0.8483827493261455,0.8448509485094851,0.4753526747226716,-0.0016014885974331428,-0.0031727091205713265,-0.0006749050831398318,-0.00033783783783791765
gue_prom_core_all,score_noise_sd_0.05,deployment_shift,14,53,0,0.9240243948093119,0.9233460253017449,0.6915515587895892,0.8457770270270271,0.8457754439404233,0.8463611859838275,0.8451897018970189,0.4753526747226716,-0.001140838775301578,-0.0026527597253405144,-0.0023646400037858895,-0.0011824324324324342
gue_prom_core_all,score_noise_sd_0.05,deployment_shift,15,53,0,0.9241561639420303,0.9242216892862312,0.6925649185463987,0.8462837837837838,0.8462817478579099,0.8470350404312669,0.8455284552845529,0.4753526747226716,-0.0010090696425831824,-0.0017770957408542731,-0.001351280246976394,-0.0006756756756757243
gue_prom_core_all,score_noise_sd_0.05,deployment_shift,16,53,0,0.9237489864790831,0.9231470523447918,0.6918892365469994,0.845945945945946,0.845943907552283,0.8466981132075472,0.8451897018970189,0.4753526747226716,-0.0014162471055303438,-0.0028517326822936617,-0.002026962246375663,-0.001013513513513531
gue_prom_core_all,score_noise_sd_0.05,deployment_shift,17,53,0,0.9242382271784308,0.9242934045331476,0.6942552201136539,0.8471283783783784,0.8471231528353019,0.8490566037735849,0.8451897018970189,0.4753526747226716,-0.0009270064061825956,-0.0017053804939378692,0.0003390213202788539,0.00016891891891890332
gue_prom_core_all,score_noise_sd_0.05,deployment_shift,18,53,0,0.9240285036778939,0.9232650863935421,0.6922291704220551,0.8461148648648649,0.8461087188365145,0.8483827493261455,0.8438346883468835,0.4753526747226716,-0.0011367299067195358,-0.0027336986335433355,-0.001687028371319954,-0.0008445945945946276
gue_prom_core_all,score_noise_sd_0.05,deployment_shift,19,53,0,0.9239246406109614,0.9235006475755786,0.6912135545476001,0.8456081081081082,0.8456060672466563,0.8463611859838275,0.8448509485094851,0.4753526747226716,-0.0012405929736520882,-0.0024981374515068433,-0.0027026442457749322,-0.0013513513513513375
gue_prom_core_all,score_noise_sd_0.05,deployment_shift,20,53,0,0.9243190919948282,0.9244432983436686,0.6942548421978648,0.8471283783783784,0.8471277182448375,0.8473719676549866,0.8468834688346883,0.4753526747226716,-0.0008461415897852431,-0.0015554866834168735,0.00033864340448974684,0.00016891891891890332
gue_prom_core_all,refit_without_group:engineered_descriptors,source_ablation,0,53,22,0.924558833063061,0.925352120484546,0.6912332980360126,0.8456081081081082,0.8455951102637711,0.8504043126684636,0.8407859078590786,0.46574183180928247,-0.0006064005215524748,-0.0006466645425394768,-0.0026829007573624386,-0.0013513513513513375
gue_prom_core_all,refit_without_group:foundation_evidence,source_ablation,0,53,23,0.9248872001439017,0.9258150364191736,0.6936960774099471,0.8467905405405406,0.8468127049868881,0.8386118598382749,0.8550135501355014,0.4849102459847928,-0.00027803344071175573,-0.00018374860791181558,-0.0002201213834279736,-0.00016891891891890332
gue_prom_core_all,refit_without_group:sequence_grammar,source_ablation,0,53,5,0.9151742342895127,0.9159338898957764,0.6736553764423394,0.8368243243243243,0.8368286108737097,0.8352425876010782,0.8384146341463414,0.5042807459831238,-0.009990999295100722,-0.010064895131309037,-0.020260822351035657,-0.010135135135135198
gue_prom_core_all,refit_without_group:derived_evidence,source_ablation,0,53,3,0.9242984905842995,0.925260851090544,0.6925700970466099,0.8462837837837838,0.8462863132674454,0.8453504043126685,0.8472222222222222,0.47496436536312103,-0.0008667430003139742,-0.0007379339365414239,-0.0013461017467651937,-0.0006756756756757243
ipromoter_hs_notata,complete_sources,deployment_shift,0,53,0,0.9306475413443787,0.9345053929220062,0.7024698090994773,0.8510419346539748,0.8510503671213365,0.8346618668038056,0.8674388674388674,0.5076077747344973,0.0,0.0,0.0,0.0
ipromoter_hs_notata,missing_group:engineered_descriptors,deployment_shift,0,53,22,0.9204784110415376,0.9238638604888654,0.6830520327026053,0.8413943915616157,0.8414014315531415,0.8277192080226279,0.8550836550836551,0.5076077747344973,-0.010169130302841056,-0.01064153243314081,-0.019417776396872033,-0.009647543092359157
ipromoter_hs_notata,missing_group:foundation_evidence,deployment_shift,0,53,23,0.9177274912939608,0.921085213106949,0.6700138416806923,0.8338049909956264,0.8338266562488728,0.7917202365646696,0.8759330759330759,0.5076077747344973,-0.012920050050417853,-0.013420179815057165,-0.03245596741878498,-0.01723694365834838
ipromoter_hs_notata,missing_group:sequence_grammar,deployment_shift,0,53,5,0.9063509823602393,0.909142880397861,0.6574124730438151,0.8281450990481091,0.8281600117547662,0.7991771663666752,0.8571428571428571,0.5076077747344973,-0.024296558984139405,-0.02536251252414523,-0.0450573360556622,-0.02289683560586575
ipromoter_hs_notata,missing_group:derived_evidence,deployment_shift,0,53,3,0.9245122946845753,0.9279581780106172,0.6941222509429155,0.8466683817854387,0.8466805195527232,0.8230907688351762,0.8702702702702703,0.5076077747344973,-0.006135246659803362,-0.006547214911388988,-0.008347558156561852,-0.004373552868536135
ipromoter_hs_notata,missing_strongest_source,deployment_shift,0,53,1,0.9303000609249003,0.934230762873245,0.7053573271254412,0.8524569076408541,0.8524659361635447,0.8349190023142196,0.87001287001287,0.5076077747344973,-0.0003474804194784076,-0.0002746300487611597,0.0028875180259638755,0.0014149729868793148
ipromoter_hs_notata,conflicting_strongest_source,deployment_shift,0,53,1,0.9160418472323847,0.9179046733187584,0.6686744584224058,0.8330331875482377,0.8330557792116033,0.7891488814605297,0.8769626769626769,0.5076077747344973,-0.014605694111993972,-0.016600719603247827,-0.03379535067707151,-0.018008747105737077
ipromoter_hs_notata,random_missing_20pct,deployment_shift,1,53,11,0.9281762275076751,0.9321098115259623,0.7045312919807863,0.8518137381013635,0.8518266714718244,0.826690665980972,0.8769626769626769,0.5076077747344973,-0.002471313836703515,-0.0023955813960439,0.002061482881309029,0.000771803447388697
ipromoter_hs_notata,random_missing_20pct,deployment_shift,2,53,11,0.9303652548702689,0.9342654758446077,0.7053064081446764,0.852328273732956,0.8523392216372417,0.8310619696580098,0.8736164736164737,0.5076077747344973,-0.0002822864741097719,-0.00023991707739845491,0.002836599045199062,0.0012863390789812357
ipromoter_hs_notata,random_missing_20pct,deployment_shift,3,53,11,0.9284619225992329,0.9325665531805727,0.7036090636775123,0.8514278363776692,0.8514396444712722,0.8284906145538699,0.8743886743886744,0.5076077747344973,-0.0021856187451457787,-0.0019388397414334957,0.0011392545780349872,0.0003859017236943485
ipromoter_hs_notata,random_missing_20pct,deployment_shift,4,53,11,0.9097421265073619,0.9122920235636127,0.6614640020895054,0.8277591973244147,0.8277935026456498,0.761121110825405,0.8944658944658944,0.5076077747344973,-0.0209054148370168,-0.022213369358393464,-0.04100580700997192,-0.0232827373295601
ipromoter_hs_notata,random_missing_20pct,deployment_shift,5,53,11,0.9285392949059701,0.9321328326444444,0.6990514584392572,0.849241059943401,0.8492513451628905,0.8292620210851118,0.8692406692406692,0.5076077747344973,-0.0021082464384085675,-0.0023725602775618304,-0.0034183506602201152,-0.0018008747105737744
ipromoter_hs_notata,random_missing_20pct,deployment_shift,6,53,11,0.9278930144191135,0.9319107393994368,0.7004217345202818,0.8498842294828917,0.8498952429268706,0.8284906145538699,0.8712998712998713,0.5076077747344973,-0.0027545269252651217,-0.002594653522569379,-0.0020480745791955357,-0.0011577051710831565
ipromoter_hs_notata,random_missing_20pct,deployment_shift,7,53,11,0.9277874796517122,0.9315991551384804,0.7037155585075792,0.8515564702855672,0.851567020865041,0.8310619696580098,0.872072072072072,0.5076077747344973,-0.0028600616926665046,-0.0029062377835258335,0.0012457494081018483,0.0005145356315924277
ipromoter_hs_notata,random_missing_20pct,deployment_shift,8,53,11,0.9234468866250816,0.9259574537754363,0.6857425705821354,0.8420375611011063,0.8420553897025997,0.8074055026999228,0.8767052767052768,0.5076077747344973,-0.007200654719297095,-0.008547939146569927,-0.016727238517341925,-0.009004373552868539
ipromoter_hs_notata,random_missing_20pct,deployment_shift,9,53,11,0.9284860145749834,0.9323347395339143,0.7000511594463334,0.8493696938512992,0.8493853402313161,0.8189766006685524,0.8797940797940798,0.5076077747344973,-0.0021615267693952944,-0.002170653388091859,-0.0024186496531438673,-0.0016722408026755842
ipromoter_hs_notata,random_missing_20pct,deployment_shift,10,53,11,0.9281239730712603,0.9322452873381566,0.7008014668086516,0.8500128633907899,0.8500248696700227,0.826690665980972,0.8733590733590734,0.5076077747344973,-0.002523568273118393,-0.002260105583849592,-0.0016683422908256862,-0.0010290712631849663
ipromoter_hs_notata,random_missing_20pct,deployment_shift,11,53,11,0.9287535083112353,0.932488567723158,0.6978130911631881,0.8487265243118086,0.8487346914191862,0.8328619182309077,0.8646074646074646,0.5076077747344973,-0.001894033033143394,-0.00201682519884816,-0.00465671793628919,-0.002315410342166202
ipromoter_hs_notata,random_missing_20pct,deployment_shift,12,53,11,0.9290865931133352,0.9330447607004767,0.7045534650012591,0.8520710059171598,0.8520797034039513,0.8351761378246336,0.8689832689832689,0.5076077747344973,-0.0015609482310434686,-0.0014606322215294787,0.0020836559017818335,0.0010290712631849663
ipromoter_hs_notata,random_missing_20pct,deployment_shift,13,53,11,0.9230898091273508,0.9271149877675195,0.6887698409902326,0.8438384358116799,0.8438528231791281,0.8158909745435845,0.8718146718146718,0.5076077747344973,-0.007557732217027824,-0.0073904051544866345,-0.013699968109244676,-0.007203498842294875
ipromoter_hs_notata,random_missing_20pct,deployment_shift,14,53,11,0.9212563038739433,0.9252929227123705,0.6866104770228861,0.8430666323642912,0.8430761217081608,0.8246335818976601,0.8615186615186615,0.5076077747344973,-0.009391237470435354,-0.00921247020963567,-0.01585933207659118,-0.007975302289683572
ipromoter_hs_notata,random_missing_20pct,deployment_shift,15,53,11,0.9244731121306076,0.9286368536009688,0.6975164377471053,0.8485978904039104,0.8486055941700066,0.8336333247621497,0.8635778635778636,0.5076077747344973,-0.006174429213771093,-0.005868539321037369,-0.00495337135237206,-0.002444044250064392
ipromoter_hs_notata,random_missing_20pct,deployment_shift,16,53,11,0.9263675091908572,0.929935828459005,0.687577722066141,0.8434525340879856,0.8434638105761788,0.8215479557726922,0.8653796653796654,0.5076077747344973,-0.0042800321535214625,-0.004569564463001163,-0.014892087033336332,-0.007589400565989224
ipromoter_hs_notata,random_missing_20pct,deployment_shift,17,53,11,0.9259926936450464,0.9300949261551578,0.6965923039362064,0.848083354772318,0.8480922497636305,0.8308048341475958,0.8653796653796654,0.5076077747344973,-0.004654847699332221,-0.00441046676684842,-0.005877505163270902,-0.00295857988165682
ipromoter_hs_notata,random_missing_20pct,deployment_shift,18,53,11,0.9271855442850558,0.9307582362172534,0.6976604976707607,0.8485978904039104,0.8486071826519243,0.8305476986371818,0.8666666666666667,0.5076077747344973,-0.003461997059322819,-0.0037471567047527854,-0.004809311428716656,-0.002444044250064392
ipromoter_hs_notata,random_missing_20pct,deployment_shift,19,53,11,0.9291018822517922,0.9330495415326475,0.6989947965345475,0.849241059943401,0.849250815668918,0.8302905631267679,0.8682110682110682,0.5076077747344973,-0.0015456590925864155,-0.0014558513893586644,-0.003475012564929769,-0.0018008747105737744
ipromoter_hs_notata,random_missing_20pct,deployment_shift,20,53,11,0.9264417707205056,0.9298774291345377,0.6953370904847072,0.8474401852328274,0.8474494109875956,0.8295191565955259,0.8653796653796654,0.5076077747344973,-0.004205770623873062,-0.0046279637874684365,-0.0071327186147701616,-0.0036017494211474377
ipromoter_hs_notata,random_missing_40pct,deployment_shift,1,53,21,0.9224509084627367,0.9257497782026358,0.6905563679661175,0.8444816053511706,0.8444989712924915,0.8107482643353047,0.8782496782496783,0.5076077747344973,-0.008196632881641963,-0.008755614719370364,-0.011913441133359792,-0.0065603293028042575
ipromoter_hs_notata,random_missing_40pct,deployment_shift,2,53,21,0.9273603765761131,0.9312272251115852,0.6937491790432175,0.8464111139696424,0.8464243106567612,0.8207765492414503,0.872072072072072,0.5076077747344973,-0.003287164768265516,-0.0032781678104210066,-0.008720630056259782,-0.004630820684332404
ipromoter_hs_notata,random_missing_40pct,deployment_shift,3,53,21,0.9244333338959206,0.9281386403582013,0.6899514996907061,0.8446102392590686,0.8446219793609868,0.8218050912831062,0.8674388674388674,0.5076077747344973,-0.00621420744845802,-0.006366752563804923,-0.012518309408771189,-0.006431695394906178
ipromoter_hs_notata,random_missing_40pct,deployment_shift,4,53,21,0.9021977971065139,0.9035844075221102,0.6391348436350544,0.8169539490609725,0.816986663039633,0.7534070455129853,0.8805662805662806,0.5076077747344973,-0.028449744237864727,-0.03092098539989596,-0.06333496546442297,-0.0340879855930023
ipromoter_hs_notata,random_missing_40pct,deployment_shift,5,53,21,0.918903861434075,0.9221892371391469,0.6801236681382703,0.8395935168510419,0.8396069102934621,0.8135767549498586,0.8656370656370657,0.5076077747344973,-0.011743679910303673,-0.012316155782859273,-0.022346140961207017,-0.011448417802932931
ipromoter_hs_notata,random_missing_40pct,deployment_shift,6,53,21,0.9121184292693678,0.9144376067412817,0.6547821183668836,0.8253151530743504,0.8253439642485669,0.7693494471586526,0.8813384813384814,0.5076077747344973,-0.018529112075010845,-0.020067786180724467,-0.04768769073259371,-0.02572678157962438
ipromoter_hs_notata,random_missing_40pct,deployment_shift,7,53,21,0.924875064242511,0.9282353542831197,0.6935000643517989,0.8456393105222537,0.8456597875471622,0.8058626896374389,0.8854568854568855,0.5076077747344973,-0.005772477101867679,-0.006270038638886533,-0.008969744747678421,-0.005402624131721101
ipromoter_hs_notata,random_missing_40pct,deployment_shift,8,53,21,0.9271545027009155,0.9312627738246341,0.6954490379884386,0.8471829174170311,0.8471971732964276,0.8194908716893803,0.8749034749034749,0.5076077747344973,-0.0034930386434631755,-0.0032426190973721125,-0.007020771111038715,-0.003859017236943707
ipromoter_hs_notata,random_missing_40pct,deployment_shift,9,53,21,0.9189757733342202,0.9221242081562562,0.678900419563497,0.8392076151273475,0.8392172358230471,0.8205194137310362,0.857915057915058,0.5076077747344973,-0.011671768010158456,-0.012381184765750008,-0.023569389535980312,-0.01183431952662728
ipromoter_hs_notata,random_missing_40pct,deployment_shift,10,53,21,0.9235471926395045,0.9274708464515591,0.6902370597361202,0.8446102392590686,0.844624097336877,0.8176909231164824,0.8715572715572716,0.5076077747344973,-0.007100348704874193,-0.007034546470447101,-0.012232749363357165,-0.006431695394906178
ipromoter_hs_notata,random_missing_40pct,deployment_shift,11,53,21,0.9246044597291704,0.9286480157303743,0.6917460776685596,0.8456393105222537,0.845648668173739,0.8274620725122139,0.8638352638352639,0.5076077747344973,-0.006043081615208279,-0.0058573771916319295,-0.01072373143091776,-0.005402624131721101
ipromoter_hs_notata,random_missing_40pct,deployment_shift,12,53,21,0.9101073449749202,0.9133023614632195,0.6594151834159344,0.829174170311294,0.8291886861699153,0.8009771149395731,0.8574002574002574,0.5076077747344973,-0.020540196369458474,-0.02120303145878666,-0.0430546256835429,-0.021867764342680784
ipromoter_hs_notata,random_missing_40pct,deployment_shift,13,53,21,0.9178969955519197,0.9196702520005229,0.6735147314055018,0.8359917674298946,0.8360089987500633,0.8025199280020571,0.8694980694980695,0.5076077747344973,-0.012750545792458934,-0.014835140921483303,-0.02895507769397554,-0.015050167224080258
ipromoter_hs_notata,random_missing_40pct,deployment_shift,14,53,21,0.9231448103137483,0.9263791888290707,0.6939845013416067,0.8464111139696424,0.8464258991386788,0.8176909231164824,0.8751608751608752,0.5076077747344973,-0.007502731030630372,-0.008126204092935518,-0.008485307757870597,-0.004630820684332404
ipromoter_hs_notata,random_missing_40pct,deployment_shift,15,53,21,0.92175363108765,0.9255663037890468,0.6849566083391684,0.8416516593774119,0.8416694216899925,0.8071483671895089,0.8761904761904762,0.5076077747344973,-0.008893910256728699,-0.008939089132959377,-0.017513200760308933,-0.009390275276562887
ipromoter_hs_notata,random_missing_40pct,deployment_shift,16,53,21,0.9162705555351479,0.918085700355207,0.673204061300113,0.8359917674298946,0.8360071455211595,0.806119825147853,0.865894465894466,0.5076077747344973,-0.014376985809230747,-0.016419692566799204,-0.029265747799364306,-0.015050167224080258
ipromoter_hs_notata,random_missing_40pct,deployment_shift,17,53,21,0.9218123718252286,0.9248321856074438,0.6841104980948288,0.8403653202984307,0.8403907599330587,0.7909488300334276,0.8898326898326898,0.5076077747344973,-0.008835169519150088,-0.009673207314562338,-0.018359311004648493,-0.010676614355544123
ipromoter_hs_notata,random_missing_40pct,deployment_shift,18,53,21,0.9278322880791381,0.9321055994569674,0.7035194069563715,0.851299202469771,0.8513122680775034,0.82591925944973,0.8767052767052768,0.5076077747344973,-0.0028152532652405693,-0.002399793465038824,0.00104959785689418,0.0002572678157961583
ipromoter_hs_notata,random_missing_40pct,deployment_shift,19,53,21,0.9131910185908644,0.9169121813500057,0.6657917149217889,0.8325186519166452,0.8325307859378315,0.8089483157624068,0.8561132561132561,0.5076077747344973,-0.01745652275351428,-0.017593211572000444,-0.036678094177688414,-0.018523282737329616
ipromoter_hs_notata,random_missing_40pct,deployment_shift,20,53,21,0.9216464416515844,0.9251364394133573,0.6845250245536816,0.8420375611011063,0.842046785425546,0.8241193108768321,0.85997425997426,0.5076077747344973,-0.009001099692794279,-0.009368953508648858,-0.017944784545795733,-0.009004373552868539
ipromoter_hs_notata,score_noise_sd_0.05,deployment_shift,1,53,0,0.9266919566225301,0.9296342480336737,0.6989411124617156,0.849241059943401,0.8492502861749455,0.8313191051684238,0.8671814671814672,0.5076077747344973,-0.003955584721848537,-0.004871144888332513,-0.0035286966377616746,-0.0018008747105737744
ipromoter_hs_notata,score_noise_sd_0.05,deployment_shift,2,53,0,0.9283167750640109,0.9321854301482155,0.701027099961125,0.850270131206586,0.8502796224575602,0.8318333761892517,0.8687258687258688,0.5076077747344973,-0.0023307662803677687,-0.0023199627737906514,-0.001442709138352316,-0.000771803447388808
ipromoter_hs_notata,score_noise_sd_0.05,deployment_shift,3,53,0,0.9274532365815471,0.9304194209344616,0.7025451344387241,0.8510419346539748,0.8510511613622953,0.8331190537413217,0.8689832689832689,0.5076077747344973,-0.003194304762831557,-0.004085971987544568,7.532533924681228e-05,0.0
ipromoter_hs_notata,score_noise_sd_0.05,deployment_shift,4,53,0,0.9275798518277304,0.9298699584651899,0.7018864503465218,0.8507846668381785,0.8507923049964706,0.8359475443558756,0.8656370656370657,0.5076077747344973,-0.0030676895166482643,-0.004635434456816245,-0.000583358752955565,-0.00025726781579626934
ipromoter_hs_notata,score_noise_sd_0.05,deployment_shift,5,53,0,0.9272233700107189,0.9305456686073633,0.700762956123264,0.8501414972986879,0.8501509223288601,0.8318333761892517,0.8684684684684685,0.5076077747344973,-0.003424171333659798,-0.003959724314642865,-0.0017068529762133133,-0.0009004373552868872
ipromoter_hs_notata,score_noise_sd_0.05,deployment_shift,6,53,0,0.9275585396953356,0.9296467930238552,0.6993346902318864,0.8494983277591973,0.8495062303239213,0.8341475957829776,0.8648648648648649,0.5076077747344973,-0.0030890016490430217,-0.0048585998981509615,-0.0031351188675908803,-0.001543606894777505
ipromoter_hs_notata,score_noise_sd_0.05,deployment_shift,7,53,0,0.9281493225951956,0.9320618874259746,0.7013826444572968,0.8505273990223823,0.8505351694860566,0.8354332733350476,0.8656370656370657,0.5076077747344973,-0.002498218749183101,-0.0024435054960315616,-0.0010871646421805048,-0.0005145356315925387
ipromoter_hs_notata,score_noise_sd_0.05,deployment_shift,8,53,0,0.9286438037788001,0.9316405418979772,0.7076549573933844,0.8536146128119372,0.8536234430808871,0.8364618153767035,0.8707850707850708,0.5076077747344973,-0.0020037375655785894,-0.0028648510240290026,0.005185148293907038,0.0025726781579623603
ipromoter_hs_notata,score_noise_sd_0.05,deployment_shift,9,53,0,0.9272192664324318,0.9304683553706191,0.700147226733649,0.8498842294828917,0.8498925954570079,0.8336333247621497,0.8661518661518661,0.5076077747344973,-0.0034282749119468603,-0.004037037551387068,-0.002322582365828274,-0.0011577051710831565
ipromoter_hs_notata,score_noise_sd_0.05,deployment_shift,10,53,0,0.9265147747019694,0.9299773752132083,0.6985910772903816,0.849112426035503,0.8491206594317934,0.8331190537413217,0.8651222651222651,0.5076077747344973,-0.004132766642409247,-0.004528017708797849,-0.0038787318090957035,-0.0019295086184718535
ipromoter_hs_notata,score_noise_sd_0.05,deployment_shift,11,53,0,0.9281887698961497,0.9325659933287587,0.6994302281965484,0.8494983277591973,0.8495072893118663,0.8320905116996657,0.8669240669240669,0.5076077747344973,-0.0024587714482289247,-0.001939399593247515,-0.0030395809029288845,-0.001543606894777505
ipromoter_hs_notata,score_noise_sd_0.05,deployment_shift,12,53,0,0.9275261743762646,0.9304656422817219,0.700141066633873,0.8497555955749936,0.8497664104246774,0.8287477500642839,0.8707850707850708,0.5076077747344973,-0.0031213669681140477,-0.004039750640284279,-0.0023287424656043276,-0.0012863390789812357
ipromoter_hs_notata,score_noise_sd_0.05,deployment_shift,13,53,0,0.9274393042713948,0.930927476829163,0.6996688222967247,0.8496269616670954,0.8496357246935802,0.8326047827204937,0.8666666666666667,0.5076077747344973,-0.0032082370729838994,-0.003577916092843192,-0.0028009868027526474,-0.0014149729868794259
ipromoter_hs_notata,score_noise_sd_0.05,deployment_shift,14,53,0,0.9265892016984842,0.9285016522685506,0.6996565037384748,0.8496269616670954,0.8496355923200871,0.8328619182309077,0.8664092664092664,0.5076077747344973,-0.004058339645894415,-0.006003740653455547,-0.0028133053610025494,-0.0014149729868794259
ipromoter_hs_notata,score_noise_sd_0.05,deployment_shift,15,53,0,0.9278331485068435,0.93102605767842,0.7068160823822867,0.8532287110882428,0.8532368132008141,0.8374903574183594,0.8689832689832689,0.5076077747344973,-0.0028143928375351512,-0.0034793352435862346,0.004346273282809343,0.002186776434268012
ipromoter_hs_notata,score_noise_sd_0.05,deployment_shift,16,53,0,0.928299765070143,0.9312319509262543,0.6987304761771621,0.849112426035503,0.8491221155402179,0.8302905631267679,0.8679536679536679,0.5076077747344973,-0.002347776274235658,-0.003273441995751858,-0.0037393329223152083,-0.0019295086184718535
ipromoter_hs_notata,score_noise_sd_0.05,deployment_shift,17,53,0,0.9285522675082973,0.9317137952908997,0.7029967111411707,0.851299202469771,0.8513077673787368,0.8346618668038056,0.8679536679536679,0.5076077747344973,-0.002095273836081324,-0.0027915976311064794,0.0005269020416933667,0.0002572678157961583
ipromoter_hs_notata,score_noise_sd_0.05,deployment_shift,18,53,0,0.9275891841589964,0.9318112698769647,0.7014895950853258,0.8505273990223823,0.8505363608474947,0.8331190537413217,0.8679536679536679,0.5076077747344973,-0.0030583571853822766,-0.0026941230450414633,-0.0009802140141514926,-0.0005145356315925387
ipromoter_hs_notata,score_noise_sd_0.05,deployment_shift,19,53,0,0.9273113652902801,0.9311829809765861,0.7015154138738645,0.8505273990223823,0.8505366255944811,0.8326047827204937,0.8684684684684685,0.5076077747344973,-0.0033361760540985275,-0.003322411945420045,-0.000954395225612803,-0.0005145356315925387
ipromoter_hs_notata,score_noise_sd_0.05,deployment_shift,20,53,0,0.9273278126968022,0.9305405605105089,0.6981368154394187,0.8488551582197067,0.848864053415352,0.8315762406788377,0.8661518661518661,0.5076077747344973,-0.0033197286475764587,-0.003964832411497254,-0.0043329936600585706,-0.002186776434268123
ipromoter_hs_notata,refit_without_group:engineered_descriptors,source_ablation,0,53,22,0.925913666669645,0.9296627123252617,0.6986332144739822,0.849241059943401,0.8492463149701515,0.8390331704808434,0.8594594594594595,0.5051397573947909,-0.004733874674733629,-0.004842680596744531,-0.0038365946254951266,-0.0018008747105737744
ipromoter_hs_notata,refit_without_group:foundation_evidence,source_ablation,0,53,23,0.92051914898405,0.9240069372142171,0.6833966639002942,0.8413943915616157,0.8414051380109493,0.8205194137310362,0.8622908622908623,0.5305275726318359,-0.010128392360328697,-0.010498455707789067,-0.019073145199183128,-0.009647543092359157
ipromoter_hs_notata,refit_without_group:sequence_grammar,source_ablation,0,53,5,0.9176896986616709,0.9213298280209067,0.6785572123697188,0.8383071777720608,0.8383265276811176,0.8007199794291592,0.8759330759330759,0.5325789928436279,-0.012957842682707721,-0.013175564901099501,-0.02391259672975854,-0.012734756881914056
ipromoter_hs_notata,refit_without_group:derived_evidence,source_ablation,0,53,3,0.9296209187183732,0.9336150701642056,0.7026640481392128,0.8511705685618729,0.8511782730090778,0.8362046798662895,0.8661518661518661,0.4977002686262129,-0.0010266226260055022,-0.0008903227578005435,0.00019423903973547763,0.00012863390789807916
ipromoter_hs_tata,complete_sources,deployment_shift,0,53,0,0.9885066417600664,0.9890200679301067,0.8793866228968332,0.9396355353075171,0.9396533831465338,0.9318181818181818,0.9474885844748858,0.501937608718872,0.0,0.0,0.0,0.0
ipromoter_hs_tata,missing_group:engineered_descriptors,deployment_shift,0,53,22,0.987961809879618,0.9883249641074703,0.8816996788608616,0.9407744874715261,0.9407949356579492,0.9318181818181818,0.9497716894977168,0.501937608718872,-0.0005448318804484042,-0.0006951038226363782,0.002313055964028421,0.001138952164009055
ipromoter_hs_tata,missing_group:foundation_evidence,deployment_shift,0,53,23,0.9888594852635949,0.989472356963526,0.8843516298570238,0.9419134396355353,0.9419520547945206,0.925,0.958904109589041,0.501937608718872,0.00035284350352848826,0.0004522890334193175,0.004965006960190532,0.002277904328018221
ipromoter_hs_tata,missing_group:sequence_grammar,deployment_shift,0,53,5,0.9721253632212536,0.9746045006563473,0.8025539252028947,0.9009111617312073,0.9008613532586136,0.9227272727272727,0.8789954337899544,0.501937608718872,-0.01638127853881277,-0.014415567273759367,-0.07683269769393852,-0.038724373576309756
ipromoter_hs_tata,missing_group:derived_evidence,deployment_shift,0,53,3,0.9872613117476131,0.9873826033815064,0.8681129520675309,0.9339407744874715,0.9339663760896637,0.9227272727272727,0.9452054794520548,0.501937608718872,-0.001245330012453305,-0.0016374645486002537,-0.011273670829302307,-0.005694760820045608
ipromoter_hs_tata,missing_strongest_source,deployment_shift,0,53,1,0.9757368202573682,0.9776923681303952,0.824698942196316,0.9123006833712984,0.9122820672478207,0.9204545454545454,0.9041095890410958,0.501937608718872,-0.012769821502698231,-0.011327699799711488,-0.054687680700517216,-0.02733485193621865
ipromoter_hs_tata,conflicting_strongest_source,deployment_shift,0,53,1,0.5740452469904526,0.5256956608052986,-0.007363336764574779,0.49658314350797267,0.497384806973848,0.14545454545454545,0.8493150684931506,0.501937608718872,-0.41446139476961386,-0.46332440712480805,-0.886749959661408,-0.4430523917995444
ipromoter_hs_tata,random_missing_20pct,deployment_shift,1,53,11,0.9883146533831465,0.9888461061840815,0.8793866228968332,0.9396355353075171,0.9396533831465338,0.9318181818181818,0.9474885844748858,0.501937608718872,-0.000191988376919916,-0.00017396174602513081,0.0,0.0
ipromoter_hs_tata,random_missing_20pct,deployment_shift,2,53,11,0.9871419676214197,0.9873532980827093,0.8657911719132025,0.9328018223234624,0.9328248235782483,0.9227272727272727,0.9429223744292238,0.501937608718872,-0.0013646741386467154,-0.0016667698473973314,-0.013595450983630686,-0.006833712984054663
ipromoter_hs_tata,random_missing_20pct,deployment_shift,3,53,11,0.9754306766293067,0.9767552616338477,0.8132022105920447,0.9054669703872438,0.9053808634288086,0.9431818181818182,0.867579908675799,0.501937608718872,-0.013075965130759704,-0.012264806296258923,-0.06618441230478855,-0.034168564920273314
ipromoter_hs_tata,random_missing_20pct,deployment_shift,4,53,11,0.9891448733914487,0.9896976909556803,0.8820055241665334,0.9407744874715261,0.940810502283105,0.925,0.95662100456621,0.501937608718872,0.0006382316313823244,0.0006776230255736149,0.0026189012697002134,0.001138952164009055
ipromoter_hs_tata,random_missing_20pct,deployment_shift,5,53,11,0.988568908260689,0.9890677587778665,0.8816343915633924,0.9407744874715261,0.9407897467828974,0.9340909090909091,0.9474885844748858,0.501937608718872,6.226650062257644e-05,4.769084775979593e-05,0.00224776866655918,0.001138952164009055
ipromoter_hs_tata,random_missing_20pct,deployment_shift,6,53,11,0.9734433374844332,0.9757617406530167,0.8050886736575715,0.9020501138952164,0.9019925280199252,0.9272727272727272,0.8767123287671232,0.501937608718872,-0.015063304275633183,-0.013258327277089976,-0.0742979492392617,-0.0375854214123007
ipromoter_hs_tata,random_missing_20pct,deployment_shift,7,53,11,0.9888802407638023,0.9894385667041383,0.890812478366922,0.9453302961275627,0.9453507679535077,0.9363636363636364,0.954337899543379,0.501937608718872,0.0003735990037359027,0.00041849877403166147,0.011425855470088786,0.005694760820045608
ipromoter_hs_tata,random_missing_20pct,deployment_shift,8,53,11,0.988568908260689,0.9890333759346966,0.8839428689425279,0.9419134396355353,0.941931299294313,0.9340909090909091,0.9497716894977168,0.501937608718872,6.226650062257644e-05,1.3308004589984712e-05,0.004556246045694712,0.002277904328018221
ipromoter_hs_tata,random_missing_20pct,deployment_shift,9,53,11,0.9882316313823163,0.9887364376615931,0.890812478366922,0.9453302961275627,0.9453507679535077,0.9363636363636364,0.954337899543379,0.501937608718872,-0.00027501037775012893,-0.0002836302685135239,0.011425855470088786,0.005694760820045608
ipromoter_hs_tata,random_missing_20pct,deployment_shift,10,53,11,0.9881849315068494,0.9886218234082974,0.8886674693361404,0.9441913439635535,0.944219593192196,0.9318181818181818,0.95662100456621,0.501937608718872,-0.0003217102532170335,-0.0003982445218092545,0.009280846439307155,0.004555808656036442
ipromoter_hs_tata,random_missing_20pct,deployment_shift,11,53,11,0.9885585305105854,0.9890853005106538,0.8838487223860683,0.9419134396355353,0.9419209215442093,0.9386363636363636,0.9452054794520548,0.501937608718872,5.188875051898023e-05,6.523258054713654e-05,0.0044620994892350385,0.002277904328018221
ipromoter_hs_tata,random_missing_20pct,deployment_shift,12,53,11,0.9872716894977169,0.9875148191003814,0.8661190742111156,0.9328018223234624,0.9328403902034039,0.9159090909090909,0.9497716894977168,0.501937608718872,-0.0012349522623494869,-0.0015052488297252475,-0.013267548685717667,-0.006833712984054663
ipromoter_hs_tata,random_missing_20pct,deployment_shift,13,53,11,0.9886674968866751,0.9891761168374102,0.8861905075611832,0.9430523917995444,0.9430676629306767,0.9363636363636364,0.9497716894977168,0.501937608718872,0.00016085512660868329,0.00015604890730358534,0.006803884664350002,0.003416856492027276
ipromoter_hs_tata,random_missing_20pct,deployment_shift,14,53,11,0.9846409298464093,0.9843333417315929,0.8612345947862227,0.9305239179954442,0.9305469074304691,0.9204545454545454,0.9406392694063926,0.501937608718872,-0.003865711913657144,-0.004686726198513735,-0.018152028110610563,-0.009111617312072884
ipromoter_hs_tata,random_missing_20pct,deployment_shift,15,53,11,0.9756849315068493,0.9774986948193484,0.8338120964502757,0.9168564920273349,0.916837899543379,0.925,0.908675799086758,0.501937608718872,-0.0128217102532171,-0.011521373110758293,-0.04557452644655757,-0.02277904328018221
ipromoter_hs_tata,random_missing_20pct,deployment_shift,16,53,11,0.9889528850145289,0.9894741785067431,0.8793866228968332,0.9396355353075171,0.9396533831465338,0.9318181818181818,0.9474885844748858,0.501937608718872,0.00044624325446251945,0.00045411057663646837,0.0,0.0
ipromoter_hs_tata,random_missing_20pct,deployment_shift,17,53,11,0.9891241178912411,0.9896306242218226,0.879664319585577,0.9396355353075171,0.9396689497716895,0.925,0.954337899543379,0.501937608718872,0.0006174761311746879,0.0006105562917159135,0.0002776966887437782,0.0
ipromoter_hs_tata,random_missing_20pct,deployment_shift,18,53,11,0.988293897882939,0.9888371716309541,0.8748303768511386,0.9373576309794989,0.9373754669987546,0.9295454545454546,0.9452054794520548,0.501937608718872,-0.00021274387712744147,-0.00018289629915257954,-0.004556246045694601,-0.002277904328018221
ipromoter_hs_tata,random_missing_20pct,deployment_shift,19,53,11,0.9882783312577833,0.98877564310658,0.8885740575481017,0.9441913439635535,0.9442144043171441,0.9340909090909091,0.954337899543379,0.501937608718872,-0.00022831050228311334,-0.00024442482352671213,0.009187434651268478,0.004555808656036442
ipromoter_hs_tata,random_missing_20pct,deployment_shift,20,53,11,0.9884236197592362,0.988889172410311,0.8861905075611832,0.9430523917995444,0.9430676629306767,0.9363636363636364,0.9497716894977168,0.501937608718872,-8.302200083021294e-05,-0.0001308955197956152,0.006803884664350002,0.003416856492027276
ipromoter_hs_tata,random_missing_40pct,deployment_shift,1,53,21,0.988247198007472,0.9886531122459684,0.8839428689425279,0.9419134396355353,0.941931299294313,0.9340909090909091,0.9497716894977168,0.501937608718872,-0.00025944375259445707,-0.0003669556841382482,0.004556246045694712,0.002277904328018221
ipromoter_hs_tata,random_missing_40pct,deployment_shift,2,53,21,0.9710460772104608,0.9737608073081615,0.8003537694334302,0.8997722095671982,0.899719800747198,0.9227272727272727,0.8767123287671232,0.501937608718872,-0.01746056454960565,-0.015259260621945159,-0.07903285346340305,-0.03986332574031892
ipromoter_hs_tata,random_missing_40pct,deployment_shift,3,53,21,0.9885689082606892,0.9890922299022564,0.8840174804211218,0.9419134396355353,0.9419364881693648,0.9318181818181818,0.952054794520548,0.501937608718872,6.226650062279848e-05,7.216197214976461e-05,0.004630857524288601,0.002277904328018221
ipromoter_hs_tata,random_missing_40pct,deployment_shift,4,53,21,0.9543067662930677,0.9578461934807057,0.7289416008576183,0.857630979498861,0.8574097135740972,0.9545454545454546,0.7602739726027398,0.501937608718872,-0.034199875466998764,-0.031173874449401007,-0.15044502203921495,-0.08200455580865607
ipromoter_hs_tata,random_missing_40pct,deployment_shift,5,53,21,0.9888594852635949,0.9894105863549447,0.8794609032941421,0.9396355353075171,0.9396585720215858,0.9295454545454546,0.9497716894977168,0.501937608718872,0.00035284350352848826,0.00039051842483806,7.428039730883462e-05,0.0
ipromoter_hs_tata,random_missing_40pct,deployment_shift,6,53,21,0.9762972187629722,0.9783365859372262,0.8115250947684503,0.9054669703872438,0.9054223744292238,0.925,0.8858447488584474,0.501937608718872,-0.012209422997094266,-0.010683481992880495,-0.06786152812838298,-0.034168564920273314
ipromoter_hs_tata,random_missing_40pct,deployment_shift,7,53,21,0.9884910751349107,0.9890026237744447,0.8794609032941421,0.9396355353075171,0.9396585720215858,0.9295454545454546,0.9497716894977168,0.501937608718872,-1.5566625155671865e-05,-1.7444155661960892e-05,7.428039730883462e-05,0.0
ipromoter_hs_tata,random_missing_40pct,deployment_shift,8,53,21,0.9885585305105853,0.9891186656818375,0.8815874137933349,0.9407744874715261,0.9407845579078455,0.9363636363636364,0.9452054794520548,0.501937608718872,5.188875051886921e-05,9.85977517308223e-05,0.0022007908965017142,0.001138952164009055
ipromoter_hs_tata,random_missing_40pct,deployment_shift,9,53,21,0.969914902449149,0.972357898005306,0.7900927260450634,0.8940774487471527,0.8939964715649646,0.9295454545454546,0.8584474885844748,0.501937608718872,-0.0185917393109174,-0.01666216992480063,-0.0892938968517698,-0.04555808656036442
ipromoter_hs_tata,random_missing_40pct,deployment_shift,10,53,21,0.9882368202573683,0.9887709722235826,0.8793866228968332,0.9396355353075171,0.9396533831465338,0.9318181818181818,0.9474885844748858,0.501937608718872,-0.0002698215026981643,-0.00024909570652409396,0.0,0.0
ipromoter_hs_tata,random_missing_40pct,deployment_shift,11,53,21,0.9873339559983396,0.9876802822156063,0.8769925280199253,0.9384965831435079,0.9384962640099626,0.9386363636363636,0.9383561643835616,0.501937608718872,-0.0011726857617267994,-0.00133978571450033,-0.002394094876907893,-0.001138952164009166
ipromoter_hs_tata,random_missing_40pct,deployment_shift,12,53,21,0.9749740556247405,0.9771489263162723,0.8115250947684503,0.9054669703872438,0.9054223744292238,0.925,0.8858447488584474,0.501937608718872,-0.01353258613532593,-0.011871141613834402,-0.06786152812838298,-0.034168564920273314
ipromoter_hs_tata,random_missing_40pct,deployment_shift,13,53,21,0.9294572436695725,0.931227101434947,0.6290363340714065,0.8018223234624146,0.801499584889996,0.9431818181818182,0.6598173515981736,0.501937608718872,-0.05904939809049392,-0.05779296649515964,-0.25035028882542676,-0.13781321184510253
ipromoter_hs_tata,random_missing_40pct,deployment_shift,14,53,21,0.9642330842673308,0.9656728198479734,0.774715470781053,0.8849658314350797,0.8848381070983811,0.9409090909090909,0.8287671232876712,0.501937608718872,-0.02427355749273563,-0.023347248082133287,-0.10467115211578026,-0.054669703872437414
ipromoter_hs_tata,random_missing_40pct,deployment_shift,15,53,21,0.9769821502698215,0.9788237462114511,0.8250686543920035,0.9123006833712984,0.912261311747613,0.9295454545454546,0.8949771689497716,0.501937608718872,-0.011524491490244926,-0.010196321718655588,-0.05431796850482973,-0.02733485193621865
ipromoter_hs_tata,random_missing_40pct,deployment_shift,16,53,21,0.9890151515151515,0.9896191975276379,0.8816343915633924,0.9407744874715261,0.9407897467828974,0.9340909090909091,0.9474885844748858,0.501937608718872,0.0005085097550850959,0.0005991295975312783,0.00224776866655918,0.001138952164009055
ipromoter_hs_tata,random_missing_40pct,deployment_shift,17,53,21,0.9885896637608966,0.989059738433719,0.8840174804211218,0.9419134396355353,0.9419364881693648,0.9318181818181818,0.952054794520548,0.501937608718872,8.302200083021294e-05,3.967050361231017e-05,0.004630857524288601,0.002277904328018221
ipromoter_hs_tata,random_missing_40pct,deployment_shift,18,53,21,0.9767590286425902,0.9786692074709549,0.8317345419997547,0.9157175398633257,0.9156859692818597,0.9295454545454546,0.9018264840182648,0.501937608718872,-0.011747613117476186,-0.01035086045915179,-0.04765208089707851,-0.023917995444191376
ipromoter_hs_tata,random_missing_40pct,deployment_shift,19,53,21,0.9751712328767124,0.9772405547135858,0.8202086215348106,0.9100227790432802,0.9099989622249895,0.9204545454545454,0.8995433789954338,0.501937608718872,-0.01333540888335405,-0.01177951321652082,-0.05917800136202267,-0.029612756264236872
ipromoter_hs_tata,random_missing_40pct,deployment_shift,20,53,21,0.9747976338729764,0.9764325078623521,0.8070911349099278,0.9020501138952164,0.9019510170195102,0.9454545454545454,0.8584474885844748,0.501937608718872,-0.013709007887090063,-0.012587560067754522,-0.07229548798690544,-0.0375854214123007
ipromoter_hs_tata,score_noise_sd_0.05,deployment_shift,1,53,0,0.9883302200083022,0.9886937269845911,0.879553463518162,0.9396355353075171,0.9396637608966376,0.9272727272727272,0.952054794520548,0.501937608718872,-0.00017642175176424413,-0.0003263409455155353,0.00016684062132876765,0.0
ipromoter_hs_tata,score_noise_sd_0.05,deployment_shift,2,53,0,0.9884443752594437,0.9888811880333768,0.8749964606091728,0.9373576309794989,0.9373858447488584,0.925,0.9497716894977168,0.501937608718872,-6.226650062268746e-05,-0.0001388798967298932,-0.004390162287660426,-0.002277904328018221
ipromoter_hs_tata,score_noise_sd_0.05,deployment_shift,3,53,0,0.988382108758821,0.9889028301164949,0.8816996788608616,0.9407744874715261,0.9407949356579492,0.9318181818181818,0.9497716894977168,0.501937608718872,-0.00012453300124537492,-0.0001172378136117258,0.002313055964028421,0.001138952164009055
ipromoter_hs_tata,score_noise_sd_0.05,deployment_shift,4,53,0,0.9871938563719386,0.9879288697208622,0.8861905075611832,0.9430523917995444,0.9430676629306767,0.9363636363636364,0.9497716894977168,0.501937608718872,-0.0013127853881278462,-0.001091198209244415,0.006803884664350002,0.003416856492027276
ipromoter_hs_tata,score_noise_sd_0.05,deployment_shift,5,53,0,0.9878476546284766,0.988335259560359,0.8793866228968332,0.9396355353075171,0.9396533831465338,0.9318181818181818,0.9474885844748858,0.501937608718872,-0.0006589871315898499,-0.0006848083697477136,0.0,0.0
ipromoter_hs_tata,score_noise_sd_0.05,deployment_shift,6,53,0,0.9877438771274387,0.9879833844558917,0.8816343915633924,0.9407744874715261,0.9407897467828974,0.9340909090909091,0.9474885844748858,0.501937608718872,-0.0007627646326276993,-0.0010366834742149278,0.00224776866655918,0.001138952164009055
ipromoter_hs_tata,score_noise_sd_0.05,deployment_shift,7,53,0,0.988013698630137,0.988504283870743,0.8841104664271512,0.9419134396355353,0.9419416770444168,0.9295454545454546,0.954337899543379,0.501937608718872,-0.000492943129929424,-0.0005157840593636998,0.0047238435303179616,0.002277904328018221
ipromoter_hs_tata,score_noise_sd_0.05,deployment_shift,8,53,0,0.9875985886259859,0.987967836811089,0.8749964606091728,0.9373576309794989,0.9373858447488584,0.925,0.9497716894977168,0.501937608718872,-0.0009080531340804887,-0.0010522311190176437,-0.004390162287660426,-0.002277904328018221
ipromoter_hs_tata,score_noise_sd_0.05,deployment_shift,9,53,0,0.9884443752594437,0.9890296655961018,0.8749964606091728,0.9373576309794989,0.9373858447488584,0.925,0.9497716894977168,0.501937608718872,-6.226650062268746e-05,9.597665995175753e-06,-0.004390162287660426,-0.002277904328018221
ipromoter_hs_tata,score_noise_sd_0.05,deployment_shift,10,53,0,0.9873391448733914,0.9878242257626658,0.8749964606091728,0.9373576309794989,0.9373858447488584,0.925,0.9497716894977168,0.501937608718872,-0.0011674968866750568,-0.0011958421674408415,-0.004390162287660426,-0.002277904328018221
ipromoter_hs_tata,score_noise_sd_0.05,deployment_shift,11,53,0,0.9872820672478206,0.9880106801689166,0.8840174804211218,0.9419134396355353,0.9419364881693648,0.9318181818181818,0.952054794520548,0.501937608718872,-0.0012245745122457796,-0.0010093877611900837,0.004630857524288601,0.002277904328018221
ipromoter_hs_tata,score_noise_sd_0.05,deployment_shift,12,53,0,0.987733499377335,0.9880364504605504,0.8794609032941421,0.9396355353075171,0.9396585720215858,0.9295454545454546,0.9497716894977168,0.501937608718872,-0.0007731423827314066,-0.0009836174695562194,7.428039730883462e-05,0.0
ipromoter_hs_tata,score_noise_sd_0.05,deployment_shift,13,53,0,0.9879929431299295,0.9883304214169023,0.8815874137933349,0.9407744874715261,0.9407845579078455,0.9363636363636364,0.9452054794520548,0.501937608718872,-0.0005136986301369495,-0.0006896465132043561,0.0022007908965017142,0.001138952164009055
ipromoter_hs_tata,score_noise_sd_0.05,deployment_shift,14,53,0,0.9878995433789954,0.9884511306318488,0.8816996788608616,0.9407744874715261,0.9407949356579492,0.9318181818181818,0.9497716894977168,0.501937608718872,-0.0006070983810709807,-0.00056893729825791,0.002313055964028421,0.001138952164009055
ipromoter_hs_tata,score_noise_sd_0.05,deployment_shift,15,53,0,0.988667496886675,0.9893125264042406,0.8771432791078314,0.9384965831435079,0.9385170195101702,0.9295454545454546,0.9474885844748858,0.501937608718872,0.00016085512660857226,0.00029245847413394976,-0.002243343789001817,-0.001138952164009166
ipromoter_hs_tata,score_noise_sd_0.05,deployment_shift,16,53,0,0.9881382316313824,0.9884807202475094,0.8838866193370792,0.9419134396355353,0.9419261104192611,0.9363636363636364,0.9474885844748858,0.501937608718872,-0.0003684101286840491,-0.0005393476825972243,0.004499996440246012,0.002277904328018221
ipromoter_hs_tata,score_noise_sd_0.05,deployment_shift,17,53,0,0.9882679535076795,0.9889818011559754,0.8794609032941421,0.9396355353075171,0.9396585720215858,0.9295454545454546,0.9497716894977168,0.501937608718872,-0.0002386882523869316,-3.82667741312126e-05,7.428039730883462e-05,0.0
ipromoter_hs_tata,score_noise_sd_0.05,deployment_shift,18,53,0,0.9875726442507266,0.9878269228827639,0.8771432791078314,0.9384965831435079,0.9385170195101702,0.9295454545454546,0.9474885844748858,0.501937608718872,-0.0009339975093398678,-0.001193145047342803,-0.002243343789001817,-0.001138952164009166
ipromoter_hs_tata,score_noise_sd_0.05,deployment_shift,19,53,0,0.9885170195101701,0.9890749177805496,0.8839428689425279,0.9419134396355353,0.941931299294313,0.9340909090909091,0.9497716894977168,0.501937608718872,1.0377750103707228e-05,5.4849850442906245e-05,0.004556246045694712,0.002277904328018221
ipromoter_hs_tata,score_noise_sd_0.05,deployment_shift,20,53,0,0.9886363636363635,0.9890679447288877,0.881783286595031,0.9407744874715261,0.9408001245330013,0.9295454545454546,0.952054794520548,0.501937608718872,0.0001297218762971175,4.787679878104356e-05,0.0023966636981977985,0.001138952164009055
ipromoter_hs_tata,refit_without_group:engineered_descriptors,source_ablation,0,53,22,0.9883821087588212,0.9888960460222501,0.8816996788608616,0.9407744874715261,0.9407949356579492,0.9318181818181818,0.9497716894977168,0.49638863831758495,-0.0001245330012452639,-0.00012402190785654188,0.002313055964028421,0.001138952164009055
ipromoter_hs_tata,refit_without_group:foundation_evidence,source_ablation,0,53,23,0.9889217517642176,0.9895104103760016,0.8841104664271512,0.9419134396355353,0.9419416770444168,0.9295454545454546,0.954337899543379,0.5173498553037643,0.0004151100041511757,0.0004903424458949646,0.0047238435303179616,0.002277904328018221
ipromoter_hs_tata,refit_without_group:sequence_grammar,source_ablation,0,53,5,0.974351390618514,0.9764978125107251,0.8223529916103607,0.9111617312072893,0.9111508924865089,0.9159090909090909,0.906392694063927,0.4308631291985512,-0.014155251141552472,-0.012522255419381567,-0.05703363128647254,-0.028473804100227817
ipromoter_hs_tata,refit_without_group:derived_evidence,source_ablation,0,53,3,0.9878320880033209,0.9883422556277733,0.8759322870173601,0.9373576309794989,0.9374169779991698,0.9113636363636364,0.9634703196347032,0.5532633626461029,-0.0006745537567455218,-0.0006778123023333249,-0.0034543358794730805,-0.002277904328018221
ipromoter_mm_notata,complete_sources,deployment_shift,0,53,0,0.9534932165863188,0.9550620604696639,0.7694818765623206,0.8847410172655157,0.8847410499837511,0.884711000621504,0.8847710993459982,0.49756522238254547,0.0,0.0,0.0,0.0
ipromoter_mm_notata,missing_group:engineered_descriptors,deployment_shift,0,53,22,0.9495648794280227,0.9504045317073943,0.75893365263048,0.8794524809457147,0.879456910762975,0.8753884400248602,0.8835253815010901,0.49756522238254547,-0.003928337158296102,-0.004657528762269658,-0.010548223931840628,-0.005288536319800974
ipromoter_mm_notata,missing_group:foundation_evidence,deployment_shift,0,53,23,0.9450678302657176,0.9464116809180007,0.74306879903194,0.8715196764660134,0.8715144433396774,0.8763206960845246,0.8667081905948303,0.49756522238254547,-0.008425386320601191,-0.008650379551663256,-0.02641307753038058,-0.013221340799502324
ipromoter_mm_notata,missing_group:sequence_grammar,deployment_shift,0,53,5,0.9356789771951954,0.9387209268898247,0.7245201801661217,0.8621869653134235,0.8621756241508998,0.872591671845867,0.8517595764559327,0.49756522238254547,-0.017814239391123365,-0.01634113357983924,-0.04496169639619885,-0.022554051952092147
ipromoter_mm_notata,missing_group:derived_evidence,deployment_shift,0,53,3,0.9527085943498683,0.9546307255353815,0.7688715233987419,0.8844299268937627,0.884426572036499,0.8875077688004972,0.8813453752725008,0.49756522238254547,-0.0007846222364504829,-0.0004313349342823791,-0.000610353163578714,-0.0003110903717530311
ipromoter_mm_notata,missing_strongest_source,deployment_shift,0,53,1,0.9527185624152834,0.9546331670565933,0.7682445851018871,0.8841188365220096,0.8841161587372803,0.8865755127408328,0.8816568047337278,0.49756522238254547,-0.0007746541710353938,-0.000428893413070619,-0.0012372914604334984,-0.0006221807435060622
ipromoter_mm_notata,conflicting_strongest_source,deployment_shift,0,53,1,0.9295670046582802,0.9309111196826282,0.7028518262668519,0.8512988023020688,0.8512837223040206,0.8651336233685519,0.8374338212394893,0.49756522238254547,-0.023926211928038565,-0.024150940787035724,-0.06663005029546865,-0.033442214963446903
ipromoter_mm_notata,random_missing_20pct,deployment_shift,1,53,11,0.9525820095968276,0.9541356981226619,0.767930715227513,0.8839632913361332,0.8839611214480056,0.8859540087010566,0.8819682341949548,0.49756522238254547,-0.0009112069894912089,-0.0009263623470020521,-0.0015511613348075937,-0.0007777259293825223
ipromoter_mm_notata,random_missing_20pct,deployment_shift,2,53,11,0.9473968735888654,0.9497000544870612,0.7425023346365336,0.8712085860942603,0.8711999653924253,0.8791174642635177,0.8632824665213329,0.49756522238254547,-0.00609634299745343,-0.005362005982602724,-0.026979541925787,-0.013532431171255355
ipromoter_mm_notata,random_missing_20pct,deployment_shift,3,53,11,0.9456279290869891,0.9479059231687399,0.7452990524333114,0.8726084927671488,0.8726000430852692,0.8803604723430702,0.8648396138274681,0.49756522238254547,-0.007865287499329687,-0.007156137300924015,-0.024182824129009184,-0.012132524498366881
ipromoter_mm_notata,random_missing_20pct,deployment_shift,4,53,11,0.9529234884203017,0.9547501702833948,0.7673147374746077,0.8836522009643801,0.8836490145454398,0.8865755127408328,0.8807225163500467,0.49756522238254547,-0.0005697281660170805,-0.0003118901862690926,-0.0021671390877129326,-0.0010888163011355534
ipromoter_mm_notata,random_missing_20pct,deployment_shift,5,53,11,0.9537020136847021,0.9553134270505669,0.7691715412842158,0.8845854720796391,0.8845843190911292,0.8856432566811684,0.8835253815010901,0.49756522238254547,0.0002087970983832843,0.0002513665809029675,-0.00031033527810475636,-0.00015554518587657107
ipromoter_mm_notata,random_missing_20pct,deployment_shift,6,53,11,0.9524625863665124,0.9544326661096897,0.7648197734999221,0.8824078394773682,0.8824056677452178,0.8844002486016159,0.8804110868888196,0.49756522238254547,-0.0010306302198064277,-0.0006293943599742224,-0.004662103062398448,-0.002333177788147456
ipromoter_mm_notata,random_missing_20pct,deployment_shift,7,53,11,0.9534771031601865,0.9552121701330984,0.7657539030428162,0.8828744750349977,0.8828721344957194,0.8850217526413922,0.8807225163500467,0.49756522238254547,-1.6113426132280395e-05,0.0001501096634345389,-0.0037279735195043795,-0.0018665422305179646
ipromoter_mm_notata,random_missing_20pct,deployment_shift,8,53,11,0.9519908936399678,0.9535867902027431,0.7676530729232536,0.8838077461502567,0.8838020195106977,0.8890615288999378,0.8785425101214575,0.49756522238254547,-0.001502322946350998,-0.0014752702669208473,-0.0018288036390670115,-0.0009332711152589823
ipromoter_mm_notata,random_missing_20pct,deployment_shift,9,53,11,0.9492450303387264,0.949794824718379,0.7545588679745726,0.8772748483434438,0.8772772432550553,0.875077688004972,0.8794767985051386,0.49756522238254547,-0.004248186247592378,-0.00526723575128496,-0.014923008587747977,-0.0074661689220718586
ipromoter_mm_notata,random_missing_20pct,deployment_shift,10,53,11,0.9499420206991234,0.9519128553045645,0.7567429515352578,0.8783636646445793,0.878359794514622,0.8819142324425109,0.8748053565867331,0.49756522238254547,-0.0035511958871954352,-0.0031492051650994224,-0.012738925027062753,-0.006377352620936416
ipromoter_mm_notata,random_missing_20pct,deployment_shift,11,53,11,0.9480517658089161,0.9500181753722758,0.7542401283035131,0.8771193031575673,0.877120173641764,0.8763206960845246,0.8779196511990034,0.49756522238254547,-0.005441450777402657,-0.005043885097388068,-0.01524174825880753,-0.00762171410794843
ipromoter_mm_notata,random_missing_20pct,deployment_shift,12,53,11,0.9489253748040983,0.9510882259760516,0.7554956447769753,0.8777414839010733,0.8777379517541763,0.8809819763828465,0.8744939271255061,0.49756522238254547,-0.004567841782220472,-0.003973834493612327,-0.013986231785345304,-0.006999533364442367
ipromoter_mm_notata,random_missing_20pct,deployment_shift,13,53,11,0.9522286755499227,0.9540653726296955,0.7694830825076631,0.8847410172655157,0.8847417274250899,0.8840894965817278,0.8853939582684522,0.49756522238254547,-0.0012645410363960607,-0.0009966878399684242,1.2059453424750899e-06,0.0
ipromoter_mm_notata,random_missing_20pct,deployment_shift,14,53,11,0.9531058653064677,0.955029614900466,0.7666836866855832,0.8833411105926272,0.8833396174082294,0.884711000621504,0.8819682341949548,0.49756522238254547,-0.0003873512798511225,-3.244556919790309e-05,-0.0027981898767374114,-0.0013999066728884735
ipromoter_mm_notata,random_missing_20pct,deployment_shift,15,53,11,0.9500420884626126,0.9519479083954988,0.7595269439626746,0.8797635713174677,0.8797629206934909,0.8803604723430702,0.8791653690439115,0.49756522238254547,-0.003451128123706182,-0.0031141520741650996,-0.009954932599645971,-0.004977445948047943
ipromoter_mm_notata,random_missing_20pct,deployment_shift,16,53,11,0.9532503054776552,0.9549785206208854,0.7688595386778116,0.8844299268937627,0.884429620522524,0.884711000621504,0.8841482404235441,0.49756522238254547,-0.00024291110866359045,-8.353984877851328e-05,-0.0006223378845089389,-0.0003110903717530311
ipromoter_mm_notata,random_missing_20pct,deployment_shift,17,53,11,0.9492307072932754,0.9496630562999955,0.7521673715717281,0.8760304868564318,0.8760393159855446,0.867930391547545,0.8841482404235441,0.49756522238254547,-0.004262509293043393,-0.005399004169668431,-0.017314504990592505,-0.008710530409083872
ipromoter_mm_notata,random_missing_20pct,deployment_shift,18,53,11,0.9502990322847251,0.9521681744923988,0.7589225859149198,0.8794524809457147,0.8794558946009667,0.8763206960845246,0.8825910931174089,0.49756522238254547,-0.0031941843015936833,-0.0028938859772651426,-0.010559290647400799,-0.005288536319800974
ipromoter_mm_notata,random_missing_20pct,deployment_shift,19,53,11,0.9518082748104664,0.9531308499126261,0.7623283910280695,0.8811634779903562,0.8811619822243264,0.8825357364822871,0.8797882279663656,0.49756522238254547,-0.0016849417758524332,-0.0019312105570378213,-0.007153485534251103,-0.0035775392751594692
ipromoter_mm_notata,random_missing_20pct,deployment_shift,20,53,11,0.9493286459554139,0.9498804299299627,0.755801024668309,0.8778970290869498,0.8778990860155009,0.8760099440646364,0.8797882279663656,0.49756522238254547,-0.004164570630904918,-0.005181630539701221,-0.01368085189401158,-0.006843988178565907
ipromoter_mm_notata,random_missing_40pct,deployment_shift,1,53,21,0.9441408969594302,0.9464647383612002,0.746399885227922,0.8730751283247783,0.8730888653999546,0.8604723430702299,0.8857053877296792,0.49756522238254547,-0.00935231962688865,-0.008597322108463756,-0.02308199133439859,-0.01166588894073739
ipromoter_mm_notata,random_missing_40pct,deployment_shift,2,53,21,0.9498811477559563,0.9515507094303479,0.7592160283753472,0.8796080261315913,0.8796072059628774,0.8803604723430702,0.8788539395826845,0.49756522238254547,-0.0036120688303624693,-0.003511351039315991,-0.010265848186973403,-0.005132991133924403
ipromoter_mm_notata,random_missing_40pct,deployment_shift,3,53,21,0.9516951421068698,0.9534169903932688,0.7589051858123484,0.8794524809457147,0.8794514912322638,0.8803604723430702,0.8785425101214575,0.49756522238254547,-0.0017980744794490189,-0.0016450700763951387,-0.01057669074997214,-0.005288536319800974
ipromoter_mm_notata,random_missing_40pct,deployment_shift,4,53,21,0.9521741899108082,0.954546695684665,0.7669982816607389,0.8834966557785037,0.8834943159768346,0.8856432566811684,0.8813453752725008,0.49756522238254547,-0.0013190266755106483,-0.0005153647849989174,-0.002483594901581676,-0.0012443614870120134
ipromoter_mm_notata,random_missing_40pct,deployment_shift,5,53,21,0.9464992154261522,0.9477800587101224,0.7511775502701269,0.8755638512988023,0.8755698007490178,0.870105655686762,0.8810339458112737,0.49756522238254547,-0.006994001160166574,-0.007282001759541523,-0.018304326292193696,-0.009177165966713363
ipromoter_mm_notata,random_missing_40pct,deployment_shift,6,53,21,0.9517890161209748,0.9532583225407245,0.7617044787334029,0.8808523876186032,0.8808519076457771,0.8812927284027346,0.8804110868888196,0.49756522238254547,-0.0017042004653440301,-0.0018037379289393973,-0.0077773978289177315,-0.0038886296469125003
ipromoter_mm_notata,random_missing_40pct,deployment_shift,7,53,21,0.9212016686735058,0.9215636335625776,0.6871024237863369,0.8435215430082439,0.843513905644809,0.8505282784338098,0.8364995328558081,0.49756522238254547,-0.03229154791281297,-0.033498426907086265,-0.08237945277598369,-0.04121947425727179
ipromoter_mm_notata,random_missing_40pct,deployment_shift,8,53,21,0.8220896297473395,0.8086744169114062,0.5153539616247408,0.7576606004044175,0.7576535386922556,0.7641392169049099,0.7511678604796014,0.49756522238254547,-0.13140358683897935,-0.14638764355825773,-0.2541279149375798,-0.12708041686109817
ipromoter_mm_notata,random_missing_40pct,deployment_shift,9,53,21,0.9473940670461757,0.949407502368089,0.758473333770956,0.8791413905739618,0.8791532718771454,0.8682411435674332,0.8900654001868576,0.49756522238254547,-0.006099149540143123,-0.005654558101574891,-0.01100854279136454,-0.005599626691553894
ipromoter_mm_notata,random_missing_40pct,deployment_shift,10,53,21,0.9493795508331657,0.9507589825981152,0.7592427227019646,0.8796080261315913,0.8796122867729192,0.8756991920447483,0.8835253815010901,0.49756522238254547,-0.004113665753153084,-0.004303077871548711,-0.01023915386035601,-0.005132991133924403
ipromoter_mm_notata,random_missing_40pct,deployment_shift,11,53,21,0.9525419437804982,0.9542808397305256,0.766992993511909,0.8834966557785037,0.8834963483008513,0.8837787445618397,0.883213952039863,0.49756522238254547,-0.0009512728058206354,-0.000781220739138333,-0.0024888830504116166,-0.0012443614870120134
ipromoter_mm_notata,random_missing_40pct,deployment_shift,12,53,21,0.9448951795016314,0.945849247457103,0.7405585762676309,0.8702753149790013,0.870277532232175,0.8682411435674332,0.8723139208969168,0.49756522238254547,-0.008598037084687427,-0.009212813012560939,-0.028923300294689702,-0.014465702286514337
ipromoter_mm_notata,random_missing_40pct,deployment_shift,13,53,21,0.948025345596699,0.9485336773096759,0.7533580404198061,0.8766526675999378,0.8766587877013041,0.8710379117464263,0.8822796636561818,0.49756522238254547,-0.005467870989619761,-0.006528383159988049,-0.016123836142514447,-0.00808834966557792
ipromoter_mm_notata,random_missing_40pct,deployment_shift,14,53,21,0.9466315584305736,0.9482953760877956,0.7492616587422001,0.8746305801835433,0.8746294153932866,0.8756991920447483,0.873559638741825,0.49756522238254547,-0.006861658155745243,-0.0067666843818683375,-0.020220217820120512,-0.010110437081972345
ipromoter_mm_notata,random_missing_40pct,deployment_shift,15,53,21,0.934559166661989,0.9360113699755137,0.7170613729121068,0.8584538808523876,0.8584421965435395,0.8691733996270976,0.8477109934599814,0.49756522238254547,-0.018934049924329788,-0.019050690494150202,-0.05242050365021378,-0.026287136413128076
ipromoter_mm_notata,random_missing_40pct,deployment_shift,16,53,21,0.9481329619922506,0.9507952330922952,0.7602271887733251,0.8800746616892208,0.8800821407301154,0.8732131758856433,0.8869511055745873,0.49756522238254547,-0.005360254594068192,-0.00426682737736872,-0.00925468778899552,-0.004666355576294912
ipromoter_mm_notata,random_missing_40pct,deployment_shift,17,53,21,0.9452652560273407,0.9477818603662169,0.7473946344543695,0.8736973090682844,0.8736974980542918,0.8735239279055313,0.873871068203052,0.49756522238254547,-0.00822796055897812,-0.007280200103446988,-0.0220872421079511,-0.011043708197231328
ipromoter_mm_notata,random_missing_40pct,deployment_shift,18,53,21,0.9497594018696218,0.9509599453444242,0.7555090215055251,0.8777414839010733,0.8777365968714985,0.882224984462399,0.873248209280598,0.49756522238254547,-0.0037338147166969815,-0.004102115125239725,-0.013972855056795463,-0.006999533364442367
ipromoter_mm_notata,random_missing_40pct,deployment_shift,19,53,21,0.9441595265962501,0.9455350140495709,0.7446264479562114,0.8722974023953959,0.8722920008307367,0.877252952144189,0.8673310495172843,0.49756522238254547,-0.009333689990068672,-0.009527046420093055,-0.02485542860610923,-0.012443614870119801
ipromoter_mm_notata,random_missing_40pct,deployment_shift,20,53,21,0.9475820086290543,0.9485273012798568,0.7554871618397345,0.8777414839010733,0.877743032564218,0.8763206960845246,0.8791653690439115,0.49756522238254547,-0.005911207957264519,-0.00653475918980706,-0.013994714722586066,-0.006999533364442367
ipromoter_mm_notata,score_noise_sd_0.05,deployment_shift,1,53,0,0.9520468309390945,0.9520640416237545,0.764823769099108,0.8824078394773682,0.8824100711139207,0.8803604723430702,0.8844596698847711,0.49756522238254547,-0.0014463856472243242,-0.002998018845909445,-0.004658107463212602,-0.002333177788147456
ipromoter_mm_notata,score_noise_sd_0.05,deployment_shift,2,53,0,0.9518321304233291,0.9529317675172438,0.764815400138469,0.8824078394773682,0.8824077000692345,0.8825357364822871,0.8822796636561818,0.49756522238254547,-0.0016610861629896556,-0.0021302929524200653,-0.00466647642385154,-0.002333177788147456
ipromoter_mm_notata,score_noise_sd_0.05,deployment_shift,3,53,0,0.9518690509762994,0.9533125086025458,0.7660705206049252,0.8830300202208742,0.8830325913157053,0.8806712243629583,0.8853939582684522,0.49756522238254547,-0.0016241656100194346,-0.0017495518671181154,-0.00341135595739539,-0.0017109970446415046
ipromoter_mm_notata,score_noise_sd_0.05,deployment_shift,4,53,0,0.9518763092763592,0.9516481936339838,0.7691813225630997,0.8845854720796391,0.8845822867671125,0.8875077688004972,0.8816568047337278,0.49756522238254547,-0.0016169073099595588,-0.003413866835680124,-0.0003005539992209094,-0.00015554518587657107
ipromoter_mm_notata,score_noise_sd_0.05,deployment_shift,5,53,0,0.9522193849258462,0.9537252542935137,0.7679272165191592,0.8839632913361332,0.8839638312133613,0.8834679925419515,0.8844596698847711,0.49756522238254547,-0.0012738316604725686,-0.0013368061761501737,-0.0015546600431614044,-0.0007777259293825223
ipromoter_mm_notata,score_noise_sd_0.05,deployment_shift,6,53,0,0.9516663992386334,0.9530575117835305,0.7679272165191592,0.8839632913361332,0.8839638312133613,0.8834679925419515,0.8844596698847711,0.49756522238254547,-0.0018268173476854166,-0.0020045486861334227,-0.0015546600431614044,-0.0007777259293825223
ipromoter_mm_notata,score_noise_sd_0.05,deployment_shift,7,53,0,0.9518075973691276,0.9533063628189546,0.7673041169407039,0.8836522009643801,0.8836517243107953,0.8840894965817278,0.883213952039863,0.49756522238254547,-0.0016856192171912365,-0.0017556976507092648,-0.002177759621616704,-0.0010888163011355534
ipromoter_mm_notata,score_noise_sd_0.05,deployment_shift,8,53,0,0.9523648412590422,0.9524025653225766,0.7648171314037916,0.8824078394773682,0.8824063451865567,0.8837787445618397,0.8810339458112737,0.49756522238254547,-0.0011283753272766095,-0.0026594951470872985,-0.004664745158528993,-0.002333177788147456
ipromoter_mm_notata,score_noise_sd_0.05,deployment_shift,9,53,0,0.9513540987813993,0.9514891911976303,0.7679266133960213,0.8839632913361332,0.8839634924926919,0.8837787445618397,0.8841482404235441,0.49756522238254547,-0.002139117804919488,-0.0035728692720335964,-0.001555263166299281,-0.0007777259293825223
ipromoter_mm_notata,score_noise_sd_0.05,deployment_shift,10,53,0,0.9515134910507096,0.9518922305321496,0.7666822510359212,0.8833411105926272,0.8833413110115766,0.8831572405220633,0.8835253815010901,0.49756522238254547,-0.0019797255356092114,-0.003169829937514357,-0.002799625526399341,-0.0013999066728884735
ipromoter_mm_notata,score_noise_sd_0.05,deployment_shift,11,53,0,0.9519815062385574,0.9533149798808493,0.768564932855865,0.8842743817078862,0.8842776317192745,0.8812927284027346,0.8872625350358144,0.49756522238254547,-0.0015117103477614302,-0.0017470805888145646,-0.0009169437064555641,-0.00046663555762949116
ipromoter_mm_notata,score_noise_sd_0.05,deployment_shift,12,53,0,0.9517625475200904,0.9521844955088697,0.7635728478106537,0.8817856587338622,0.8817865347501277,0.8809819763828465,0.8825910931174089,0.49756522238254547,-0.0017306690662284296,-0.0028775649607941656,-0.005909028751666878,-0.002955358531653518
ipromoter_mm_notata,score_noise_sd_0.05,deployment_shift,13,53,0,0.9522023521150396,0.9533826183916001,0.770109308297826,0.8850521076372686,0.8850538343276559,0.8834679925419515,0.8866396761133604,0.49756522238254547,-0.0012908644712792405,-0.0016794420780638086,0.0006274317355053904,0.0003110903717529201
ipromoter_mm_notata,score_noise_sd_0.05,deployment_shift,14,53,0,0.9516060101821369,0.9528933050833206,0.7629518608063249,0.8814745683621092,0.8814757827302395,0.8803604723430702,0.8825910931174089,0.49756522238254547,-0.0018872064041819403,-0.002168755386343313,-0.006530015755995655,-0.003266448903406438
ipromoter_mm_notata,score_noise_sd_0.05,deployment_shift,15,53,0,0.9525663316686988,0.9532813088469714,0.764815707495771,0.8824078394773682,0.882408038789904,0.882224984462399,0.8825910931174089,0.49756522238254547,-0.0009268849176200522,-0.0017807516226925335,-0.004666169066549597,-0.002333177788147456
ipromoter_mm_notata,score_noise_sd_0.05,deployment_shift,16,53,0,0.9525737835234267,0.95395074887673,0.7666836866855832,0.8833411105926272,0.8833396174082294,0.884711000621504,0.8819682341949548,0.49756522238254547,-0.0009194330628921055,-0.0011113115929338724,-0.0027981898767374114,-0.0013999066728884735
ipromoter_mm_notata,score_noise_sd_0.05,deployment_shift,17,53,0,0.9520227333828962,0.9532003623174694,0.7682397028869374,0.8841188365220096,0.8841171748992886,0.8856432566811684,0.8825910931174089,0.49756522238254547,-0.001470483203422579,-0.001861698152194502,-0.0012421736753831514,-0.0006221807435060622
ipromoter_mm_notata,score_noise_sd_0.05,deployment_shift,18,53,0,0.951911536225982,0.9530914969344269,0.7660660518868695,0.8830300202208742,0.8830319138743664,0.8812927284027346,0.8847710993459982,0.49756522238254547,-0.0015816803603367902,-0.0019705635352370576,-0.0034158246754510957,-0.0017109970446415046
ipromoter_mm_notata,score_noise_sd_0.05,deployment_shift,19,53,0,0.9527096105118766,0.9538047922133334,0.7704213348994744,0.8852076528231452,0.8852095490582694,0.8834679925419515,0.8869511055745873,0.49756522238254547,-0.0007836060744421669,-0.001257268256330546,0.000939458337153809,0.00046663555762949116
ipromoter_mm_notata,score_noise_sd_0.05,deployment_shift,20,53,0,0.9518946969698435,0.9533852784795269,0.7688619508104038,0.8844299268937627,0.8844309754052019,0.8834679925419515,0.8853939582684522,0.49756522238254547,-0.0015985196164752802,-0.0016767819901369885,-0.0006199257519168277,-0.0003110903717530311
ipromoter_mm_notata,refit_without_group:engineered_descriptors,source_ablation,0,53,22,0.9514856675671475,0.9524946180801933,0.7649626341661985,0.8824078394773682,0.8824182004099874,0.8729024238657551,0.8919339769542198,0.5097432684898379,-0.0020075490191713286,-0.0025674423894705978,-0.004519242396122114,-0.002333177788147456
ipromoter_mm_notata,refit_without_group:foundation_evidence,source_ablation,0,53,23,0.9467373360567766,0.9480511996630542,0.7470344315883196,0.8733862186965313,0.8734002948611816,0.8604723430702299,0.8863282466521333,0.5390596485137942,-0.006755880529542235,-0.007010860806609731,-0.022447444974000974,-0.011354798568984359
ipromoter_mm_notata,refit_without_group:sequence_grammar,source_ablation,0,53,5,0.9436633975928381,0.945213346626902,0.748040253269898,0.8738528542541608,0.8738687939356999,0.8592293349906774,0.8885082528807225,0.512659319639206,-0.009829818993480677,-0.00984871384276187,-0.021441623292422607,-0.010888163011354868
ipromoter_mm_notata,refit_without_group:derived_evidence,source_ablation,0,53,3,0.9527352081167537,0.9543593154260082,0.7674594550293865,0.8834966557785037,0.8835153166583406,0.8663766314481044,0.9006540018685768,0.5406061124801642,-0.0007580084695650857,-0.0007027450436557503,-0.0020224215329340822,-0.0012443614870120134
ipromoter_mm_tata,complete_sources,deployment_shift,0,53,0,0.9909674329501915,0.9915540887588337,0.8993217897508938,0.949671772428884,0.9496264367816092,0.9525862068965517,0.9466666666666667,0.45880989670753486,0.0,0.0,0.0,0.0
ipromoter_mm_tata,missing_group:engineered_descriptors,deployment_shift,0,53,22,0.9906082375478926,0.9912637028601688,0.8993199233716475,0.949671772428884,0.9496599616858238,0.9504310344827587,0.9488888888888889,0.45880989670753486,-0.00035919540229889524,-0.00029038589866481335,-1.8663792463735618e-06,0.0
ipromoter_mm_tata,missing_group:foundation_evidence,deployment_shift,0,53,23,0.9910488505747126,0.9914074882733505,0.8971677218160659,0.9485776805251641,0.9484818007662835,0.9547413793103449,0.9422222222222222,0.45880989670753486,8.141762452107404e-05,-0.00014660048548320592,-0.0021540679348279745,-0.001094091903719896
ipromoter_mm_tata,missing_group:sequence_grammar,deployment_shift,0,53,5,0.9828639846743294,0.9849150316008602,0.8626314511209036,0.9310722100656456,0.9307710727969349,0.9504310344827587,0.9111111111111111,0.45880989670753486,-0.008103448275862069,-0.006639057157973416,-0.03669033862999027,-0.018599562363238453
ipromoter_mm_tata,missing_group:derived_evidence,deployment_shift,0,53,3,0.9883477011494253,0.9890999351950998,0.8736579849903695,0.936542669584245,0.9362260536398468,0.9568965517241379,0.9155555555555556,0.45880989670753486,-0.002619731800766245,-0.0024541535637339074,-0.025663804760524322,-0.013129102844638973
ipromoter_mm_tata,missing_strongest_source,deployment_shift,0,53,1,0.9884243295019157,0.9891387751308136,0.8715394302534799,0.9354485776805251,0.9351149425287356,0.9568965517241379,0.9133333333333333,0.45880989670753486,-0.0025431034482757964,-0.002415313628020055,-0.027782359497413922,-0.01422319474835887
ipromoter_mm_tata,conflicting_strongest_source,deployment_shift,0,53,1,0.7085105363984674,0.6406395962195377,0.32206491013415567,0.6608315098468271,0.6610201149425288,0.6487068965517241,0.6733333333333333,0.45880989670753486,-0.2824568965517241,-0.35091449253929596,-0.5772568796167381,-0.28884026258205686
ipromoter_mm_tata,random_missing_20pct,deployment_shift,1,53,11,0.9907327586206898,0.9913438214953206,0.8993199233716475,0.949671772428884,0.9496599616858238,0.9504310344827587,0.9488888888888889,0.45880989670753486,-0.0002346743295017495,-0.00021026726351303093,-1.8663792463735618e-06,0.0
ipromoter_mm_tata,random_missing_20pct,deployment_shift,2,53,11,0.9910392720306513,0.9916135962992532,0.9036973180076628,0.9518599562363238,0.9518486590038314,0.9525862068965517,0.9511111111111111,0.45880989670753486,7.183908045982346e-05,5.9507540419501126e-05,0.004375528256769012,0.002188183807439792
ipromoter_mm_tata,random_missing_20pct,deployment_shift,3,53,11,0.9870641762452108,0.9877118111631861,0.8715394302534799,0.9354485776805251,0.9351149425287356,0.9568965517241379,0.9133333333333333,0.45880989670753486,-0.0039032567049807065,-0.003842277595647592,-0.027782359497413922,-0.01422319474835887
ipromoter_mm_tata,random_missing_20pct,deployment_shift,4,53,11,0.989272030651341,0.9899534104086487,0.87592341210997,0.937636761487965,0.9373036398467434,0.959051724137931,0.9155555555555556,0.45880989670753486,-0.001695402298850568,-0.0016006783501849586,-0.023398377640923784,-0.012035010940918967
ipromoter_mm_tata,random_missing_20pct,deployment_shift,5,53,11,0.9888936781609194,0.9896118711701852,0.87592341210997,0.937636761487965,0.9373036398467434,0.959051724137931,0.9155555555555556,0.45880989670753486,-0.0020737547892720753,-0.0019422175886484316,-0.023398377640923784,-0.012035010940918967
ipromoter_mm_tata,random_missing_20pct,deployment_shift,6,53,11,0.986125478927203,0.9874666156604969,0.8818626406268539,0.9409190371991247,0.9408045977011494,0.9482758620689655,0.9333333333333333,0.45880989670753486,-0.004841954022988482,-0.004087473098336791,-0.017459149124039897,-0.008752735229759279
ipromoter_mm_tata,random_missing_20pct,deployment_shift,7,53,11,0.9318726053639848,0.9352080010139352,0.5952985083126993,0.7724288840262582,0.7692241379310345,0.978448275862069,0.56,0.45880989670753486,-0.059094827586206766,-0.056346087744898465,-0.30402328143819457,-0.1772428884026258
ipromoter_mm_tata,random_missing_20pct,deployment_shift,8,53,11,0.9850622605363984,0.9861265867545703,0.8629281881298223,0.9310722100656456,0.9307040229885057,0.9547413793103449,0.9066666666666666,0.45880989670753486,-0.0059051724137930695,-0.00542750200426334,-0.036393601621071525,-0.018599562363238453
ipromoter_mm_tata,random_missing_20pct,deployment_shift,9,53,11,0.9904406130268198,0.9908832332243734,0.9060335139930221,0.9529540481400438,0.9527921455938697,0.9633620689655172,0.9422222222222222,0.45880989670753486,-0.0005268199233716686,-0.0006708555344602241,0.006711724242128292,0.003282275711159799
ipromoter_mm_tata,random_missing_20pct,deployment_shift,10,53,11,0.990919540229885,0.9915404296668063,0.9080747126436781,0.9540481400437637,0.9540373563218392,0.9547413793103449,0.9533333333333334,0.45880989670753486,-4.7892720306474956e-05,-1.36590920273294e-05,0.008752922892784287,0.004376367614879695
ipromoter_mm_tata,random_missing_20pct,deployment_shift,11,53,11,0.9906992337164751,0.9913888069177188,0.9015074781011573,0.9507658643326039,0.9507375478927202,0.9525862068965517,0.9488888888888889,0.45880989670753486,-0.0002681992337164596,-0.00016528184111486155,0.0021856883502634483,0.001094091903719896
ipromoter_mm_tata,random_missing_20pct,deployment_shift,12,53,11,0.9908764367816092,0.9914795491354014,0.9058913400284436,0.9529540481400438,0.9529597701149426,0.9525862068965517,0.9533333333333334,0.45880989670753486,-9.099616858232462e-05,-7.453962343229037e-05,0.006569550277549796,0.003282275711159799
ipromoter_mm_tata,random_missing_20pct,deployment_shift,13,53,11,0.9908429118773945,0.9913826724505519,0.8972124364218562,0.9485776805251641,0.9484482758620689,0.9568965517241379,0.94,0.45880989670753486,-0.00012452107279703473,-0.0001714163082817688,-0.002109353329037611,-0.001094091903719896
ipromoter_mm_tata,random_missing_20pct,deployment_shift,14,53,11,0.9913409961685824,0.9918816010886385,0.9036973180076628,0.9518599562363238,0.9518486590038314,0.9525862068965517,0.9511111111111111,0.45880989670753486,0.00037356321839088213,0.0003275123298048799,0.004375528256769012,0.002188183807439792
ipromoter_mm_tata,random_missing_20pct,deployment_shift,15,53,11,0.9907231800766283,0.9913158646872184,0.8993772528287867,0.949671772428884,0.94955938697318,0.9568965517241379,0.9422222222222222,0.45880989670753486,-0.0002442528735632221,-0.00023822407161522285,5.5463077892836665e-05,0.0
ipromoter_mm_tata,random_missing_20pct,deployment_shift,16,53,11,0.9874808429118773,0.9882604265747278,0.8694245469957698,0.9343544857768052,0.9340038314176244,0.9568965517241379,0.9111111111111111,0.45880989670753486,-0.0034865900383141968,-0.003293662184105872,-0.029897242755124065,-0.015317286652078765
ipromoter_mm_tata,random_missing_20pct,deployment_shift,17,53,11,0.9906465517241378,0.9912125759416395,0.8993772528287867,0.949671772428884,0.94955938697318,0.9568965517241379,0.9422222222222222,0.45880989670753486,-0.00032088122605367086,-0.00034151281719418947,5.5463077892836665e-05,0.0
ipromoter_mm_tata,random_missing_20pct,deployment_shift,18,53,11,0.9877394636015325,0.9883184535880033,0.873977125282598,0.936542669584245,0.9361590038314176,0.9612068965517241,0.9111111111111111,0.45880989670753486,-0.0032279693486589878,-0.0032356351708303643,-0.025344664468295863,-0.013129102844638973
ipromoter_mm_tata,random_missing_20pct,deployment_shift,19,53,11,0.9907614942528734,0.9911521618228462,0.9060335139930221,0.9529540481400438,0.9527921455938697,0.9633620689655172,0.9422222222222222,0.45880989670753486,-0.00020593869731810877,-0.0004019269359875066,0.006711724242128292,0.003282275711159799
ipromoter_mm_tata,random_missing_20pct,deployment_shift,20,53,11,0.9889367816091954,0.9896674841042357,0.8695914049987049,0.9343544857768052,0.93397030651341,0.959051724137931,0.9088888888888889,0.45880989670753486,-0.0020306513409961147,-0.0018866046545980009,-0.02973038475218892,-0.015317286652078765
ipromoter_mm_tata,random_missing_40pct,deployment_shift,1,53,21,0.983955938697318,0.9836369720496286,0.8576903682204617,0.9266958424507659,0.9258908045977011,0.978448275862069,0.8733333333333333,0.45880989670753486,-0.007011494252873507,-0.00791711670920503,-0.04163142153043209,-0.022975929978118148
ipromoter_mm_tata,random_missing_40pct,deployment_shift,2,53,21,0.9853544061302681,0.9868459098905162,0.8796966910485046,0.9398249452954048,0.9396934865900384,0.9482758620689655,0.9311111111111111,0.45880989670753486,-0.005613026819923372,-0.004708178868317425,-0.019625098702389265,-0.009846827133479175
ipromoter_mm_tata,random_missing_40pct,deployment_shift,3,53,21,0.9454166666666665,0.9459379830632697,0.399064110558332,0.6444201312910285,0.638955938697318,0.9956896551724138,0.2822222222222222,0.45880989670753486,-0.04555076628352506,-0.04561610569556396,-0.5002576791925618,-0.3052516411378555
ipromoter_mm_tata,random_missing_40pct,deployment_shift,4,53,21,0.9850526819923371,0.9867539153587613,0.8820673081501189,0.9409190371991247,0.9407040229885058,0.9547413793103449,0.9266666666666666,0.45880989670753486,-0.005914750957854431,-0.004800173400072327,-0.017254481600774918,-0.008752735229759279
ipromoter_mm_tata,random_missing_40pct,deployment_shift,5,53,21,0.9911733716475095,0.9916951901675142,0.9080971950083284,0.9540481400437637,0.95397030651341,0.959051724137931,0.9488888888888889,0.45880989670753486,0.00020593869731799774,0.0001411014086805107,0.008775405257434588,0.004376367614879695
ipromoter_mm_tata,random_missing_40pct,deployment_shift,6,53,21,0.9854980842911877,0.987096750277809,0.8819139118074758,0.9409190371991247,0.940771072796935,0.9504310344827587,0.9311111111111111,0.45880989670753486,-0.0054693486590038365,-0.004457338481024697,-0.017407877943418026,-0.008752735229759279
ipromoter_mm_tata,random_missing_40pct,deployment_shift,7,53,21,0.9886829501915708,0.9892575328671818,0.8785491226762235,0.9387308533916849,0.9383141762452107,0.9655172413793104,0.9111111111111111,0.45880989670753486,-0.0022844827586206984,-0.002296555891651897,-0.020772667074670292,-0.01094091903719907
ipromoter_mm_tata,random_missing_40pct,deployment_shift,8,53,21,0.9908141762452107,0.9914140672983178,0.9058960812300065,0.9529540481400438,0.9528927203065134,0.9568965517241379,0.9488888888888889,0.45880989670753486,-0.00015325670498078647,-0.00014002146051583786,0.006574291479112704,0.003282275711159799
ipromoter_mm_tata,random_missing_40pct,deployment_shift,9,53,21,0.9908860153256706,0.9914397536119817,0.9036995198580087,0.9518599562363238,0.9518151340996168,0.9547413793103449,0.9488888888888889,0.45880989670753486,-8.141762452096302e-05,-0.00011433514685199597,0.004377730107114841,0.002188183807439792
ipromoter_mm_tata,random_missing_40pct,deployment_shift,10,53,21,0.9654741379310345,0.971535252395816,0.4825118908813719,0.6980306345733042,0.6935009578544061,0.9892241379310345,0.3977777777777778,0.45880989670753486,-0.02549329501915698,-0.02001883636301771,-0.4168098988695219,-0.25164113785557984
ipromoter_mm_tata,random_missing_40pct,deployment_shift,11,53,21,0.9857758620689655,0.98592960765408,0.8533702882334584,0.925601750547046,0.925014367816092,0.9633620689655172,0.8866666666666667,0.45880989670753486,-0.005191570881226015,-0.005624481104753665,-0.045951501517435434,-0.024070021881838044
ipromoter_mm_tata,random_missing_40pct,deployment_shift,12,53,21,0.9907567049808429,0.9914084607494618,0.9015074781011573,0.9507658643326039,0.9507375478927202,0.9525862068965517,0.9488888888888889,0.45880989670753486,-0.00021072796934862303,-0.0001456280093719009,0.0021856883502634483,0.001094091903719896
ipromoter_mm_tata,random_missing_40pct,deployment_shift,13,53,21,0.9803879310344827,0.9820930981627433,0.8543289661190913,0.9266958424507659,0.9262931034482759,0.9525862068965517,0.9,0.45880989670753486,-0.010579501915708778,-0.009460990596090402,-0.04499282363180257,-0.022975929978118148
ipromoter_mm_tata,random_missing_40pct,deployment_shift,14,53,21,0.9908141762452107,0.9913491449147082,0.8972124364218562,0.9485776805251641,0.9484482758620689,0.9568965517241379,0.94,0.45880989670753486,-0.00015325670498078647,-0.0002049438441255047,-0.002109353329037611,-0.001094091903719896
ipromoter_mm_tata,random_missing_40pct,deployment_shift,15,53,21,0.990397509578544,0.9906737747944181,0.9015913727651942,0.9507658643326039,0.9506369731800766,0.959051724137931,0.9422222222222222,0.45880989670753486,-0.0005699233716475183,-0.0008803139644155689,0.002269583014300358,0.001094091903719896
ipromoter_mm_tata,random_missing_40pct,deployment_shift,16,53,21,0.9888840996168582,0.9895378998081702,0.8850333629578169,0.9420131291028446,0.9416139846743294,0.9676724137931034,0.9155555555555556,0.45880989670753486,-0.002083333333333326,-0.0020161889506634667,-0.014288426793076958,-0.007658643326039383
ipromoter_mm_tata,random_missing_40pct,deployment_shift,17,53,21,0.9902729885057471,0.9909328151160128,0.8993772528287867,0.949671772428884,0.94955938697318,0.9568965517241379,0.9422222222222222,0.45880989670753486,-0.000694444444444442,-0.0006212736428208299,5.5463077892836665e-05,0.0
ipromoter_mm_tata,random_missing_40pct,deployment_shift,18,53,21,0.9906944444444445,0.9913573236445132,0.8993217897508938,0.949671772428884,0.9496264367816092,0.9525862068965517,0.9466666666666667,0.45880989670753486,-0.00027298850574697386,-0.00019676511432042965,0.0,0.0
ipromoter_mm_tata,random_missing_40pct,deployment_shift,19,53,21,0.9858141762452107,0.9873072418601118,0.8819821278065374,0.9409190371991247,0.9407375478927202,0.9525862068965517,0.9288888888888889,0.45880989670753486,-0.005153256704980791,-0.004246846898721901,-0.017339661944356433,-0.008752735229759279
ipromoter_mm_tata,random_missing_40pct,deployment_shift,20,53,21,0.9466044061302682,0.9532975537249349,0.33351914013294176,0.6050328227571116,0.5988888888888889,1.0,0.19777777777777777,0.45880989670753486,-0.044363026819923324,-0.03825653503389881,-0.565802649617952,-0.34463894967177244
ipromoter_mm_tata,score_noise_sd_0.05,deployment_shift,1,53,0,0.9897796934865901,0.9883337793110254,0.8993408958993854,0.949671772428884,0.9495929118773947,0.9547413793103449,0.9444444444444444,0.45880989670753486,-0.0011877394636014005,-0.0032203094478082672,1.910614849154335e-05,0.0
ipromoter_mm_tata,score_noise_sd_0.05,deployment_shift,2,53,0,0.9903591954022988,0.9908134406553626,0.890566329536664,0.9452954048140044,0.9452490421455939,0.9482758620689655,0.9422222222222222,0.45880989670753486,-0.0006082375478927426,-0.0007406481034710755,-0.008755460214229793,-0.004376367614879584
ipromoter_mm_tata,score_noise_sd_0.05,deployment_shift,3,53,0,0.991331417624521,0.9921653185130652,0.8949627463449138,0.9474835886214442,0.947404214559387,0.9525862068965517,0.9422222222222222,0.45880989670753486,0.00036398467432952053,0.000611229754231557,-0.004359043405980034,-0.002188183807439792
ipromoter_mm_tata,score_noise_sd_0.05,deployment_shift,4,53,0,0.9907662835249041,0.9916433404616729,0.8993217897508938,0.949671772428884,0.9496264367816092,0.9525862068965517,0.9466666666666667,0.45880989670753486,-0.00020114942528737245,8.925170283924366e-05,0.0,0.0
ipromoter_mm_tata,score_noise_sd_0.05,deployment_shift,5,53,0,0.9894396551724137,0.9894876824231517,0.8972124364218562,0.9485776805251641,0.9484482758620689,0.9568965517241379,0.94,0.45880989670753486,-0.0015277777777777946,-0.002066406335682003,-0.002109353329037611,-0.001094091903719896
ipromoter_mm_tata,score_noise_sd_0.05,deployment_shift,6,53,0,0.9905699233716475,0.9905687976556025,0.9037559058792698,0.9518599562363238,0.9517480842911877,0.959051724137931,0.9444444444444444,0.45880989670753486,-0.0003975095785440086,-0.0009852911032312006,0.0044341161283759645,0.002188183807439792
ipromoter_mm_tata,score_noise_sd_0.05,deployment_shift,7,53,0,0.9894300766283524,0.9890826542035388,0.897129926222667,0.9485776805251641,0.9485488505747126,0.9504310344827587,0.9466666666666667,0.45880989670753486,-0.0015373563218391562,-0.0024714345552948602,-0.0021918635282268673,-0.001094091903719896
ipromoter_mm_tata,score_noise_sd_0.05,deployment_shift,8,53,0,0.989822796934866,0.9904828161399742,0.8993408958993854,0.949671772428884,0.9495929118773947,0.9547413793103449,0.9444444444444444,0.45880989670753486,-0.0011446360153255508,-0.0010712726188594202,1.910614849154335e-05,0.0
ipromoter_mm_tata,score_noise_sd_0.05,deployment_shift,9,53,0,0.9900191570881227,0.9904364425762133,0.8971402225708527,0.9485776805251641,0.9485153256704981,0.9525862068965517,0.9444444444444444,0.45880989670753486,-0.0009482758620688037,-0.0011176461826203354,-0.002181567180041144,-0.001094091903719896
ipromoter_mm_tata,score_noise_sd_0.05,deployment_shift,10,53,0,0.9906944444444444,0.9914334654828059,0.9036995198580087,0.9518599562363238,0.9518151340996168,0.9547413793103449,0.9488888888888889,0.45880989670753486,-0.0002729885057470849,-0.0001206232760277981,0.004377730107114841,0.002188183807439792
ipromoter_mm_tata,score_noise_sd_0.05,deployment_shift,11,53,0,0.9898706896551723,0.990051818978821,0.9080971950083284,0.9540481400437637,0.95397030651341,0.959051724137931,0.9488888888888889,0.45880989670753486,-0.0010967432950191869,-0.001502269780012666,0.008775405257434588,0.004376367614879695
ipromoter_mm_tata,score_noise_sd_0.05,deployment_shift,12,53,0,0.990330459770115,0.9900622301474596,0.9037190454538568,0.9518599562363238,0.9517816091954023,0.9568965517241379,0.9466666666666667,0.45880989670753486,-0.0006369731800764944,-0.0014918586113740195,0.00439725570296301,0.002188183807439792
ipromoter_mm_tata,score_noise_sd_0.05,deployment_shift,13,53,0,0.9904645593869732,0.9905493381005143,0.8971677218160659,0.9485776805251641,0.9484818007662835,0.9547413793103449,0.9422222222222222,0.45880989670753486,-0.0005028735632183201,-0.0010047506583193977,-0.0021540679348279745,-0.001094091903719896
ipromoter_mm_tata,score_noise_sd_0.05,deployment_shift,14,53,0,0.9912739463601532,0.9920342355477854,0.8949985997783034,0.9474835886214442,0.9473706896551723,0.9547413793103449,0.94,0.45880989670753486,0.00030651340996168397,0.0004801467889516964,-0.004323189972590402,-0.002188183807439792
ipromoter_mm_tata,score_noise_sd_0.05,deployment_shift,15,53,0,0.9898659003831418,0.9899619252296454,0.8949627463449138,0.9474835886214442,0.947404214559387,0.9525862068965517,0.9422222222222222,0.45880989670753486,-0.0011015325670497012,-0.0015921635291882286,-0.004359043405980034,-0.002188183807439792
ipromoter_mm_tata,score_noise_sd_0.05,deployment_shift,16,53,0,0.9909482758620689,0.991733717738783,0.8971402225708527,0.9485776805251641,0.9485153256704981,0.9525862068965517,0.9444444444444444,0.45880989670753486,-1.9157088122612187e-05,0.00017962897994938665,-0.002181567180041144,-0.001094091903719896
ipromoter_mm_tata,score_noise_sd_0.05,deployment_shift,17,53,0,0.9897557471264368,0.9901954809603077,0.8993772528287867,0.949671772428884,0.94955938697318,0.9568965517241379,0.9422222222222222,0.45880989670753486,-0.001211685823754749,-0.0013586077985259237,5.5463077892836665e-05,0.0
ipromoter_mm_tata,score_noise_sd_0.05,deployment_shift,18,53,0,0.9906752873563218,0.991365580864961,0.9015181519004296,0.9507658643326039,0.9507040229885058,0.9547413793103449,0.9466666666666667,0.45880989670753486,-0.0002921455938696971,-0.0001885078938727025,0.00219636214953578,0.001094091903719896
ipromoter_mm_tata,score_noise_sd_0.05,deployment_shift,19,53,0,0.9899329501915709,0.9901468475050104,0.894944059643779,0.9474835886214442,0.9474377394636015,0.9504310344827587,0.9444444444444444,0.45880989670753486,-0.001034482758620614,-0.0014072412538232992,-0.004377730107114841,-0.002188183807439792
ipromoter_mm_tata,score_noise_sd_0.05,deployment_shift,20,53,0,0.9895162835249042,0.9889374382100922,0.9015181519004296,0.9507658643326039,0.9507040229885058,0.9547413793103449,0.9466666666666667,0.45880989670753486,-0.0014511494252873458,-0.002616650548741495,0.00219636214953578,0.001094091903719896
ipromoter_mm_tata,refit_without_group:engineered_descriptors,source_ablation,0,53,22,0.9906800766283526,0.9913082405637477,0.9060143867320857,0.9529540481400438,0.9530603448275862,0.9461206896551724,0.96,0.532920628786087,-0.00028735632183896076,-0.00024584819508599587,0.006692596981191845,0.003282275711159799
ipromoter_mm_tata,refit_without_group:foundation_evidence,source_ablation,0,53,23,0.9910392720306513,0.9914194207986482,0.8972124364218562,0.9485776805251641,0.9484482758620689,0.9568965517241379,0.94,0.4186750902235508,7.183908045982346e-05,-0.0001346679601854639,-0.002109353329037611,-0.001094091903719896
ipromoter_mm_tata,refit_without_group:sequence_grammar,source_ablation,0,53,5,0.9825526819923371,0.9845260282482369,0.8629453762875481,0.9310722100656456,0.931374521072797,0.9116379310344828,0.9511111111111111,0.5786283504962921,-0.008414750957854378,-0.00702806051059679,-0.03637641346334575,-0.018599562363238453
ipromoter_mm_tata,refit_without_group:derived_evidence,source_ablation,0,53,3,0.99,0.9908758403300459,0.8928252515042276,0.9463894967177243,0.9464607279693487,0.9418103448275862,0.9511111111111111,0.5257727321982387,-0.0009674329501915269,-0.00067824842878772,-0.006496538246666184,-0.003282275711159688
snnrice6ma_rice_chen,complete_sources,deployment_shift,0,53,0,0.8846548188653452,0.8927166645567698,0.5398991206424848,0.7622641509433963,0.7627022100706311,0.8787878787878788,0.6466165413533834,0.3509066104888916,0.0,0.0,0.0,0.0
snnrice6ma_rice_chen,missing_group:engineered_descriptors,deployment_shift,0,53,22,0.8767942583732058,0.888518728098961,0.5310228199428088,0.7547169811320755,0.7552403736614263,0.8939393939393939,0.6165413533834586,0.3509066104888916,-0.007860560492139457,-0.004197936457808749,-0.008876300699676043,-0.007547169811320753
snnrice6ma_rice_chen,missing_group:foundation_evidence,deployment_shift,0,53,23,0.8832308042834358,0.8902986489662968,0.5509327802303745,0.7660377358490567,0.7665185691501482,0.8939393939393939,0.6390977443609023,0.3509066104888916,-0.0014240145819094385,-0.002418015590472944,0.01103365958788971,0.0037735849056603765
snnrice6ma_rice_chen,missing_group:sequence_grammar,deployment_shift,0,53,5,0.8837434495329233,0.888689836944187,0.526445298453951,0.7547169811320755,0.7551834130781498,0.8787878787878788,0.631578947368421,0.3509066104888916,-0.000911369332421974,-0.004026827612582773,-0.013453822188533748,-0.007547169811320753
snnrice6ma_rice_chen,missing_group:derived_evidence,deployment_shift,0,53,3,0.8734335839598998,0.8841551258491718,0.5299293278791285,0.7433962264150943,0.7441330599225336,0.9393939393939394,0.5488721804511278,0.3509066104888916,-0.011221234905445465,-0.008561538707598015,-0.0099697927633563,-0.018867924528301994
snnrice6ma_rice_chen,missing_strongest_source,deployment_shift,0,53,1,0.8831168831168831,0.8915364362429059,0.5177792418306123,0.7471698113207547,0.7477215766689451,0.8939393939393939,0.6015037593984962,0.3509066104888916,-0.0015379357484621714,-0.0011802283138638847,-0.022119878811872495,-0.015094339622641617
snnrice6ma_rice_chen,conflicting_strongest_source,deployment_shift,0,53,1,0.8807814992025518,0.889617757430264,0.5100401919366241,0.7358490566037735,0.736557302346776,0.9242424242424242,0.5488721804511278,0.3509066104888916,-0.003873319662793473,-0.0030989071265058454,-0.02985892870586071,-0.026415094339622747
snnrice6ma_rice_chen,random_missing_20pct,deployment_shift,1,53,11,0.885850991114149,0.893629636408334,0.5398991206424848,0.7622641509433963,0.7627022100706311,0.8787878787878788,0.6466165413533834,0.3509066104888916,0.0011961722488037507,0.0009129718515642482,0.0,0.0
snnrice6ma_rice_chen,random_missing_20pct,deployment_shift,2,53,11,0.8871041239462292,0.8972265685953417,0.5111632070429971,0.7433962264150943,0.7439621781727045,0.8939393939393939,0.5939849624060151,0.3509066104888916,0.0024493050808839234,0.004509904038571877,-0.028735913599487684,-0.018867924528301994
snnrice6ma_rice_chen,random_missing_20pct,deployment_shift,3,53,11,0.8758259284575075,0.8869443488639279,0.5172657033578296,0.7358490566037735,0.7366142629300525,0.9393939393939394,0.5338345864661654,0.3509066104888916,-0.008828890407837742,-0.005772315692841867,-0.022633417284655177,-0.026415094339622747
snnrice6ma_rice_chen,random_missing_20pct,deployment_shift,4,53,11,0.8856231487810434,0.8949724497560052,0.5138314239416348,0.7433962264150943,0.7439906584643426,0.9015151515151515,0.5864661654135338,0.3509066104888916,0.000968329915698174,0.002255785199235416,-0.026067696700849963,-0.018867924528301994
snnrice6ma_rice_chen,random_missing_20pct,deployment_shift,5,53,11,0.8830599225336067,0.8901641999106167,0.5331679438669825,0.7584905660377359,0.7589428115743906,0.8787878787878788,0.6390977443609023,0.3509066104888916,-0.0015948963317385934,-0.0025524646461531075,-0.006731176775502279,-0.0037735849056603765
snnrice6ma_rice_chen,random_missing_20pct,deployment_shift,6,53,11,0.8833447254499887,0.8902836342745475,0.5331679438669825,0.7584905660377359,0.7589428115743906,0.8787878787878788,0.6390977443609023,0.3509066104888916,-0.0013100934153565946,-0.0024330302822223038,-0.006731176775502279,-0.0037735849056603765
snnrice6ma_rice_chen,random_missing_20pct,deployment_shift,7,53,11,0.8830029619503303,0.8882903085186449,0.5391346302184047,0.7547169811320755,0.7553258145363408,0.9166666666666666,0.5939849624060151,0.3509066104888916,-0.0016518569150149043,-0.004426356038124912,-0.0007644904240801109,-0.007547169811320753
snnrice6ma_rice_chen,random_missing_20pct,deployment_shift,8,53,11,0.8850535429482796,0.8925271360740096,0.5398991206424848,0.7622641509433963,0.7627022100706311,0.8787878787878788,0.6466165413533834,0.3509066104888916,0.00039872408293439854,-0.00018952848276021506,0.0,0.0
snnrice6ma_rice_chen,random_missing_20pct,deployment_shift,9,53,11,0.8830029619503303,0.8904972206218511,0.526445298453951,0.7547169811320755,0.7551834130781498,0.8787878787878788,0.631578947368421,0.3509066104888916,-0.0016518569150149043,-0.0022194439349186856,-0.013453822188533748,-0.007547169811320753
snnrice6ma_rice_chen,random_missing_20pct,deployment_shift,10,53,11,0.8848257006151743,0.8922893080862807,0.5487079246330132,0.7660377358490567,0.7664900888585099,0.8863636363636364,0.6466165413533834,0.3509066104888916,0.0001708817498290438,-0.000427356470489082,0.008808803990528413,0.0037735849056603765
snnrice6ma_rice_chen,random_missing_20pct,deployment_shift,11,53,11,0.8853953064479381,0.8946689104710109,0.5398991206424848,0.7622641509433963,0.7627022100706311,0.8787878787878788,0.6466165413533834,0.3509066104888916,0.0007404875825928192,0.0019522459142411464,0.0,0.0
snnrice6ma_rice_chen,random_missing_20pct,deployment_shift,12,53,11,0.8842560947824105,0.8911029072037449,0.5398991206424848,0.7622641509433963,0.7627022100706311,0.8787878787878788,0.6466165413533834,0.3509066104888916,-0.0003987240829347316,-0.001613757353024936,0.0,0.0
snnrice6ma_rice_chen,random_missing_20pct,deployment_shift,13,53,11,0.8857370699475963,0.8947218292641361,0.5353314565756353,0.7584905660377359,0.7589712918660287,0.8863636363636364,0.631578947368421,0.3509066104888916,0.0010822510822510178,0.002005164707366336,-0.004567664066849497,-0.0037735849056603765
snnrice6ma_rice_chen,random_missing_20pct,deployment_shift,14,53,11,0.8835725677830941,0.8888812027176849,0.5204027459883194,0.7471698113207547,0.7477500569605833,0.9015151515151515,0.5939849624060151,0.3509066104888916,-0.0010822510822511289,-0.003835461839084897,-0.019496374654165427,-0.015094339622641617
snnrice6ma_rice_chen,random_missing_20pct,deployment_shift,15,53,11,0.8816928685349739,0.8974752208273411,0.5149244495848733,0.7320754716981132,0.73288334472545,0.946969696969697,0.518796992481203,0.3509066104888916,-0.002961950330371388,0.0047585562705713125,-0.02497467105761153,-0.030188679245283123
snnrice6ma_rice_chen,random_missing_20pct,deployment_shift,16,53,11,0.885850991114149,0.8945172666223656,0.5331679438669825,0.7584905660377359,0.7589428115743906,0.8787878787878788,0.6390977443609023,0.3509066104888916,0.0011961722488037507,0.0018006020655958466,-0.006731176775502279,-0.0037735849056603765
snnrice6ma_rice_chen,random_missing_20pct,deployment_shift,17,53,11,0.8859079516974253,0.8925708102449433,0.5391346302184047,0.7547169811320755,0.7553258145363408,0.9166666666666666,0.5939849624060151,0.3509066104888916,0.0012531328320800617,-0.00014585431182645436,-0.0007644904240801109,-0.007547169811320753
snnrice6ma_rice_chen,random_missing_20pct,deployment_shift,18,53,11,0.8763955342902711,0.8824686005950612,0.526172823530467,0.7471698113207547,0.7478070175438596,0.9166666666666666,0.5789473684210527,0.3509066104888916,-0.008259284575074188,-0.010248063961708631,-0.013726297112017782,-0.015094339622641617
snnrice6ma_rice_chen,random_missing_20pct,deployment_shift,19,53,11,0.8820346320346321,0.8906759616687969,0.48869640556139565,0.7320754716981132,0.7326555023923444,0.8863636363636364,0.5789473684210527,0.3509066104888916,-0.0026201868307131893,-0.0020407028879728673,-0.051202715081089145,-0.030188679245283123
snnrice6ma_rice_chen,random_missing_20pct,deployment_shift,20,53,11,0.8859649122807017,0.8979761286428916,0.5286550897293025,0.7547169811320755,0.7552118933697881,0.8863636363636364,0.6240601503759399,0.3509066104888916,0.0013100934153564836,0.005259464086121768,-0.011244030913182268,-0.007547169811320753
snnrice6ma_rice_chen,random_missing_40pct,deployment_shift,1,53,21,0.8822624743677375,0.8877691797070204,0.526172823530467,0.7471698113207547,0.7478070175438596,0.9166666666666666,0.5789473684210527,0.3509066104888916,-0.0023923444976077235,-0.004947484849749384,-0.013726297112017782,-0.015094339622641617
snnrice6ma_rice_chen,random_missing_40pct,deployment_shift,2,53,21,0.8691615402141717,0.8812414004861061,0.49436816200330425,0.7245283018867924,0.7253075871496923,0.9318181818181818,0.518796992481203,0.3509066104888916,-0.015493278651173559,-0.011475264070663682,-0.04553095863918055,-0.037735849056603876
snnrice6ma_rice_chen,random_missing_40pct,deployment_shift,3,53,21,0.8573137388926864,0.8638242681649926,0.44282114173983,0.6943396226415094,0.6952323991797675,0.9318181818181818,0.45864661654135336,0.3509066104888916,-0.027341079972658888,-0.02889239639177721,-0.0970779789026548,-0.06792452830188689
snnrice6ma_rice_chen,random_missing_40pct,deployment_shift,4,53,21,0.8852813852813853,0.8937590096890182,0.507261640367233,0.7396226415094339,0.740231259968102,0.9015151515151515,0.5789473684210527,0.3509066104888916,0.0006265664160400863,0.0010423451322484345,-0.03263748027525182,-0.02264150943396237
snnrice6ma_rice_chen,random_missing_40pct,deployment_shift,5,53,21,0.8725222146274778,0.8856677584651421,0.4982367916247422,0.7245283018867924,0.7253360674413306,0.9393939393939394,0.5112781954887218,0.3509066104888916,-0.01213260423786744,-0.007048906091627671,-0.04166232901774258,-0.037735849056603876
snnrice6ma_rice_chen,random_missing_40pct,deployment_shift,6,53,21,0.8785030758714969,0.8884330572120194,0.5269766847299449,0.7509433962264151,0.7515094554568238,0.9015151515151515,0.6015037593984962,0.3509066104888916,-0.0061517429938483525,-0.0042836073447504175,-0.012922435912539942,-0.01132075471698113
snnrice6ma_rice_chen,random_missing_40pct,deployment_shift,7,53,21,0.8856801093643201,0.8938369591528723,0.5599224926482324,0.769811320754717,0.7703064479380268,0.9015151515151515,0.6390977443609023,0.3509066104888916,0.001025290498974818,0.0011202945961025224,0.020023372005747553,0.007547169811320753
snnrice6ma_rice_chen,random_missing_40pct,deployment_shift,8,53,21,0.8827181590339486,0.8857971814604652,0.5219852399506913,0.7509433962264151,0.7514524948735475,0.8863636363636364,0.6165413533834586,0.3509066104888916,-0.001936659831396681,-0.006919483096304635,-0.01791388069179345,-0.01132075471698113
snnrice6ma_rice_chen,random_missing_40pct,deployment_shift,9,53,21,0.8703007518796992,0.8800936461256246,0.5191606609210585,0.7320754716981132,0.7329118250170882,0.9545454545454546,0.5112781954887218,0.3509066104888916,-0.014354066985646008,-0.012623018431145216,-0.020738459721426294,-0.030188679245283123
snnrice6ma_rice_chen,random_missing_40pct,deployment_shift,10,53,21,0.8849965823650034,0.892778972365602,0.5286550897293025,0.7547169811320755,0.7552118933697881,0.8863636363636364,0.6240601503759399,0.3509066104888916,0.00034176349965819863,6.23078088322071e-05,-0.011244030913182268,-0.007547169811320753
snnrice6ma_rice_chen,random_missing_40pct,deployment_shift,11,53,21,0.8832308042834359,0.9000216420194493,0.4753295002950311,0.7056603773584905,0.706596035543404,0.9545454545454546,0.45864661654135336,0.3509066104888916,-0.0014240145819093275,0.007304977462679552,-0.06456962034745367,-0.05660377358490576
snnrice6ma_rice_chen,random_missing_40pct,deployment_shift,12,53,21,0.8874458874458875,0.8936567897700172,0.5401366592385929,0.7584905660377359,0.759028252449305,0.9015151515151515,0.6165413533834586,0.3509066104888916,0.002791068580542233,0.0009401252132473781,0.00023753859610808892,-0.0037735849056603765
snnrice6ma_rice_chen,random_missing_40pct,deployment_shift,13,53,21,0.8870471633629529,0.8948817595362976,0.526172823530467,0.7471698113207547,0.7478070175438596,0.9166666666666666,0.5789473684210527,0.3509066104888916,0.0023923444976076125,0.0021650949795277707,-0.013726297112017782,-0.015094339622641617
snnrice6ma_rice_chen,random_missing_40pct,deployment_shift,14,53,21,0.8836295283663705,0.8885742712888184,0.5166724854383533,0.7433962264150943,0.7440191387559809,0.9090909090909091,0.5789473684210527,0.3509066104888916,-0.001025290498974707,-0.004142393267951405,-0.023226635204131485,-0.018867924528301994
snnrice6ma_rice_chen,random_missing_40pct,deployment_shift,15,53,21,0.8791866028708134,0.8839146056859659,0.5101475622690518,0.7396226415094339,0.7402597402597402,0.9090909090909091,0.5714285714285714,0.3509066104888916,-0.005468215994531844,-0.008802058870803875,-0.029751558373433018,-0.02264150943396237
snnrice6ma_rice_chen,random_missing_40pct,deployment_shift,16,53,21,0.8744588744588744,0.8861166423601519,0.5172657033578296,0.7358490566037735,0.7366142629300525,0.9393939393939394,0.5338345864661654,0.3509066104888916,-0.01019594440647087,-0.006600022196617927,-0.022633417284655177,-0.026415094339622747
snnrice6ma_rice_chen,random_missing_40pct,deployment_shift,17,53,21,0.8669970380496697,0.8802618711947616,0.4879627814592187,0.720754716981132,0.7215481886534518,0.9318181818181818,0.5112781954887218,0.3509066104888916,-0.017657780815675594,-0.012454793362008165,-0.05193633918326612,-0.04150943396226425
snnrice6ma_rice_chen,random_missing_40pct,deployment_shift,18,53,21,0.8826611984506721,0.8940157865225462,0.526172823530467,0.7471698113207547,0.7478070175438596,0.9166666666666666,0.5789473684210527,0.3509066104888916,-0.001993620414673103,0.0012991219657764175,-0.013726297112017782,-0.015094339622641617
snnrice6ma_rice_chen,random_missing_40pct,deployment_shift,19,53,21,0.8787309182046025,0.8801327418003733,0.526172823530467,0.7471698113207547,0.7478070175438596,0.9166666666666666,0.5789473684210527,0.3509066104888916,-0.005923900660742776,-0.012583922756396526,-0.013726297112017782,-0.015094339622641617
snnrice6ma_rice_chen,random_missing_40pct,deployment_shift,20,53,21,0.8874458874458875,0.8945001894079401,0.55331972598239,0.7660377358490567,0.7665470494417863,0.9015151515151515,0.631578947368421,0.3509066104888916,0.002791068580542233,0.0017835248511702817,0.01342060533990519,0.0037735849056603765
snnrice6ma_rice_chen,score_noise_sd_0.05,deployment_shift,1,53,0,0.8844839371155161,0.8883224152532496,0.5466398737691469,0.7660377358490567,0.7664616085668717,0.8787878787878788,0.6541353383458647,0.3509066104888916,-0.00017088174982915483,-0.00439424930352017,0.0067407531266621135,0.0037735849056603765
snnrice6ma_rice_chen,score_noise_sd_0.05,deployment_shift,2,53,0,0.881408065618592,0.8911425373025823,0.5108752087117303,0.7471698113207547,0.7476361357940305,0.8712121212121212,0.6240601503759399,0.3509066104888916,-0.0032467532467532756,-0.0015741272541874851,-0.029023911930754487,-0.015094339622641617
snnrice6ma_rice_chen,score_noise_sd_0.05,deployment_shift,3,53,0,0.8842560947824105,0.8937726929579617,0.5361185533187384,0.7622641509433963,0.7626452494873548,0.8636363636363636,0.6616541353383458,0.3509066104888916,-0.0003987240829347316,0.0010560284011918997,-0.003780567323746431,0.0
snnrice6ma_rice_chen,score_noise_sd_0.05,deployment_shift,4,53,0,0.8797562087035771,0.8887013836499353,0.5243881420030378,0.7547169811320755,0.7551549327865117,0.8712121212121212,0.6390977443609023,0.3509066104888916,-0.00489861016176818,-0.004015280906834451,-0.015510978639446948,-0.007547169811320753
snnrice6ma_rice_chen,score_noise_sd_0.05,deployment_shift,5,53,0,0.8843700159489634,0.8956811392699707,0.5398991206424848,0.7622641509433963,0.7627022100706311,0.8787878787878788,0.6466165413533834,0.3509066104888916,-0.0002848029163818877,0.0029644747132009375,0.0,0.0
snnrice6ma_rice_chen,score_noise_sd_0.05,deployment_shift,6,53,0,0.884939621781727,0.8915970169469382,0.5331679438669825,0.7584905660377359,0.7589428115743906,0.8787878787878788,0.6390977443609023,0.3509066104888916,0.0002848029163817767,-0.001119647609831631,-0.006731176775502279,-0.0037735849056603765
snnrice6ma_rice_chen,score_noise_sd_0.05,deployment_shift,7,53,0,0.884939621781727,0.89386781379055,0.5311568076566175,0.7584905660377359,0.7589143312827523,0.8712121212121212,0.6466165413533834,0.3509066104888916,0.0002848029163817767,0.0011511492337802354,-0.008742312985867251,-0.0037735849056603765
snnrice6ma_rice_chen,score_noise_sd_0.05,deployment_shift,8,53,0,0.8860788334472545,0.8939254777088238,0.5311568076566175,0.7584905660377359,0.7589143312827523,0.8712121212121212,0.6466165413533834,0.3509066104888916,0.0014240145819092165,0.0012088131520540113,-0.008742312985867251,-0.0037735849056603765
snnrice6ma_rice_chen,score_noise_sd_0.05,deployment_shift,9,53,0,0.8839143312827524,0.891113483916971,0.5621229398816762,0.7735849056603774,0.774008885850991,0.8863636363636364,0.6616541353383458,0.3509066104888916,-0.0007404875825928192,-0.0016031806397988069,0.022223819239191367,0.01132075471698113
snnrice6ma_rice_chen,score_noise_sd_0.05,deployment_shift,10,53,0,0.8839143312827523,0.890293901723004,0.5398991206424848,0.7622641509433963,0.7627022100706311,0.8787878787878788,0.6466165413533834,0.3509066104888916,-0.0007404875825929302,-0.002422762833765746,0.0,0.0
snnrice6ma_rice_chen,score_noise_sd_0.05,deployment_shift,11,53,0,0.8859649122807018,0.8927687949937817,0.5398991206424848,0.7622641509433963,0.7627022100706311,0.8787878787878788,0.6466165413533834,0.3509066104888916,0.0013100934153565946,5.2130437011910224e-05,0.0,0.0
snnrice6ma_rice_chen,score_noise_sd_0.05,deployment_shift,12,53,0,0.8832877648667122,0.8901826590124418,0.5398991206424848,0.7622641509433963,0.7627022100706311,0.8787878787878788,0.6466165413533834,0.3509066104888916,-0.0013670539986330166,-0.002534005544328033,0.0,0.0
snnrice6ma_rice_chen,score_noise_sd_0.05,deployment_shift,13,53,0,0.8859649122807018,0.8971458521214019,0.5466398737691469,0.7660377358490567,0.7664616085668717,0.8787878787878788,0.6541353383458647,0.3509066104888916,0.0013100934153565946,0.004429187564632064,0.0067407531266621135,0.0037735849056603765
snnrice6ma_rice_chen,score_noise_sd_0.05,deployment_shift,14,53,0,0.8855661881977671,0.8942173603978697,0.5398991206424848,0.7622641509433963,0.7627022100706311,0.8787878787878788,0.6466165413533834,0.3509066104888916,0.000911369332421863,0.0015006958410999083,0.0,0.0
snnrice6ma_rice_chen,score_noise_sd_0.05,deployment_shift,15,53,0,0.8852813852813853,0.894944397100192,0.5292933727767467,0.7584905660377359,0.7588858509911142,0.8636363636363636,0.6541353383458647,0.3509066104888916,0.0006265664160400863,0.002227732543422234,-0.010605747865738091,-0.0037735849056603765
snnrice6ma_rice_chen,score_noise_sd_0.05,deployment_shift,16,53,0,0.8819207108680793,0.8898515621681549,0.5243881420030378,0.7547169811320755,0.7551549327865117,0.8712121212121212,0.6390977443609023,0.3509066104888916,-0.002734107997265922,-0.0028651023886149263,-0.015510978639446948,-0.007547169811320753
snnrice6ma_rice_chen,score_noise_sd_0.05,deployment_shift,17,53,0,0.8807245386192754,0.8875360238246137,0.537935015993895,0.7622641509433963,0.762673729778993,0.8712121212121212,0.6541353383458647,0.3509066104888916,-0.003930280246069895,-0.005180640732156072,-0.0019641046485897595,0.0
snnrice6ma_rice_chen,score_noise_sd_0.05,deployment_shift,18,53,0,0.8844839371155161,0.8915206339007844,0.5311568076566175,0.7584905660377359,0.7589143312827523,0.8712121212121212,0.6466165413533834,0.3509066104888916,-0.00017088174982915483,-0.0011960306559853917,-0.008742312985867251,-0.0037735849056603765
snnrice6ma_rice_chen,score_noise_sd_0.05,deployment_shift,19,53,0,0.8827181590339486,0.8934239609252811,0.537935015993895,0.7622641509433963,0.762673729778993,0.8712121212121212,0.6541353383458647,0.3509066104888916,-0.001936659831396681,0.000707296368511301,-0.0019641046485897595,0.0
snnrice6ma_rice_chen,score_noise_sd_0.05,deployment_shift,20,53,0,0.8844839371155161,0.8934986461639686,0.5138629279158184,0.7509433962264151,0.7513385737069948,0.8560606060606061,0.6466165413533834,0.3509066104888916,-0.00017088174982915483,0.0007819816071987784,-0.026036192726666352,-0.01132075471698113
snnrice6ma_rice_chen,refit_without_group:engineered_descriptors,source_ablation,0,53,22,0.8879585326953748,0.8965162893908298,0.5747591926023313,0.7849056603773585,0.785144679881522,0.8484848484848485,0.7218045112781954,0.40220370531082156,0.0033037138300295865,0.0037996248340600447,0.03486007195984653,0.02264150943396226
snnrice6ma_rice_chen,refit_without_group:foundation_evidence,source_ablation,0,53,23,0.886762360446571,0.8971600471076114,0.5353314565756353,0.7584905660377359,0.7589712918660287,0.8863636363636364,0.631578947368421,0.32716960728168487,0.0021075415812257248,0.004443382550841646,-0.004567664066849497,-0.0037735849056603765
snnrice6ma_rice_chen,refit_without_group:sequence_grammar,source_ablation,0,53,5,0.8845978582820688,0.8905223102406368,0.5515242588738746,0.769811320754717,0.7701925267714742,0.8712121212121212,0.6691729323308271,0.3647813719511033,-5.696058327642195e-05,-0.002194354316133018,0.011625138231389776,0.007547169811320753
snnrice6ma_rice_chen,refit_without_group:derived_evidence,source_ablation,0,53,3,0.8788448393711551,0.8894964751386802,0.5344234734753894,0.7660377358490567,0.766205285942128,0.8106060606060606,0.7218045112781954,0.4558639591932297,-0.005809979494190154,-0.0032201894180895474,-0.0054756471670953655,0.0037735849056603765
