analysis_group,task_id,condition,replicate,auc,auprc,mcc,accuracy,balanced_accuracy,sensitivity,specificity
primary,gue_emp_H3,complete,0,0.9527587868834901,0.9505027854898968,0.7643430177233882,0.8817635270541082,0.8815399582299495,0.9072847682119205,0.8557951482479784
primary,gue_emp_H3,conflicting_strongest,0,0.9531461416254619,0.9507361806437818,0.7714079195962196,0.8851035404141616,0.884839613716285,0.9152317880794701,0.8544474393530997
primary,gue_emp_H3,missing_engineered,0,0.9488316881169561,0.9470429527658335,0.7473120169870385,0.8717434869739479,0.8712813052248264,0.9245033112582781,0.8180592991913747
primary,gue_emp_H3,missing_foundation,0,0.9522268435051142,0.951128642339773,0.7695140346416779,0.884435537742151,0.8842353760197068,0.9072847682119205,0.8611859838274932
primary,gue_emp_H3,missing_local_derived,0,0.9498991449634959,0.9458278702324158,0.7586978195875765,0.8764195056780227,0.8758590528551793,0.9403973509933775,0.8113207547169812
primary,gue_emp_H3,missing_sequence_grammar,0,0.9510826297281376,0.948012115239465,0.7539002706167789,0.875751503006012,0.8753824458685135,0.9178807947019868,0.8328840970350404
primary,gue_emp_H3,missing_strongest,0,0.9529712072258618,0.9507471606006528,0.7688484569273345,0.8837675350701403,0.8834919048214063,0.9152317880794701,0.8517520215633423
primary,gue_emp_H3,random_missing_20,1,0.9467699612645257,0.9441531135921747,0.7395013446727251,0.8690714762859052,0.8687831348958426,0.9019867549668874,0.8355795148247979
primary,gue_emp_H3,random_missing_20,2,0.9411542100283823,0.9345767707431414,0.7344929304194109,0.8650634602538411,0.8645659663340532,0.9218543046357616,0.807277628032345
primary,gue_emp_H3,random_missing_20,3,0.9516966851716321,0.9495327825269967,0.765287273340148,0.8817635270541082,0.8814471358954679,0.9178807947019868,0.8450134770889488
primary,gue_emp_H3,random_missing_20,4,0.9517377412041913,0.9493150805555572,0.7679799478009001,0.8837675350701403,0.8835963299476982,0.9033112582781457,0.8638814016172507
primary,gue_emp_H3,random_missing_20,5,0.9484086324771067,0.9438437697873079,0.7509040596288786,0.8744154976619907,0.8740695453490656,0.9139072847682119,0.8342318059299192
primary,gue_emp_H3,random_missing_20,6,0.9505239106763536,0.9494558293899278,0.746717708159763,0.8710754843019372,0.8705726424019564,0.928476821192053,0.8126684636118598
primary,gue_emp_H3,random_missing_20,7,0.9478481283804288,0.9461506899444427,0.7385954320794651,0.8663994655978624,0.8658324556862604,0.9311258278145695,0.8005390835579514
primary,gue_emp_H3,random_missing_20,8,0.9533210760250621,0.9511903069009023,0.7651497628011164,0.8817635270541082,0.881458738687278,0.9165562913907285,0.8463611859838275
primary,gue_emp_H3,random_missing_20,9,0.9515235358169258,0.9512369337117094,0.7578442261821577,0.8777555110220441,0.8773924064190215,0.919205298013245,0.8355795148247979
primary,gue_emp_H3,random_missing_20,10,0.9493118651934097,0.9440740021007641,0.7521023155105636,0.87374749498998,0.8732448546080933,0.9311258278145695,0.8153638814016172
primary,gue_emp_H3,random_missing_20,11,0.8343478338480212,0.8313934064995612,0.4713910426890822,0.7214428857715431,0.7198961103871762,0.8980132450331125,0.5417789757412399
primary,gue_emp_H3,random_missing_20,12,0.9483033148283679,0.9466213264067713,0.7507029353705115,0.8750835003340013,0.8748942360900377,0.8966887417218543,0.8530997304582211
primary,gue_emp_H3,random_missing_20,13,0.9474839792220775,0.944152317286368,0.7403268368741331,0.8690714762859052,0.8687135181449813,0.909933774834437,0.8274932614555256
primary,gue_emp_H3,random_missing_20,14,0.9492404633976546,0.9453528402483341,0.746806628883241,0.8724114896459586,0.872071187590368,0.9112582781456954,0.8328840970350404
primary,gue_emp_H3,random_missing_20,15,0.9489459309901644,0.9449906715684421,0.7473120169870385,0.8717434869739479,0.8712813052248264,0.9245033112582781,0.8180592991913747
primary,gue_emp_H3,random_missing_20,16,0.9529194409239392,0.9489090451948848,0.7529000725943225,0.8744154976619907,0.8739419146391532,0.928476821192053,0.8194070080862533
primary,gue_emp_H3,random_missing_20,17,0.9451705610396102,0.943256894781873,0.7328639862560806,0.8657314629258517,0.8654370682422663,0.8993377483443709,0.8315363881401617
primary,gue_emp_H3,random_missing_20,18,0.9496367433640955,0.9478842065754584,0.7535450154071619,0.8764195056780227,0.8762071366094857,0.9006622516556292,0.8517520215633423
primary,gue_emp_H3,random_missing_20,19,0.9519001802895342,0.9495194471388653,0.7447207818469175,0.8697394789579158,0.8692017279234573,0.9311258278145695,0.807277628032345
primary,gue_emp_H3,random_missing_20,20,0.9518109280448404,0.9488113693841734,0.7599550845643495,0.8797595190380761,0.8795880116384927,0.8993377483443709,0.8598382749326146
primary,gue_emp_H3,random_missing_40,1,0.9507399011085129,0.9459160213579415,0.7444213396778369,0.8704074816299265,0.8699568019135682,0.9218543046357616,0.8180592991913747
primary,gue_emp_H3,random_missing_40,2,0.9455257849734922,0.9389778507358105,0.7302566793177091,0.8623914495657983,0.8618357401688652,0.9258278145695364,0.7978436657681941
primary,gue_emp_H3,random_missing_40,3,0.9322450509630318,0.9231901975576823,0.7104010591574941,0.8510354041416166,0.8503454061869655,0.9298013245033112,0.77088948787062
primary,gue_emp_H3,random_missing_40,4,0.9063083486549687,0.8939516400039947,0.6651200538264578,0.8256513026052105,0.8247389371842702,0.9298013245033112,0.7196765498652291
primary,gue_emp_H3,random_missing_40,5,0.931930883061709,0.9279511128996507,0.6930806265107667,0.8443553774215097,0.8438389175487764,0.9033112582781457,0.784366576819407
primary,gue_emp_H3,random_missing_40,6,0.9286160546937755,0.9250210239492419,0.681947426052711,0.8383433533734135,0.8377742275218222,0.9033112582781457,0.7722371967654986
primary,gue_emp_H3,random_missing_40,7,0.9437639456632334,0.9376039622827325,0.7351977496835217,0.8670674682698731,0.8668079827207654,0.8966887417218543,0.8369272237196765
primary,gue_emp_H3,random_missing_40,8,0.9508291533532068,0.9484725281052909,0.7403293380159008,0.8670674682698731,0.8664831045500794,0.9337748344370861,0.7991913746630728
primary,gue_emp_H3,random_missing_40,9,0.9525124506881347,0.9513006577544916,0.7537404378995229,0.875751503006012,0.8753940486603238,0.9165562913907285,0.8342318059299192
primary,gue_emp_H3,random_missing_40,10,0.9480141375555596,0.9444419159377484,0.7463568018679668,0.8717434869739479,0.8713393191838775,0.9178807947019868,0.8247978436657682
primary,gue_emp_H3,random_missing_40,11,0.9040966780314524,0.8817750533221353,0.6679265705828065,0.8276553106212425,0.8267837061102086,0.9271523178807947,0.7264150943396226
primary,gue_emp_H3,random_missing_40,12,0.8568161939272771,0.832816182599645,0.5590786225303217,0.7648630594522378,0.7634297852590992,0.928476821192053,0.5983827493261455
primary,gue_emp_H3,random_missing_40,13,0.9463727887756378,0.9411112319375475,0.7475390136956617,0.8730794923179692,0.8727914532050481,0.9059602649006623,0.839622641509434
primary,gue_emp_H3,random_missing_40,14,0.9289123721461594,0.9218820515745833,0.6985230929158238,0.843687374749499,0.842886596097892,0.9350993377483444,0.7506738544474394
primary,gue_emp_H3,random_missing_40,15,0.9230217239963585,0.9121752025248387,0.672882173187155,0.8256513026052105,0.8245300869316863,0.9536423841059603,0.6954177897574124
primary,gue_emp_H3,random_missing_40,16,0.9413559201013906,0.9340948274174536,0.7030334552582737,0.8443553774215097,0.8434560254190393,0.9470198675496688,0.7398921832884097
primary,gue_emp_H3,random_missing_40,17,0.9501240606201246,0.9492970272100681,0.7572814412739617,0.8770875083500334,0.8766721408043412,0.9245033112582781,0.8288409703504043
primary,gue_emp_H3,random_missing_40,18,0.9452419628353652,0.9426765946057518,0.7034285547965855,0.8450233800935204,0.844153085450099,0.9443708609271523,0.7439353099730458
primary,gue_emp_H3,random_missing_40,19,0.9462844290533907,0.9405523476633649,0.7403293380159008,0.8670674682698731,0.8664831045500794,0.9337748344370861,0.7991913746630728
primary,gue_emp_H3,random_missing_40,20,0.9401902857856874,0.937464658857913,0.7218628973614558,0.8590514362057449,0.8585824958497705,0.9125827814569536,0.8045822102425876
primary,gue_emp_H3,score_noise_005,1,0.9490869495367807,0.949025203461341,0.7612578811010733,0.8804275217100869,0.880261866085932,0.8993377483443709,0.8611859838274932
primary,gue_emp_H3,score_noise_005,2,0.9481230252940861,0.9443466906334481,0.7518018821850726,0.875751503006012,0.8756028989129077,0.8927152317880794,0.8584905660377359
primary,gue_emp_H3,score_noise_005,3,0.9493761268095893,0.9474019981619918,0.7666788552236423,0.8830995323981295,0.8829224755002589,0.9033112582781457,0.862533692722372
primary,gue_emp_H3,score_noise_005,4,0.9509683868549293,0.9518487350203516,0.755730675766704,0.8777555110220441,0.8776244622552257,0.8927152317880794,0.862533692722372
primary,gue_emp_H3,score_noise_005,5,0.9499455561307367,0.9485583623884484,0.7572801301521659,0.8784235136940548,0.8782519055354242,0.8980132450331125,0.8584905660377359
primary,gue_emp_H3,score_noise_005,6,0.9495492761642956,0.9484191732591806,0.7651160653597006,0.8824315297261189,0.8822950322200602,0.8980132450331125,0.866576819407008
primary,gue_emp_H3,score_noise_005,7,0.9514360686171257,0.9493039908327159,0.7757592259857563,0.8877755511022044,0.8876510594241445,0.9019867549668874,0.8733153638814016
primary,gue_emp_H3,score_noise_005,8,0.9486281929990539,0.9465652751971863,0.7637524259637466,0.8817635270541082,0.8816327805644312,0.8966887417218543,0.866576819407008
primary,gue_emp_H3,score_noise_005,9,0.9495742667928099,0.9472958461092936,0.758518143186558,0.8790915163660654,0.8789373627746737,0.8966887417218543,0.8611859838274932
primary,gue_emp_H3,score_noise_005,10,0.948065903857482,0.9473011391263731,0.7491275495694483,0.8744154976619907,0.8742667928098391,0.8913907284768212,0.8571428571428571
primary,gue_emp_H3,score_noise_005,11,0.949097659806144,0.9456912819917773,0.7588974715200159,0.8790915163660654,0.8788793488156228,0.9033112582781457,0.8544474393530997
primary,gue_emp_H3,score_noise_005,12,0.9491280055693401,0.9501917182531886,0.7625618856911356,0.8810955243820975,0.8809357205333714,0.8993377483443709,0.862533692722372
primary,gue_emp_H3,score_noise_005,13,0.9491529961978544,0.9463868282700095,0.7679799478009001,0.8837675350701403,0.8835963299476982,0.9033112582781457,0.8638814016172507
primary,gue_emp_H3,score_noise_005,14,0.9495921172417486,0.9501334714462106,0.765064075167482,0.8824315297261189,0.8823066350118706,0.8966887417218543,0.8679245283018868
primary,gue_emp_H3,score_noise_005,15,0.9504899948233697,0.9466389300168864,0.7676911143726569,0.8837675350701403,0.8836543439067492,0.8966887417218543,0.8706199460916442
primary,gue_emp_H3,score_noise_005,16,0.948347940950715,0.9419775181657407,0.7662946967372406,0.8830995323981295,0.8830036950429303,0.8940397350993378,0.871967654986523
primary,gue_emp_H3,score_noise_005,17,0.9490066225165564,0.9500414148157938,0.7663330883649073,0.8830995323981295,0.8829920922511201,0.895364238410596,0.8706199460916442
primary,gue_emp_H3,score_noise_005,18,0.9481033898002534,0.9429945384756859,0.7653049933887165,0.8824315297261189,0.8822602238446298,0.9019867549668874,0.862533692722372
primary,gue_emp_H3,score_noise_005,19,0.9491280055693401,0.9415381149161246,0.7596704822635045,0.8797595190380761,0.8796460255975438,0.8927152317880794,0.866576819407008
primary,gue_emp_H3,score_noise_005,20,0.9481480159226003,0.9421756143324719,0.7623902874629135,0.8810955243820975,0.880970528908802,0.895364238410596,0.866576819407008
primary,gue_human_tf_0,complete,0,0.924992,0.9123077164409665,0.6836888759905564,0.833,0.833,0.946,0.72
primary,gue_human_tf_0,conflicting_strongest,0,0.9246880000000001,0.912057744906924,0.6882725687484158,0.838,0.8380000000000001,0.932,0.744
primary,gue_human_tf_0,missing_engineered,0,0.922736,0.9114671357895947,0.694708596837951,0.839,0.839,0.948,0.73
primary,gue_human_tf_0,missing_foundation,0,0.919432,0.9044528604837317,0.6633149248230577,0.817,0.817,0.964,0.67
primary,gue_human_tf_0,missing_local_derived,0,0.923472,0.9106886395937956,0.6843469103433926,0.833,0.833,0.948,0.718
primary,gue_human_tf_0,missing_sequence_grammar,0,0.9207599999999999,0.9086431573226367,0.6650751616372825,0.82,0.8200000000000001,0.956,0.684
primary,gue_human_tf_0,missing_strongest,0,0.924616,0.9120350429361149,0.6852808123822145,0.835,0.835,0.94,0.73
primary,gue_human_tf_0,random_missing_20,1,0.9224399999999999,0.9101452083064583,0.6798706558300215,0.83,0.83,0.95,0.71
primary,gue_human_tf_0,random_missing_20,2,0.9225479999999999,0.9098586886802104,0.6778539045026749,0.83,0.83,0.944,0.716
primary,gue_human_tf_0,random_missing_20,3,0.917432,0.9043101600620936,0.6692302273047012,0.825,0.825,0.944,0.706
primary,gue_human_tf_0,random_missing_20,4,0.917216,0.9046305749944105,0.6675472385900385,0.821,0.821,0.958,0.684
primary,gue_human_tf_0,random_missing_20,5,0.91996,0.9019381100211934,0.6761265270359644,0.829,0.829,0.944,0.714
primary,gue_human_tf_0,random_missing_20,6,0.914568,0.9012769790166383,0.6516083806630303,0.812,0.812,0.956,0.668
primary,gue_human_tf_0,random_missing_20,7,0.9061440000000001,0.8945718673225231,0.6332785063987776,0.808,0.808,0.924,0.692
primary,gue_human_tf_0,random_missing_20,8,0.9219080000000001,0.9100774007970682,0.6731041525563979,0.828,0.828,0.94,0.716
primary,gue_human_tf_0,random_missing_20,9,0.9193199999999999,0.9066167967621827,0.665993737280058,0.821,0.821,0.954,0.688
primary,gue_human_tf_0,random_missing_20,10,0.9235359999999999,0.9096276789881083,0.6837106600504826,0.831,0.831,0.956,0.706
primary,gue_human_tf_0,random_missing_20,11,0.9243480000000001,0.9124649568961682,0.6887728050003651,0.837,0.837,0.94,0.734
primary,gue_human_tf_0,random_missing_20,12,0.924952,0.9120940275914108,0.6688962988329891,0.824,0.824,0.948,0.7
primary,gue_human_tf_0,random_missing_20,13,0.9168400000000001,0.9051853749951074,0.6661999256496148,0.822,0.822,0.95,0.694
primary,gue_human_tf_0,random_missing_20,14,0.911236,0.9005427861113595,0.6440731099086829,0.807,0.8069999999999999,0.958,0.656
primary,gue_human_tf_0,random_missing_20,15,0.92042,0.9069389586565495,0.676789993526739,0.829,0.829,0.946,0.712
primary,gue_human_tf_0,random_missing_20,16,0.9136960000000001,0.9027092979765454,0.6331640413800387,0.802,0.802,0.952,0.652
primary,gue_human_tf_0,random_missing_20,17,0.9225080000000001,0.9098730992439015,0.6747347136198347,0.827,0.827,0.95,0.704
primary,gue_human_tf_0,random_missing_20,18,0.9255359999999999,0.9154498362762568,0.6826248835207603,0.832,0.832,0.948,0.716
primary,gue_human_tf_0,random_missing_20,19,0.9241720000000001,0.9117596427696505,0.685889550281676,0.835,0.835,0.942,0.728
primary,gue_human_tf_0,random_missing_20,20,0.922978,0.9091797250296698,0.6788615314401396,0.829,0.829,0.952,0.706
primary,gue_human_tf_0,random_missing_40,1,0.923828,0.909348182768059,0.6843469103433926,0.833,0.833,0.948,0.718
primary,gue_human_tf_0,random_missing_40,2,0.921184,0.9018281303577724,0.6669368821746213,0.822,0.822,0.952,0.692
primary,gue_human_tf_0,random_missing_40,3,0.923836,0.9070143652767985,0.6782632742033441,0.832,0.8320000000000001,0.934,0.73
primary,gue_human_tf_0,random_missing_40,4,0.9249959999999999,0.9101539865026292,0.6786135888604773,0.828,0.828,0.956,0.7
primary,gue_human_tf_0,random_missing_40,5,0.916524,0.9029402222971342,0.6485415372343026,0.807,0.8069999999999999,0.968,0.646
primary,gue_human_tf_0,random_missing_40,6,0.920944,0.9051849911799005,0.6757502276128698,0.828,0.828,0.948,0.708
primary,gue_human_tf_0,random_missing_40,7,0.8689,0.8641319105613481,0.5462011812779451,0.764,0.764,0.892,0.636
primary,gue_human_tf_0,random_missing_40,8,0.922092,0.9056747388126207,0.6748394956347021,0.829,0.829,0.94,0.718
primary,gue_human_tf_0,random_missing_40,9,0.90774,0.8951691193205261,0.6572099838257209,0.818,0.818,0.944,0.692
primary,gue_human_tf_0,random_missing_40,10,0.46866399999999997,0.4863620776985286,-0.02967456533714098,0.487,0.487,0.728,0.246
primary,gue_human_tf_0,random_missing_40,11,0.916756,0.8986916202206225,0.6516805665081238,0.81,0.81,0.964,0.656
primary,gue_human_tf_0,random_missing_40,12,0.915864,0.9002409878072712,0.6730252883319582,0.826,0.826,0.95,0.702
primary,gue_human_tf_0,random_missing_40,13,0.9217599999999999,0.9102164854000658,0.6432243382605868,0.807,0.8069999999999999,0.956,0.658
primary,gue_human_tf_0,random_missing_40,14,0.922264,0.9025725452116674,0.6516083806630303,0.812,0.812,0.956,0.668
primary,gue_human_tf_0,random_missing_40,15,0.919068,0.9046884460996294,0.6691581831959938,0.821,0.821,0.962,0.68
primary,gue_human_tf_0,random_missing_40,16,0.906448,0.8942394484853283,0.6014154034945092,0.774,0.774,0.98,0.568
primary,gue_human_tf_0,random_missing_40,17,0.9238599999999999,0.9109103306743116,0.6761757109719855,0.827,0.827,0.954,0.7
primary,gue_human_tf_0,random_missing_40,18,0.909708,0.8985846712931016,0.6307413328977125,0.799,0.7989999999999999,0.958,0.64
primary,gue_human_tf_0,random_missing_40,19,0.9217239999999999,0.9118121778757411,0.6761265270359644,0.829,0.829,0.944,0.714
primary,gue_human_tf_0,random_missing_40,20,0.909308,0.8972873888268348,0.6416306287310461,0.801,0.8009999999999999,0.974,0.628
primary,gue_human_tf_0,score_noise_005,1,0.923492,0.9061868298325269,0.6795826364951176,0.831,0.831,0.944,0.718
primary,gue_human_tf_0,score_noise_005,2,0.92436,0.9103722145892078,0.6882472016116853,0.836,0.836,0.944,0.728
primary,gue_human_tf_0,score_noise_005,3,0.923796,0.9135198494426139,0.6742157178751796,0.829,0.829,0.938,0.72
primary,gue_human_tf_0,score_noise_005,4,0.9227439999999999,0.9134411132683459,0.6929780510484965,0.838,0.838,0.948,0.728
primary,gue_human_tf_0,score_noise_005,5,0.923928,0.9121270259164803,0.6813127397826955,0.832,0.832,0.944,0.72
primary,gue_human_tf_0,score_noise_005,6,0.9241680000000001,0.9119708817433263,0.6765762036864019,0.83,0.83,0.94,0.72
primary,gue_human_tf_0,score_noise_005,7,0.9249839999999999,0.9106934972385275,0.6776998243081634,0.831,0.831,0.938,0.724
primary,gue_human_tf_0,score_noise_005,8,0.9216040000000001,0.9036012601384,0.6737456990208406,0.828,0.828,0.942,0.714
primary,gue_human_tf_0,score_noise_005,9,0.922196,0.9084868765519662,0.6713701575042401,0.827,0.827,0.94,0.714
primary,gue_human_tf_0,score_noise_005,10,0.923892,0.913166663972391,0.6811895836515744,0.833,0.833,0.938,0.728
primary,gue_human_tf_0,score_noise_005,11,0.9222520000000001,0.910466922445168,0.6586035378779784,0.82,0.82,0.938,0.702
primary,gue_human_tf_0,score_noise_005,12,0.924104,0.9157281777197985,0.6795826364951176,0.831,0.831,0.944,0.718
primary,gue_human_tf_0,score_noise_005,13,0.9243600000000001,0.914895003617719,0.6906100210453968,0.837,0.837,0.946,0.728
primary,gue_human_tf_0,score_noise_005,14,0.924332,0.9092113926853254,0.6811895836515744,0.833,0.833,0.938,0.728
primary,gue_human_tf_0,score_noise_005,15,0.922676,0.9124180772364104,0.6806766655269256,0.832,0.832,0.942,0.722
primary,gue_human_tf_0,score_noise_005,16,0.921056,0.905618784341308,0.6707371278800839,0.827,0.827,0.938,0.716
primary,gue_human_tf_0,score_noise_005,17,0.923824,0.9138120592862427,0.6823491975419184,0.834,0.8340000000000001,0.936,0.732
primary,gue_human_tf_0,score_noise_005,18,0.9235319999999999,0.9148571075097511,0.6747577441163851,0.83,0.8300000000000001,0.934,0.726
primary,gue_human_tf_0,score_noise_005,19,0.923268,0.91342425847173,0.6736049613214071,0.829,0.829,0.936,0.722
primary,gue_human_tf_0,score_noise_005,20,0.922132,0.9050582354139102,0.6811895836515744,0.833,0.833,0.938,0.728
primary,gue_mouse_0,complete,0,0.8980521262002745,0.9090347223856605,0.6328506703258854,0.8074074074074075,0.8074074074074074,0.6888888888888889,0.9259259259259259
primary,gue_mouse_0,conflicting_strongest,0,0.8915470202713002,0.9019522006521031,0.6384536226795832,0.8160493827160494,0.8160493827160493,0.745679012345679,0.8864197530864197
primary,gue_mouse_0,missing_engineered,0,0.864276787075141,0.8795843128320087,0.5682492985855419,0.7641975308641975,0.7641975308641975,0.5802469135802469,0.9481481481481482
primary,gue_mouse_0,missing_foundation,0,0.8966803840877915,0.9084807245552934,0.609518464234326,0.7901234567901234,0.7901234567901234,0.6370370370370371,0.9432098765432099
primary,gue_mouse_0,missing_local_derived,0,0.8939429964944369,0.9058169967972487,0.6466744190909917,0.817283950617284,0.817283950617284,0.7209876543209877,0.9135802469135802
primary,gue_mouse_0,missing_sequence_grammar,0,0.8269836915104405,0.8390618846295206,0.44814266466235,0.6925925925925925,0.6925925925925926,0.43703703703703706,0.9481481481481482
primary,gue_mouse_0,missing_strongest,0,0.8948331047096478,0.9060466291272699,0.6481707987783426,0.8197530864197531,0.8197530864197531,0.7382716049382716,0.9012345679012346
primary,gue_mouse_0,random_missing_20,1,0.8867367779301936,0.8989045185668182,0.6241096039621236,0.8049382716049382,0.8049382716049382,0.6987654320987654,0.9111111111111111
primary,gue_mouse_0,random_missing_20,2,0.8209663161103491,0.8453031983812396,0.4907299913992784,0.7283950617283951,0.7283950617283951,0.5456790123456791,0.9111111111111111
primary,gue_mouse_0,random_missing_20,3,0.8919615912208506,0.8997211968331044,0.6328604849702554,0.8098765432098766,0.8098765432098765,0.7086419753086419,0.9111111111111111
primary,gue_mouse_0,random_missing_20,4,0.8905593659503125,0.903394416713159,0.6313453403451317,0.808641975308642,0.808641975308642,0.7037037037037037,0.9135802469135802
primary,gue_mouse_0,random_missing_20,5,0.8944977899710411,0.9050739786679491,0.6059174875240825,0.7913580246913581,0.7913580246913581,0.654320987654321,0.928395061728395
primary,gue_mouse_0,random_missing_20,6,0.8624660874866636,0.8826095936452056,0.5720638001126813,0.7716049382716049,0.7716049382716049,0.6148148148148148,0.928395061728395
primary,gue_mouse_0,random_missing_20,7,0.8894314891022709,0.8999512522531212,0.6174192066360147,0.7975308641975308,0.7975308641975309,0.6641975308641975,0.9308641975308642
primary,gue_mouse_0,random_missing_20,8,0.8407620789513794,0.8625747842092305,0.5141258621929917,0.7382716049382716,0.7382716049382716,0.5506172839506173,0.9259259259259259
primary,gue_mouse_0,random_missing_20,9,0.8647706142356348,0.884296939102086,0.5698767039337722,0.7691358024691358,0.7691358024691358,0.6049382716049383,0.9333333333333333
primary,gue_mouse_0,random_missing_20,10,0.8909373571101966,0.9009847662206317,0.5949577418988602,0.782716049382716,0.7827160493827161,0.6271604938271605,0.9382716049382716
primary,gue_mouse_0,random_missing_20,11,0.8387867703094041,0.8674709206321696,0.5390057316208521,0.7481481481481481,0.7481481481481481,0.5530864197530864,0.9432098765432099
primary,gue_mouse_0,random_missing_20,12,0.8227709190672154,0.8518052208971058,0.524669475617837,0.7444444444444445,0.7444444444444445,0.562962962962963,0.9259259259259259
primary,gue_mouse_0,random_missing_20,13,0.8863831732967535,0.8978911798315504,0.6328604849702554,0.8098765432098766,0.8098765432098765,0.7086419753086419,0.9111111111111111
primary,gue_mouse_0,random_missing_20,14,0.8731717725956409,0.8874177426258674,0.6046941070816217,0.7975308641975308,0.7975308641975308,0.7086419753086419,0.8864197530864197
primary,gue_mouse_0,random_missing_20,15,0.8840115836000609,0.900795204357781,0.5960178371417434,0.7814814814814814,0.7814814814814814,0.6172839506172839,0.945679012345679
primary,gue_mouse_0,random_missing_20,16,0.880682822740436,0.8940992631753293,0.5744259516119716,0.7679012345679013,0.7679012345679013,0.5876543209876544,0.9481481481481482
primary,gue_mouse_0,random_missing_20,17,0.8703124523700656,0.8856979037555388,0.6054431847450096,0.7962962962962963,0.7962962962962963,0.6938271604938272,0.8987654320987655
primary,gue_mouse_0,random_missing_20,18,0.7812223746380125,0.8150440256467985,0.4475175569509753,0.6987654320987654,0.6987654320987654,0.4691358024691358,0.928395061728395
primary,gue_mouse_0,random_missing_20,19,0.8070172229843011,0.8366840381579775,0.48918941481754635,0.7123456790123457,0.7123456790123457,0.4641975308641975,0.9604938271604938
primary,gue_mouse_0,random_missing_20,20,0.8557536960829142,0.8710395978174883,0.542619719960811,0.7555555555555555,0.7555555555555555,0.5876543209876544,0.9234567901234568
primary,gue_mouse_0,random_missing_40,1,0.6655326931870142,0.7138435264049904,0.22048093208574257,0.6061728395061728,0.6061728395061728,0.47160493827160493,0.7407407407407407
primary,gue_mouse_0,random_missing_40,2,0.8653924706599604,0.8789602346771729,0.5802163853806341,0.7839506172839507,0.7839506172839505,0.6814814814814815,0.8864197530864197
primary,gue_mouse_0,random_missing_40,3,0.828123761621704,0.8357765138439507,0.5087704005991146,0.737037037037037,0.737037037037037,0.5555555555555556,0.9185185185185185
primary,gue_mouse_0,random_missing_40,4,0.7642432556012803,0.7895497462162796,0.38111268363692563,0.6654320987654321,0.6654320987654321,0.41728395061728396,0.9135802469135802
primary,gue_mouse_0,random_missing_40,5,0.8845968602347205,0.895458773429979,0.5768237745129043,0.7679012345679013,0.7679012345679013,0.582716049382716,0.9530864197530864
primary,gue_mouse_0,random_missing_40,6,0.5307971345831428,0.5559269465011458,0.039672545339179424,0.5123456790123457,0.5123456790123456,0.12098765432098765,0.9037037037037037
primary,gue_mouse_0,random_missing_40,7,0.8710074683737234,0.8882646661845663,0.5826674216007641,0.7728395061728395,0.7728395061728395,0.5975308641975309,0.9481481481481482
primary,gue_mouse_0,random_missing_40,8,0.8741960067062947,0.8861068072151399,0.5815525307318479,0.7802469135802469,0.7802469135802469,0.6469135802469136,0.9135802469135802
primary,gue_mouse_0,random_missing_40,9,0.8547721383935376,0.8738701051842002,0.5344562111218695,0.737037037037037,0.737037037037037,0.5061728395061729,0.9679012345679012
primary,gue_mouse_0,random_missing_40,10,0.8664898643499467,0.8814668841957177,0.5208143330076693,0.7296296296296296,0.7296296296296296,0.49382716049382713,0.9654320987654321
primary,gue_mouse_0,random_missing_40,11,0.8447675659198294,0.8585944493548159,0.5193697839449295,0.7419753086419754,0.7419753086419754,0.5604938271604938,0.9234567901234568
primary,gue_mouse_0,random_missing_40,12,0.8875750647767107,0.900690841887615,0.5637373920644362,0.7567901234567901,0.7567901234567901,0.5506172839506173,0.9629629629629629
primary,gue_mouse_0,random_missing_40,13,0.8291662856271909,0.8489854494548181,0.46691600214431783,0.7061728395061728,0.7061728395061728,0.47160493827160493,0.9407407407407408
primary,gue_mouse_0,random_missing_40,14,0.6794025301021186,0.7199725547639568,0.29270979972576494,0.6333333333333333,0.6333333333333333,0.4271604938271605,0.8395061728395061
primary,gue_mouse_0,random_missing_40,15,0.8735985368084134,0.8881166113485077,0.5723479286384381,0.7802469135802469,0.780246913580247,0.6790123456790124,0.8814814814814815
primary,gue_mouse_0,random_missing_40,16,0.5834415485444292,0.6029388809302412,0.13169761689218967,0.5567901234567901,0.5567901234567901,0.3037037037037037,0.8098765432098766
primary,gue_mouse_0,random_missing_40,17,0.8599420819996951,0.8813466394649525,0.5461454511402339,0.7493827160493827,0.7493827160493827,0.5456790123456791,0.9530864197530864
primary,gue_mouse_0,random_missing_40,18,0.8618686175887822,0.8746881392493471,0.5645803487063578,0.774074074074074,0.7740740740740741,0.654320987654321,0.8938271604938272
primary,gue_mouse_0,random_missing_40,19,0.8071025758268556,0.8309600653155842,0.4549654481453011,0.6938271604938272,0.6938271604938272,0.43209876543209874,0.9555555555555556
primary,gue_mouse_0,random_missing_40,20,0.8322572778539857,0.8525201280907689,0.4933826109215181,0.7209876543209877,0.7209876543209877,0.49876543209876545,0.9432098765432099
primary,gue_mouse_0,score_noise_005,1,0.769242493522329,0.7808283850323559,0.43390094906725685,0.7123456790123457,0.7123456790123457,0.6098765432098765,0.8148148148148148
primary,gue_mouse_0,score_noise_005,2,0.7895686633135193,0.7676110378515966,0.4626026513524169,0.7283950617283951,0.7283950617283951,0.6493827160493827,0.8074074074074075
primary,gue_mouse_0,score_noise_005,3,0.7610912970583753,0.7629716455952349,0.41400218949571616,0.7037037037037037,0.7037037037037037,0.6148148148148148,0.7925925925925926
primary,gue_mouse_0,score_noise_005,4,0.7506660570035055,0.7270882101317759,0.3985913925227743,0.6962962962962963,0.6962962962962962,0.6098765432098765,0.782716049382716
primary,gue_mouse_0,score_noise_005,5,0.7947142203932327,0.7781320479759327,0.43488618929167655,0.7135802469135802,0.7135802469135804,0.6197530864197531,0.8074074074074075
primary,gue_mouse_0,score_noise_005,6,0.7526291723822589,0.7414058006483841,0.36850902327577245,0.6814814814814815,0.6814814814814816,0.5950617283950618,0.7679012345679013
primary,gue_mouse_0,score_noise_005,7,0.780637098003353,0.7558827406810421,0.4329480625044528,0.7135802469135802,0.7135802469135802,0.6320987654320988,0.7950617283950617
primary,gue_mouse_0,score_noise_005,8,0.774839201341259,0.7533345671377072,0.4236600335619425,0.7086419753086419,0.7086419753086419,0.6222222222222222,0.7950617283950617
primary,gue_mouse_0,score_noise_005,9,0.7830574607529341,0.7710010962920594,0.429451730205389,0.7111111111111111,0.7111111111111111,0.6197530864197531,0.8024691358024691
primary,gue_mouse_0,score_noise_005,10,0.7611400701112636,0.7477735986104233,0.43848890457229733,0.7148148148148148,0.7148148148148148,0.6148148148148148,0.8148148148148148
primary,gue_mouse_0,score_noise_005,11,0.7892516384697454,0.7554212912212046,0.4572414459088185,0.725925925925926,0.7259259259259259,0.6493827160493827,0.8024691358024691
primary,gue_mouse_0,score_noise_005,12,0.7480018289894832,0.729637017995147,0.4020655778866215,0.7,0.7,0.6493827160493827,0.7506172839506173
primary,gue_mouse_0,score_noise_005,13,0.7448193872885231,0.7069574006093114,0.358801897562954,0.6765432098765433,0.6765432098765432,0.5876543209876544,0.7654320987654321
primary,gue_mouse_0,score_noise_005,14,0.7823807346441092,0.7717600618281533,0.44457785146650336,0.7197530864197531,0.7197530864197531,0.6444444444444445,0.7950617283950617
primary,gue_mouse_0,score_noise_005,15,0.7616278006401463,0.7451889796563512,0.3916477271827091,0.691358024691358,0.691358024691358,0.5851851851851851,0.7975308641975308
primary,gue_mouse_0,score_noise_005,16,0.766450236244475,0.7419392513046079,0.43759710263066465,0.7160493827160493,0.7160493827160495,0.6370370370370371,0.7950617283950617
primary,gue_mouse_0,score_noise_005,17,0.7784301173601585,0.7829704483798893,0.45916606471343063,0.725925925925926,0.7259259259259259,0.6370370370370371,0.8148148148148148
primary,gue_mouse_0,score_noise_005,18,0.771187319006249,0.771505546032595,0.41371950957575654,0.7024691358024692,0.7024691358024691,0.6,0.8049382716049382
primary,gue_mouse_0,score_noise_005,19,0.7848986434994665,0.762915563012637,0.41595780569928237,0.7049382716049383,0.7049382716049383,0.6197530864197531,0.7901234567901234
primary,gue_mouse_0,score_noise_005,20,0.7710409998475842,0.7438524696733879,0.43752405664531485,0.717283950617284,0.7172839506172839,0.6592592592592592,0.7753086419753087
primary,gue_prom_300_all,complete,0,0.9857126877596676,0.9862793508609271,0.8770292250767459,0.9385135135135135,0.9385221202574989,0.937248322147651,0.939795918367347
primary,gue_prom_300_all,conflicting_strongest,0,0.9771318997397616,0.9752886828638584,0.8393900270970659,0.9194256756756757,0.9195395607907593,0.9026845637583892,0.9363945578231293
primary,gue_prom_300_all,missing_engineered,0,0.985038122631603,0.9855003024683436,0.8719563192488534,0.9359797297297298,0.9359825138108935,0.9355704697986578,0.9363945578231293
primary,gue_prom_300_all,missing_foundation,0,0.9850627767885678,0.9856115717364473,0.8709400538738985,0.9354729729729729,0.9354700269369493,0.9359060402684564,0.9350340136054421
primary,gue_prom_300_all,missing_local_derived,0,0.9814252613797197,0.9819363127508193,0.8572018029290491,0.9285472972972973,0.9285953978906999,0.9214765100671141,0.9357142857142857
primary,gue_prom_300_all,missing_sequence_grammar,0,0.9793772542574077,0.9805588975415992,0.8503304166682378,0.925168918918919,0.9251620782541204,0.9261744966442953,0.9241496598639456
primary,gue_prom_300_all,missing_strongest,0,0.9848763867963293,0.9851415981837658,0.8687193169507957,0.9342905405405405,0.9343457517235082,0.9261744966442953,0.9425170068027211
primary,gue_prom_300_all,random_missing_20,1,0.9642627722229833,0.9629921723096057,0.7475844358365947,0.8694256756756756,0.8699276354837236,0.7956375838926174,0.9442176870748299
primary,gue_prom_300_all,random_missing_20,2,0.984759165411131,0.9850576239611535,0.8716296129591972,0.9358108108108109,0.9358238597452404,0.9338926174496645,0.9377551020408164
primary,gue_prom_300_all,random_missing_20,3,0.9850501072912387,0.985744443506462,0.874656030626129,0.9373310810810811,0.9373247956900881,0.938255033557047,0.9363945578231293
primary,gue_prom_300_all,random_missing_20,4,0.9844668538556361,0.9851247757390672,0.8638446466448441,0.9319256756756756,0.9319191434963248,0.9328859060402684,0.930952380952381
primary,gue_prom_300_all,random_missing_20,5,0.9763594028215312,0.9756019126473492,0.8430868562867728,0.9214527027027027,0.9215164589325664,0.9120805369127517,0.930952380952381
primary,gue_prom_300_all,random_missing_20,6,0.9850020545130803,0.9855050057752381,0.8736840833616843,0.9368243243243243,0.9368511162854403,0.9328859060402684,0.9408163265306122
primary,gue_prom_300_all,random_missing_20,7,0.9851609368579647,0.9856209256639548,0.8730149216580524,0.9364864864864865,0.9364447792539834,0.9426174496644295,0.9302721088435374
primary,gue_prom_300_all,random_missing_20,8,0.9851828516641556,0.9857791387224814,0.8760408090139062,0.9380067567567567,0.9380301785143588,0.9345637583892618,0.9414965986394558
primary,gue_prom_300_all,random_missing_20,9,0.9816818472355385,0.982363987414735,0.8568332466337075,0.9283783783783783,0.9284184814865544,0.9224832214765101,0.9343537414965987
primary,gue_prom_300_all,random_missing_20,10,0.984891567365201,0.9854692294288212,0.8709436109515596,0.9354729729729729,0.9354768753138839,0.9348993288590604,0.9360544217687075
primary,gue_prom_300_all,random_missing_20,11,0.9853187919463088,0.9858524271159486,0.8733142386484559,0.9366554054054054,0.9366650687120486,0.9352348993288591,0.9380952380952381
primary,gue_prom_300_all,random_missing_20,12,0.9843308565036754,0.9847391910588329,0.869599359529319,0.9347972972972973,0.9348080171665982,0.9332214765100671,0.9363945578231293
primary,gue_prom_300_all,random_missing_20,13,0.9838746975300185,0.9841621379900583,0.8662109167758465,0.9331081081081081,0.9331073368944893,0.9332214765100671,0.9329931972789116
primary,gue_prom_300_all,random_missing_20,14,0.9852383235173263,0.9857453284157724,0.8719549384392773,0.9359797297297298,0.9359802310185819,0.9359060402684564,0.9360544217687075
primary,gue_prom_300_all,random_missing_20,15,0.983791375610647,0.9845460792685742,0.8648726880799061,0.9324324324324325,0.9324453271241382,0.9305369127516778,0.9343537414965987
primary,gue_prom_300_all,random_missing_20,16,0.9710901474683833,0.9722900143737714,0.8125887193677025,0.9045608108108109,0.904863489019769,0.8600671140939598,0.9496598639455782
primary,gue_prom_300_all,random_missing_20,17,0.9854112450349268,0.9861713489532781,0.875770075153098,0.9378378378378378,0.9378829384102634,0.9312080536912751,0.9445578231292517
primary,gue_prom_300_all,random_missing_20,18,0.9857429347577958,0.9863984203571583,0.8763476353957811,0.9381756756756757,0.938177418618454,0.9379194630872483,0.9384353741496598
primary,gue_prom_300_all,random_missing_20,19,0.9827958498835776,0.9831973821014128,0.8589057334278228,0.9293918918918919,0.9294434552344428,0.9218120805369128,0.9370748299319728
primary,gue_prom_300_all,random_missing_20,20,0.9826868465507008,0.9837966892989075,0.8555589882977692,0.9277027027027027,0.9277610373008264,0.9191275167785234,0.9363945578231293
primary,gue_prom_300_all,random_missing_40,1,0.9827877459708716,0.9830783363983442,0.8608077177544451,0.9304054054054054,0.9303885312514267,0.9328859060402684,0.927891156462585
primary,gue_prom_300_all,random_missing_40,2,0.9821280760626397,0.9816587467681596,0.8618060717956068,0.9305743243243243,0.9307001324019541,0.9120805369127517,0.9493197278911565
primary,gue_prom_300_all,random_missing_40,3,0.9840074419029355,0.9840315823927116,0.867949774376925,0.9339527027027027,0.9339827877459709,0.9295302013422819,0.9384353741496598
primary,gue_prom_300_all,random_missing_40,4,0.9831066520567958,0.9833761899898233,0.8648797261499651,0.9324324324324325,0.9324019540702186,0.9369127516778524,0.927891156462585
primary,gue_prom_300_all,random_missing_40,5,0.9839766242067296,0.9847628746984048,0.8622149831868534,0.9310810810810811,0.9310345614755969,0.9379194630872483,0.9241496598639456
primary,gue_prom_300_all,random_missing_40,6,0.9814350773866592,0.9825037590134151,0.8594611562263338,0.9297297297297298,0.9297379354426334,0.9285234899328859,0.930952380952381
primary,gue_prom_300_all,random_missing_40,7,0.9838853125142675,0.9844940451896387,0.8673282133584084,0.9336148648648649,0.9336609140300416,0.9268456375838926,0.9404761904761905
primary,gue_prom_300_all,random_missing_40,8,0.9835812445783683,0.9842656680036784,0.8631783570148212,0.9315878378378378,0.9315653106880335,0.9348993288590604,0.9282312925170068
primary,gue_prom_300_all,random_missing_40,9,0.9831128155960371,0.9830502101133305,0.8635068242914404,0.9317567567567567,0.9317490754691138,0.9328859060402684,0.9306122448979591
primary,gue_prom_300_all,random_missing_40,10,0.9841738574624481,0.9847782979104407,0.8726796339388876,0.9363175675675676,0.9363477605807423,0.9318791946308724,0.9408163265306122
primary,gue_prom_300_all,random_missing_40,11,0.9811288407980643,0.9808445829312074,0.8584781807359143,0.929222972972973,0.9292482764918049,0.925503355704698,0.9329931972789116
primary,gue_prom_300_all,random_missing_40,12,0.9835396977582981,0.9838659842099997,0.8709420276254026,0.9354729729729729,0.9354745925215724,0.9352348993288591,0.9357142857142857
primary,gue_prom_300_all,random_missing_40,13,0.961113431949961,0.962816769871789,0.7982618942086023,0.8989864864864865,0.8990686207368854,0.8869127516778523,0.9112244897959184
primary,gue_prom_300_all,random_missing_40,14,0.9845086289549376,0.9852008768886875,0.8661009610172348,0.9329391891891892,0.9330103182212482,0.9224832214765101,0.9435374149659864
primary,gue_prom_300_all,random_missing_40,15,0.97375542163174,0.9727938406733125,0.8216052856812118,0.9099662162162162,0.910173263936447,0.8795302013422819,0.9408163265306122
primary,gue_prom_300_all,random_missing_40,16,0.9824548007122312,0.9825971428283147,0.8628531658909313,0.9314189189189189,0.9314363329224307,0.9288590604026845,0.9340136054421768
primary,gue_prom_300_all,random_missing_40,17,0.9808827557868786,0.9815556475473783,0.8460512293842002,0.922972972972973,0.922910103638771,0.9322147651006711,0.9136054421768708
primary,gue_prom_300_all,random_missing_40,18,0.981902821531297,0.9827985687042333,0.8645769632040845,0.9322635135135136,0.9322181892891385,0.9389261744966443,0.9255102040816326
primary,gue_prom_300_all,random_missing_40,19,0.9796216842441674,0.9815670183198972,0.8413943050112607,0.9206081081081081,0.9205291512578186,0.9322147651006711,0.908843537414966
primary,gue_prom_300_all,random_missing_40,20,0.9655936401406199,0.9692479216464864,0.7997716902485049,0.8994932432432432,0.8996336118339954,0.8788590604026846,0.9204081632653062
primary,gue_prom_300_all,score_noise_005,1,0.9837822444414006,0.983575295656034,0.8760320286069033,0.9380067567567567,0.9379753914988814,0.9426174496644295,0.9333333333333333
primary,gue_prom_300_all,score_noise_005,2,0.9840640551522623,0.9840329269103408,0.8726417763961924,0.9363175675675676,0.936292973565265,0.9399328859060403,0.9326530612244898
primary,gue_prom_300_all,score_noise_005,3,0.9838947861023604,0.9843024724604817,0.8733497719629635,0.9366554054054054,0.9366148472811944,0.9426174496644295,0.9306122448979591
primary,gue_prom_300_all,score_noise_005,4,0.9840979546180888,0.9840817865921454,0.869602540678415,0.9347972972972973,0.9347714924896133,0.9385906040268457,0.930952380952381
primary,gue_prom_300_all,score_noise_005,5,0.9838261311235903,0.9820526638415729,0.8706216946879725,0.935304054054054,0.9352748481943113,0.9395973154362416,0.930952380952381
primary,gue_prom_300_all,score_noise_005,6,0.9835371866867552,0.9834542814530322,0.8740047210161849,0.9369932432432433,0.9369618317125508,0.9416107382550336,0.932312925170068
primary,gue_prom_300_all,score_noise_005,7,0.9837484591151897,0.9838528259378707,0.8733335583006444,0.9366554054054054,0.936621695658129,0.9416107382550336,0.9316326530612244
primary,gue_prom_300_all,score_noise_005,8,0.9841264895219833,0.9843349198250543,0.8702902280032967,0.9351351351351351,0.9351024973747888,0.9399328859060403,0.9302721088435374
primary,gue_prom_300_all,score_noise_005,9,0.9843037483449757,0.9837040860068342,0.8746690256667907,0.9373310810810811,0.9373065333515956,0.9409395973154362,0.9336734693877551
primary,gue_prom_300_all,score_noise_005,10,0.9842972423868876,0.9843812793421645,0.8753520315448832,0.9376689189189189,0.9376398210290828,0.9419463087248322,0.9333333333333333
primary,gue_prom_300_all,score_noise_005,11,0.983589690909921,0.9832283225527123,0.8720043591588411,0.9359797297297298,0.9359368579646624,0.9422818791946309,0.9295918367346939
primary,gue_prom_300_all,score_noise_005,12,0.9835121901109437,0.9828927933387747,0.8713062294171992,0.9356418918918918,0.9356081358717984,0.9406040268456376,0.9306122448979591
primary,gue_prom_300_all,score_noise_005,13,0.9841212390996665,0.9839626632687579,0.8716465612718638,0.9358108108108109,0.9357759211066976,0.9409395973154362,0.9306122448979591
primary,gue_prom_300_all,score_noise_005,14,0.983903004154682,0.9838834648445496,0.8709707813127854,0.9354729729729729,0.9354380678445875,0.9406040268456376,0.9302721088435374
primary,gue_prom_300_all,score_noise_005,15,0.9839254896589509,0.9835799726260174,0.8736791099442373,0.9368243243243243,0.9367871981007168,0.9422818791946309,0.9312925170068027
primary,gue_prom_300_all,score_noise_005,16,0.9841552527051087,0.9835880387725887,0.8699459322798424,0.9349662162162162,0.9349369949322011,0.939261744966443,0.9306122448979591
primary,gue_prom_300_all,score_noise_005,17,0.9843398164634982,0.985037798831108,0.8716465612718638,0.9358108108108109,0.9357759211066976,0.9409395973154362,0.9306122448979591
primary,gue_prom_300_all,score_noise_005,18,0.9841155321188878,0.9838592084773827,0.8757121041269442,0.9378378378378378,0.9377984750947359,0.9436241610738255,0.9319727891156463
primary,gue_prom_300_all,score_noise_005,19,0.9840833447472949,0.9839833380770591,0.8747013708435708,0.9373310810810811,0.9372905538054148,0.9432885906040268,0.9312925170068027
primary,gue_prom_300_all,score_noise_005,20,0.9835745103410493,0.9833183690141228,0.8726937523329265,0.9363175675675676,0.9362701456421494,0.9432885906040268,0.9292517006802721
primary,gue_prom_core_all,complete,0,0.9231031522326679,0.9238969825825278,0.6877594463217745,0.8435810810810811,0.8436347234092287,0.8237870619946092,0.8634823848238482
primary,gue_prom_core_all,conflicting_strongest,0,0.9209506757719195,0.9223686297855848,0.6833740920334622,0.8413851351351351,0.8414392179636082,0.8214285714285714,0.861449864498645
primary,gue_prom_core_all,missing_engineered,0,0.9196317289571143,0.9208315683453858,0.6801366454705347,0.839695945945946,0.839756408008824,0.8173854447439353,0.8621273712737128
primary,gue_prom_core_all,missing_foundation,0,0.9207737661524189,0.9212681778407324,0.6876662133074717,0.8435810810810811,0.8436301579996932,0.8254716981132075,0.8617886178861789
primary,gue_prom_core_all,missing_local_derived,0,0.9218663257218825,0.9226240919819992,0.6816175531533685,0.8405405405405405,0.8405914214128665,0.8217654986522911,0.8594173441734417
primary,gue_prom_core_all,missing_sequence_grammar,0,0.902179195520055,0.9051690703570539,0.6381462183002157,0.81875,0.8188075698142426,0.7975067385444744,0.8401084010840109
primary,gue_prom_core_all,missing_strongest,0,0.9229262426131674,0.9238529036207093,0.6867355372051136,0.8430743243243243,0.8431275064098349,0.8234501347708895,0.8628048780487805
primary,gue_prom_core_all,random_missing_20,1,0.9210497451588396,0.9222234175878273,0.6843068840455538,0.8417229729729729,0.8417880152521202,0.817722371967655,0.8658536585365854
primary,gue_prom_core_all,random_missing_20,2,0.9125915250476628,0.9099930222270223,0.6521666443175371,0.8256756756756757,0.8257401441938947,0.8018867924528302,0.8495934959349594
primary,gue_prom_core_all,random_missing_20,3,0.9198727825805887,0.9208877866897828,0.681270369800686,0.8403716216216216,0.8404220447190995,0.8217654986522911,0.8590785907859079
primary,gue_prom_core_all,random_missing_20,4,0.9170618599295831,0.9189387722092147,0.6728101257136886,0.8361486486486487,0.8361985843578112,0.817722371967655,0.8546747967479674
primary,gue_prom_core_all,random_missing_20,5,0.915429726020643,0.9164255180022189,0.6683335818526364,0.8337837837837838,0.8338455722832161,0.8109838274932615,0.8567073170731707
primary,gue_prom_core_all,random_missing_20,6,0.9167116930182105,0.9173700538153574,0.6706807498855717,0.8351351351351352,0.8351795849494883,0.818733153638814,0.8516260162601627
primary,gue_prom_core_all,random_missing_20,7,0.8976898571209432,0.8960266329153125,0.6124998123938078,0.80625,0.8062508674278117,0.8059299191374663,0.8065718157181572
primary,gue_prom_core_all,random_missing_20,8,0.9153571360090287,0.9162961466951177,0.6666319689928877,0.8329391891891892,0.8330005149781956,0.8103099730458221,0.8556910569105691
primary,gue_prom_core_all,random_missing_20,9,0.9185037303961314,0.9195599050197637,0.6733524060923047,0.8363175675675676,0.8363770918706492,0.8143530997304582,0.8584010840108401
primary,gue_prom_core_all,random_missing_20,10,0.921362703982498,0.9223478811775079,0.6945007537809091,0.8467905405405406,0.846857446000336,0.8221024258760108,0.8716124661246613
primary,gue_prom_core_all,random_missing_20,11,0.8973552126019912,0.8932537835668432,0.6212224090004801,0.8104729729729729,0.8105099379834768,0.796832884097035,0.8241869918699187
primary,gue_prom_core_all,random_missing_20,12,0.9190246436241316,0.9199563634712368,0.6831060796859155,0.8412162162162162,0.8412734935974697,0.8200808625336927,0.8624661246612466
primary,gue_prom_core_all,random_missing_20,13,0.9152303317591802,0.9167714519001194,0.6622228546237936,0.8309121621621621,0.8309561245882,0.8146900269541779,0.8472222222222222
primary,gue_prom_core_all,random_missing_20,14,0.9120184520157196,0.9098779212968214,0.6510922748991812,0.8253378378378379,0.8253831291682189,0.8086253369272237,0.842140921409214
primary,gue_prom_core_all,random_missing_20,15,0.9188405434846129,0.9197672839766574,0.6804856307070454,0.8398648648648649,0.8399257847025909,0.8173854447439353,0.8624661246612466
primary,gue_prom_core_all,random_missing_20,16,0.9207526511333172,0.9218021719818913,0.6786028017820713,0.8390202702702703,0.8390725096604066,0.819743935309973,0.8584010840108401
primary,gue_prom_core_all,random_missing_20,17,0.9148301736133938,0.9161074983394231,0.6607705489413968,0.8300675675675676,0.8301238504298789,0.8092991913746631,0.8509485094850948
primary,gue_prom_core_all,random_missing_20,18,0.9214412860941279,0.9217733636852322,0.6783140910269592,0.8386824324324325,0.8387511048291076,0.8133423180592992,0.864159891598916
primary,gue_prom_core_all,random_missing_20,19,0.9059968480412568,0.9033963614383532,0.6443952651313761,0.8214527027027027,0.8215413370440983,0.7887466307277629,0.8543360433604336
primary,gue_prom_core_all,random_missing_20,20,0.920333089997005,0.9210016421880514,0.6801288477971235,0.8398648648648649,0.839908436146356,0.8237870619946092,0.856029810298103
primary,gue_prom_core_all,random_missing_40,1,0.9059105047334166,0.9024927784139654,0.642736082939815,0.8212837837837837,0.8213116969444627,0.8109838274932615,0.8316395663956639
primary,gue_prom_core_all,random_missing_40,2,0.8626051413816025,0.8636009313672124,0.5661542537418346,0.7829391891891891,0.7829773226977552,0.7688679245283019,0.7970867208672087
primary,gue_prom_core_all,random_missing_40,3,0.918122975240871,0.9188551295897092,0.6758633898151223,0.8375,0.8375654679727391,0.8133423180592992,0.8617886178861789
primary,gue_prom_core_all,random_missing_40,4,0.9184289718149878,0.9195684338832442,0.6756472939147834,0.8375,0.8375563371536681,0.816711590296496,0.8584010840108401
primary,gue_prom_core_all,random_missing_40,5,0.9207848372705424,0.9212137088627612,0.6809599225173225,0.8402027027027027,0.8402544941891468,0.8210916442048517,0.8594173441734417
primary,gue_prom_core_all,random_missing_40,6,0.9186851483575483,0.9198849840838407,0.6745093332133567,0.8369932432432432,0.8370436416628317,0.8183962264150944,0.8556910569105691
primary,gue_prom_core_all,random_missing_40,7,0.574743572359915,0.558887125447902,0.09567187281492226,0.5476351351351352,0.5477267912840853,0.5138140161725068,0.5816395663956639
primary,gue_prom_core_all,random_missing_40,8,0.8826720565891644,0.8792859590279101,0.5969409156068451,0.7983108108108108,0.7983513393085413,0.7833557951482479,0.8133468834688347
primary,gue_prom_core_all,random_missing_40,9,0.8778221649719866,0.8700470136899938,0.5850884360788019,0.7922297297297297,0.7922884754454014,0.7705525606469003,0.8140243902439024
primary,gue_prom_core_all,random_missing_40,10,0.8965136364217415,0.8931159910738666,0.6216071137692805,0.8104729729729729,0.8105318519492473,0.7887466307277629,0.8323170731707317
primary,gue_prom_core_all,random_missing_40,11,0.9000777375108657,0.8976632713376014,0.634657625365644,0.8172297297297297,0.8172603525226627,0.8059299191374663,0.8285907859078591
primary,gue_prom_core_all,random_missing_40,12,0.8581915887807798,0.8735128706967167,0.5610544712479621,0.7802364864864865,0.7802937749727901,0.7590970350404312,0.801490514905149
primary,gue_prom_core_all,random_missing_40,13,0.9039226112864229,0.9004908024186946,0.6413299200827975,0.8204391891891892,0.8204867274413984,0.8028975741239892,0.8380758807588076
primary,gue_prom_core_all,random_missing_40,14,0.9116953351558448,0.9135251767442657,0.6539890705766002,0.8266891891891892,0.8267445342917041,0.806266846361186,0.8472222222222222
primary,gue_prom_core_all,random_missing_40,15,0.913345160026735,0.9136882551860958,0.6691457726571379,0.8341216216216216,0.8341888910802855,0.8092991913746631,0.8590785907859079
primary,gue_prom_core_all,random_missing_40,16,0.9195845911036604,0.9193434010133338,0.6741608386958688,0.8366554054054054,0.8367204106677185,0.8126684636118598,0.8607723577235772
primary,gue_prom_core_all,random_missing_40,17,0.8672514728011161,0.868645883346272,0.5422171468610963,0.7709459459459459,0.7708940532801555,0.7900943396226415,0.7516937669376694
primary,gue_prom_core_all,random_missing_40,18,0.909777292474744,0.9113700498745166,0.6517514827668957,0.8253378378378379,0.8254123477892461,0.7978436657681941,0.8529810298102981
primary,gue_prom_core_all,random_missing_40,19,0.9118009673189723,0.9136078984327047,0.6573894705383544,0.8283783783783784,0.8284346489017451,0.8076145552560647,0.8492547425474255
primary,gue_prom_core_all,random_missing_40,20,0.8905588015617354,0.8964042410675105,0.6029319238962493,0.8008445945945946,0.8009275999094223,0.7702156334231806,0.8316395663956639
primary,gue_prom_core_all,score_noise_005,1,0.9206733271426379,0.9205042339669108,0.6889493450168189,0.8442567567567567,0.8443021862833184,0.8274932614555256,0.8611111111111112
primary,gue_prom_core_all,score_noise_005,2,0.9212892579565958,0.9206939204554069,0.6863140539683417,0.8429054054054054,0.8429544773884396,0.8247978436657682,0.8611111111111112
primary,gue_prom_core_all,score_noise_005,3,0.9206532964083011,0.9196143474175658,0.6842681932384835,0.8418918918918918,0.8419400433896522,0.8241239892183289,0.8597560975609756
primary,gue_prom_core_all,score_noise_005,4,0.921782778727383,0.9217746816299416,0.6903527698185902,0.8449324324324324,0.8449806061402931,0.8271563342318059,0.8628048780487805
primary,gue_prom_core_all,score_noise_005,5,0.9212740779698902,0.9196982351230832,0.689312658497328,0.8444256756756757,0.8444724760589923,0.8271563342318059,0.8617886178861789
primary,gue_prom_core_all,score_noise_005,6,0.9208554299154852,0.9192139934211959,0.689312658497328,0.8444256756756757,0.8444724760589923,0.8271563342318059,0.8617886178861789
primary,gue_prom_core_all,score_noise_005,7,0.9215008646885658,0.9195321604602409,0.6937330901408717,0.8466216216216216,0.8466698076684271,0.8288409703504043,0.8644986449864499
primary,gue_prom_core_all,score_noise_005,8,0.9214483624789078,0.920588827858958,0.685674224014707,0.8425675675675676,0.8426184632466271,0.8237870619946092,0.861449864498645
primary,gue_prom_core_all,score_noise_005,9,0.9208914966508155,0.9194324693909757,0.6853088749389913,0.8423986486486487,0.842448173470953,0.8241239892183289,0.8607723577235772
primary,gue_prom_core_all,score_noise_005,10,0.9207834105800626,0.9190129301170362,0.6860030954118166,0.8427364864864865,0.8427869268584869,0.8241239892183289,0.861449864498645
primary,gue_prom_core_all,score_noise_005,11,0.9222094162484751,0.9227145635837252,0.6909774023445495,0.8452702702702702,0.8453157072001987,0.8285040431266847,0.8621273712737128
primary,gue_prom_core_all,score_noise_005,12,0.9209248241404248,0.9209868601557549,0.6862619928034519,0.8429054054054054,0.8429517381427183,0.8258086253369272,0.8600948509485095
primary,gue_prom_core_all,score_noise_005,13,0.922193437315101,0.922063584843263,0.6907732629241183,0.8451013513513513,0.8451536351616886,0.8258086253369272,0.8644986449864499
primary,gue_prom_core_all,score_noise_005,14,0.921432783018868,0.921301444447768,0.6876140603721678,0.8435810810810811,0.8436274187539718,0.8264824797843666,0.8607723577235772
primary,gue_prom_core_all,score_noise_005,15,0.9217646312244794,0.9201082729237613,0.689312658497328,0.8444256756756757,0.8444724760589923,0.8271563342318059,0.8617886178861789
primary,gue_prom_core_all,score_noise_005,16,0.921733015763446,0.9211163305872004,0.6853832297424933,0.8423986486486487,0.8424518257985815,0.8227762803234502,0.8621273712737128
primary,gue_prom_core_all,score_noise_005,17,0.9213617909005909,0.9204063086848946,0.6917226913248617,0.8456081081081082,0.8456571998334539,0.8274932614555256,0.8638211382113821
primary,gue_prom_core_all,score_noise_005,18,0.9206584324940285,0.9204713117610721,0.6879778101771261,0.84375,0.843797708529646,0.8261455525606469,0.861449864498645
primary,gue_prom_core_all,score_noise_005,19,0.9203574578704009,0.9195471386961125,0.682817098794023,0.8412162162162162,0.841258884286956,0.8254716981132075,0.8570460704607046
primary,gue_prom_core_all,score_noise_005,20,0.9215704871839823,0.9214128437217788,0.6893475035683824,0.8444256756756757,0.8444743022228066,0.8264824797843666,0.8624661246612466
primary,ipromoter_hs_tata,complete,0,0.9573280000000001,0.969113666767651,0.7303809073063449,0.86,0.86,0.944,0.776
primary,ipromoter_hs_tata,conflicting_strongest,0,0.554672,0.5514539469377688,0.046566563018926053,0.52,0.52,0.776,0.264
primary,ipromoter_hs_tata,missing_engineered,0,0.923584,0.9343734958320239,0.5391508189418228,0.748,0.748,0.944,0.552
primary,ipromoter_hs_tata,missing_foundation,0,0.9606399999999998,0.9723283225736532,0.7802309606564416,0.888,0.8879999999999999,0.94,0.836
primary,ipromoter_hs_tata,missing_local_derived,0,0.9633759999999999,0.971898059854649,0.7121150753305642,0.846,0.846,0.964,0.728
primary,ipromoter_hs_tata,missing_sequence_grammar,0,0.9573439999999999,0.9691337647315234,0.7365584456209253,0.864,0.864,0.94,0.788
primary,ipromoter_hs_tata,missing_strongest,0,0.9564480000000001,0.9640481808282578,0.7080952413705038,0.846,0.846,0.952,0.74
primary,ipromoter_hs_tata,random_missing_20,1,0.9549599999999999,0.9683744731511841,0.7592198460608496,0.878,0.878,0.924,0.832
primary,ipromoter_hs_tata,random_missing_20,2,0.889728,0.8829913088827944,0.5910182802934225,0.788,0.788,0.9,0.676
primary,ipromoter_hs_tata,random_missing_20,3,0.946608,0.9569615706317608,0.6333333333333333,0.804,0.804,0.944,0.664
primary,ipromoter_hs_tata,random_missing_20,4,0.952336,0.9651126403541058,0.7010429563582953,0.844,0.844,0.94,0.748
primary,ipromoter_hs_tata,random_missing_20,5,0.954352,0.9594124000422152,0.7025031373936813,0.842,0.842,0.956,0.728
primary,ipromoter_hs_tata,random_missing_20,6,0.954896,0.9677770454539273,0.7167754422082824,0.854,0.8540000000000001,0.932,0.776
primary,ipromoter_hs_tata,random_missing_20,7,0.9491999999999999,0.9636961479592144,0.6858571279792899,0.836,0.8360000000000001,0.936,0.736
primary,ipromoter_hs_tata,random_missing_20,8,0.9492639999999999,0.963797986573268,0.7105899579978919,0.85,0.8500000000000001,0.936,0.764
primary,ipromoter_hs_tata,random_missing_20,9,0.953248,0.9618713144127602,0.7473603760032685,0.87,0.87,0.94,0.8
primary,ipromoter_hs_tata,random_missing_20,10,0.9283839999999999,0.9376853556026885,0.5979140521752595,0.782,0.782,0.948,0.616
primary,ipromoter_hs_tata,random_missing_20,11,0.9579359999999999,0.9691723854464441,0.7437516115670041,0.868,0.868,0.94,0.796
primary,ipromoter_hs_tata,random_missing_20,12,0.9598720000000001,0.9673582585544402,0.6985439450726216,0.838,0.838,0.964,0.712
primary,ipromoter_hs_tata,random_missing_20,13,0.957456,0.9689689662741003,0.7162287147323132,0.852,0.852,0.944,0.76
primary,ipromoter_hs_tata,random_missing_20,14,0.936368,0.938125308309768,0.6706683032429526,0.828,0.8280000000000001,0.932,0.724
primary,ipromoter_hs_tata,random_missing_20,15,0.9546879999999999,0.9674546298465512,0.7010429563582953,0.844,0.844,0.94,0.748
primary,ipromoter_hs_tata,random_missing_20,16,0.958736,0.9692894276196419,0.7070367255286566,0.848,0.8480000000000001,0.936,0.76
primary,ipromoter_hs_tata,random_missing_20,17,0.89608,0.8831329270018561,0.6205374015050718,0.804,0.804,0.904,0.704
primary,ipromoter_hs_tata,random_missing_20,18,0.964272,0.9732693395123057,0.7395521242819595,0.862,0.862,0.964,0.76
primary,ipromoter_hs_tata,random_missing_20,19,0.95888,0.9701232539419177,0.6990736758947546,0.84,0.84,0.956,0.724
primary,ipromoter_hs_tata,random_missing_20,20,0.9536960000000001,0.9659078571868989,0.7034903826483417,0.846,0.8460000000000001,0.936,0.756
primary,ipromoter_hs_tata,random_missing_40,1,0.864784,0.8481541208611704,0.5385466994770067,0.754,0.754,0.92,0.588
primary,ipromoter_hs_tata,random_missing_40,2,0.902192,0.9342180560873734,0.4154271588728568,0.684,0.684,0.916,0.452
primary,ipromoter_hs_tata,random_missing_40,3,0.9493919999999999,0.9644900649905094,0.7431517011706729,0.87,0.87,0.916,0.824
primary,ipromoter_hs_tata,random_missing_40,4,0.941184,0.9590548621305802,0.6289589360170277,0.804,0.804,0.932,0.676
primary,ipromoter_hs_tata,random_missing_40,5,0.950784,0.9631285122098079,0.6826248835207603,0.832,0.832,0.948,0.716
primary,ipromoter_hs_tata,random_missing_40,6,0.9550079999999999,0.9672179770450258,0.7080897520649005,0.848,0.848,0.94,0.756
primary,ipromoter_hs_tata,random_missing_40,7,0.951792,0.9653529038930478,0.7014980458827497,0.846,0.8460000000000001,0.928,0.764
primary,ipromoter_hs_tata,random_missing_40,8,0.8717919999999999,0.8568468423356728,0.4857685685082328,0.712,0.712,0.956,0.468
primary,ipromoter_hs_tata,random_missing_40,9,0.960736,0.9706141775879107,0.6403193041025829,0.802,0.802,0.968,0.636
primary,ipromoter_hs_tata,random_missing_40,10,0.8916160000000001,0.8903592106729341,0.5935404558865897,0.796,0.796,0.832,0.76
primary,ipromoter_hs_tata,random_missing_40,11,0.935744,0.9503122154072968,0.5793584501023474,0.772,0.772,0.944,0.6
primary,ipromoter_hs_tata,random_missing_40,12,0.9570080000000001,0.9670405336975108,0.7329737572864357,0.862,0.862,0.94,0.784
primary,ipromoter_hs_tata,random_missing_40,13,0.872208,0.8597512939500083,0.5418698263790444,0.754,0.754,0.928,0.58
primary,ipromoter_hs_tata,random_missing_40,14,0.919744,0.945774506989381,0.510139986273914,0.742,0.742,0.9,0.584
primary,ipromoter_hs_tata,random_missing_40,15,0.8138880000000001,0.792079544605697,0.4870712931970518,0.738,0.738,0.844,0.632
primary,ipromoter_hs_tata,random_missing_40,16,0.957504,0.9680899196120322,0.7574735861838574,0.876,0.876,0.936,0.816
primary,ipromoter_hs_tata,random_missing_40,17,0.9526400000000002,0.9596317187961974,0.721292399641066,0.856,0.8560000000000001,0.936,0.776
primary,ipromoter_hs_tata,random_missing_40,18,0.9478719999999998,0.9634625842119213,0.6960882013560393,0.844,0.8440000000000001,0.92,0.768
primary,ipromoter_hs_tata,random_missing_40,19,0.9485600000000001,0.9612455489915769,0.5870801383534751,0.772,0.772,0.96,0.584
primary,ipromoter_hs_tata,random_missing_40,20,0.94304,0.9593072968899445,0.6172273008945254,0.798,0.798,0.928,0.668
primary,ipromoter_hs_tata,score_noise_005,1,0.9002560000000001,0.892427437385942,0.6297896330958169,0.806,0.806,0.924,0.688
primary,ipromoter_hs_tata,score_noise_005,2,0.904864,0.9001451635736495,0.6342463731487198,0.814,0.8140000000000001,0.884,0.744
primary,ipromoter_hs_tata,score_noise_005,3,0.9098080000000001,0.9071847355598569,0.6414899641561748,0.814,0.8140000000000001,0.916,0.712
primary,ipromoter_hs_tata,score_noise_005,4,0.8864319999999999,0.8873436458169729,0.6050165928096337,0.798,0.798,0.884,0.712
primary,ipromoter_hs_tata,score_noise_005,5,0.921488,0.9233733841142949,0.6762796545128993,0.834,0.8340000000000001,0.912,0.756
primary,ipromoter_hs_tata,score_noise_005,6,0.918144,0.9169528809469956,0.6835274410299019,0.838,0.8380000000000001,0.912,0.764
primary,ipromoter_hs_tata,score_noise_005,7,0.914288,0.9142364393365789,0.6366196138935936,0.814,0.8140000000000001,0.896,0.732
primary,ipromoter_hs_tata,score_noise_005,8,0.8970879999999999,0.8885430901414075,0.5982349919125902,0.796,0.796,0.868,0.724
primary,ipromoter_hs_tata,score_noise_005,9,0.91464,0.9034681834168865,0.6475463812485095,0.818,0.8180000000000001,0.912,0.724
primary,ipromoter_hs_tata,score_noise_005,10,0.9136799999999999,0.9097131079751886,0.7091242083423346,0.852,0.8520000000000001,0.912,0.792
primary,ipromoter_hs_tata,score_noise_005,11,0.9161600000000001,0.9203673823640155,0.6411121297466805,0.816,0.8160000000000001,0.9,0.732
primary,ipromoter_hs_tata,score_noise_005,12,0.9098400000000001,0.9043484386749256,0.6638831227703844,0.83,0.8300000000000001,0.884,0.776
primary,ipromoter_hs_tata,score_noise_005,13,0.9168,0.9145256421533874,0.6843055088373238,0.84,0.8400000000000001,0.896,0.784
primary,ipromoter_hs_tata,score_noise_005,14,0.9023039999999999,0.8993056870457299,0.626700125390774,0.808,0.808,0.9,0.716
primary,ipromoter_hs_tata,score_noise_005,15,0.9034239999999999,0.8969241593484417,0.6709590354738519,0.83,0.8300000000000001,0.92,0.74
primary,ipromoter_hs_tata,score_noise_005,16,0.90832,0.8997845803527507,0.6537427613580606,0.822,0.8220000000000001,0.908,0.736
primary,ipromoter_hs_tata,score_noise_005,17,0.8904479999999999,0.9017664230044606,0.6118496314310189,0.804,0.804,0.86,0.748
primary,ipromoter_hs_tata,score_noise_005,18,0.9106559999999999,0.9156939837493954,0.6195263335259353,0.804,0.804,0.9,0.708
primary,ipromoter_hs_tata,score_noise_005,19,0.8962720000000001,0.882229041627137,0.6151477128262673,0.804,0.804,0.88,0.728
primary,ipromoter_hs_tata,score_noise_005,20,0.8770880000000001,0.8814323040692796,0.5882507637385276,0.792,0.792,0.852,0.732
primary,ipromoter_hs_notata,complete,0,0.90179704,0.916695818447935,0.46688009572562855,0.7056,0.7056,0.9424,0.4688
primary,ipromoter_hs_notata,conflicting_strongest,0,0.11947792000000002,0.3241042995404376,-0.6578491230757096,0.1746,0.17459999999999998,0.2476,0.1016
primary,ipromoter_hs_notata,missing_engineered,0,0.88642096,0.8891189042687113,0.5550554066325242,0.7686,0.7686,0.8944,0.6428
primary,ipromoter_hs_notata,missing_foundation,0,0.90155296,0.9194970097946316,0.4990723020306823,0.728,0.728,0.9312,0.5248
primary,ipromoter_hs_notata,missing_local_derived,0,0.8176044800000001,0.8203193052714899,0.17023792434079382,0.5312,0.5312,0.9964,0.066
primary,ipromoter_hs_notata,missing_sequence_grammar,0,0.90779776,0.9237919701651317,0.4763178430065847,0.7122,0.7122,0.9392,0.4852
primary,ipromoter_hs_notata,missing_strongest,0,0.78378936,0.7690229763596106,0.21817709210083472,0.555,0.555,0.9868,0.1232
primary,ipromoter_hs_notata,random_missing_20,1,0.9061432000000001,0.9240559118600147,0.4358095566709198,0.6844,0.6844,0.9508,0.418
primary,ipromoter_hs_notata,random_missing_20,2,0.89930432,0.9134760775630062,0.4632689367396423,0.7048,0.7048,0.9384,0.4712
primary,ipromoter_hs_notata,random_missing_20,3,0.90328768,0.9202967271659902,0.4890912372297555,0.7212,0.7212000000000001,0.9344,0.508
primary,ipromoter_hs_notata,random_missing_20,4,0.8991028000000001,0.9168868221968477,0.4505008672656645,0.696,0.696,0.9424,0.4496
primary,ipromoter_hs_notata,random_missing_20,5,0.9086957599999999,0.9260040280958821,0.485767663107877,0.717,0.717,0.9416,0.4924
primary,ipromoter_hs_notata,random_missing_20,6,0.89198512,0.9019999114030162,0.578812651174041,0.7826,0.7826,0.8904,0.6748
primary,ipromoter_hs_notata,random_missing_20,7,0.90225568,0.9186467568441573,0.46985182438178713,0.7084,0.7084,0.9392,0.4776
primary,ipromoter_hs_notata,random_missing_20,8,0.90058376,0.9174729173558569,0.4677278526656694,0.7088,0.7088,0.934,0.4836
primary,ipromoter_hs_notata,random_missing_20,9,0.8934143999999999,0.8969072844108271,0.5670905481070013,0.7746,0.7746,0.8992,0.65
primary,ipromoter_hs_notata,random_missing_20,10,0.9027124799999999,0.9178953949457775,0.4657488343480263,0.7056,0.7056,0.9404,0.4708
primary,ipromoter_hs_notata,random_missing_20,11,0.65750024,0.6385295056581562,0.2062358435843981,0.5942,0.5942,0.7976,0.3908
primary,ipromoter_hs_notata,random_missing_20,12,0.9052429599999999,0.9220930033725369,0.4821859660527037,0.7154,0.7154,0.94,0.4908
primary,ipromoter_hs_notata,random_missing_20,13,0.9009158400000001,0.9160748844415644,0.46892062399453116,0.709,0.709,0.9356,0.4824
primary,ipromoter_hs_notata,random_missing_20,14,0.7844903999999999,0.782123636649224,0.2404055289038913,0.5718,0.5718,0.9728,0.1708
primary,ipromoter_hs_notata,random_missing_20,15,0.90117168,0.9196071698043915,0.46180136512963976,0.7042,0.7041999999999999,0.9376,0.4708
primary,ipromoter_hs_notata,random_missing_20,16,0.90602424,0.9214001943944119,0.48675470683637556,0.7168,0.7168,0.944,0.4896
primary,ipromoter_hs_notata,random_missing_20,17,0.8830676,0.8830731346738953,0.5548213991171135,0.7684,0.7684,0.8948,0.642
primary,ipromoter_hs_notata,random_missing_20,18,0.8887296800000001,0.8955119190357357,0.5578038591661649,0.7694,0.7694000000000001,0.8988,0.64
primary,ipromoter_hs_notata,random_missing_20,19,0.8949483199999999,0.899484140462709,0.56531790818914,0.7726,0.7726,0.9048,0.6404
primary,ipromoter_hs_notata,random_missing_20,20,0.90283672,0.9198249127514638,0.4656595480768587,0.7062,0.7061999999999999,0.9384,0.474
primary,ipromoter_hs_notata,random_missing_40,1,0.83288048,0.8393959970026212,0.16634725644712176,0.5314,0.5314,0.9944,0.0684
primary,ipromoter_hs_notata,random_missing_40,2,0.8893932,0.8930188896883382,0.5792747280231685,0.7828,0.7827999999999999,0.8908,0.6748
primary,ipromoter_hs_notata,random_missing_40,3,0.76379088,0.7860312913051888,0.13251120634274982,0.519,0.519,0.998,0.04
primary,ipromoter_hs_notata,random_missing_40,4,0.80774176,0.8053862020571649,0.1616953095060651,0.5288,0.5288,0.996,0.0616
primary,ipromoter_hs_notata,random_missing_40,5,0.9004136800000001,0.9098095248007048,0.5908528188263175,0.7884,0.7884,0.8968,0.68
primary,ipromoter_hs_notata,random_missing_40,6,0.8227916799999999,0.8218017514834494,0.1853679129674139,0.5404,0.5404,0.9904,0.0904
primary,ipromoter_hs_notata,random_missing_40,7,0.90181624,0.9225762385215701,0.4675533263373443,0.7082,0.7081999999999999,0.9356,0.4808
primary,ipromoter_hs_notata,random_missing_40,8,0.8536232799999999,0.8734433053204176,0.210786165480782,0.5462,0.5462,0.9956,0.0968
primary,ipromoter_hs_notata,random_missing_40,9,0.9056782400000001,0.9210262156931734,0.5027426499827528,0.729,0.7290000000000001,0.9352,0.5228
primary,ipromoter_hs_notata,random_missing_40,10,0.88533776,0.8911233715369546,0.5687141701182706,0.777,0.777,0.89,0.664
primary,ipromoter_hs_notata,random_missing_40,11,0.91134344,0.929123172395858,0.5408462822447756,0.7538,0.7538,0.9264,0.5812
primary,ipromoter_hs_notata,random_missing_40,12,0.90000656,0.9213814271673537,0.4541317842211288,0.701,0.701,0.9336,0.4684
primary,ipromoter_hs_notata,random_missing_40,13,0.58918976,0.5559439816468636,0.14070524077080834,0.5514,0.5514,0.8928,0.21
primary,ipromoter_hs_notata,random_missing_40,14,0.6812394400000001,0.6667461457517717,0.21566307812169325,0.5926,0.5926,0.8488,0.3364
primary,ipromoter_hs_notata,random_missing_40,15,0.60034032,0.5650353397701853,0.13741172635107543,0.5532,0.5532,0.8696,0.2368
primary,ipromoter_hs_notata,random_missing_40,16,0.70968904,0.7021467145823415,0.2411435424184044,0.5994,0.5993999999999999,0.8824,0.3164
primary,ipromoter_hs_notata,random_missing_40,17,0.8391360000000001,0.8458122960442741,0.1685816398388679,0.5294,0.5294,0.998,0.0608
primary,ipromoter_hs_notata,random_missing_40,18,0.90090176,0.9194972458786406,0.44831917384270886,0.695,0.6950000000000001,0.9416,0.4484
primary,ipromoter_hs_notata,random_missing_40,19,0.80505088,0.8044297424471616,0.23481623485770453,0.5626,0.5626,0.9856,0.1396
primary,ipromoter_hs_notata,random_missing_40,20,0.8994948,0.9069762518056972,0.6067138706368045,0.7974,0.7974,0.896,0.6988
primary,ipromoter_hs_notata,score_noise_005,1,0.8596706399999999,0.8554291009822266,0.4712379433949315,0.7152,0.7152000000000001,0.9188,0.5116
primary,ipromoter_hs_notata,score_noise_005,2,0.8621387200000001,0.8595169000835152,0.4686623263826849,0.7124,0.7123999999999999,0.9236,0.5012
primary,ipromoter_hs_notata,score_noise_005,3,0.8630203999999999,0.8615683122109664,0.46490664506329377,0.711,0.711,0.9208,0.5012
primary,ipromoter_hs_notata,score_noise_005,4,0.8592907200000001,0.8487902998385581,0.4759901135647967,0.7172,0.7172000000000001,0.9216,0.5128
primary,ipromoter_hs_notata,score_noise_005,5,0.8642873599999998,0.8558696524950336,0.4770542472389101,0.7176,0.7176,0.9224,0.5128
primary,ipromoter_hs_notata,score_noise_005,6,0.86237568,0.8566700781100702,0.47006433921945,0.7142,0.7142,0.92,0.5084
primary,ipromoter_hs_notata,score_noise_005,7,0.85962176,0.8542007133804381,0.47031056464578597,0.7154,0.7154,0.916,0.5148
primary,ipromoter_hs_notata,score_noise_005,8,0.8615942400000001,0.8572083431401998,0.468938690274108,0.7144,0.7143999999999999,0.9168,0.512
primary,ipromoter_hs_notata,score_noise_005,9,0.8584896,0.85657469525693,0.45913257703569194,0.7102,0.7101999999999999,0.9112,0.5092
primary,ipromoter_hs_notata,score_noise_005,10,0.85740536,0.8478789154715461,0.4608799893174643,0.711,0.7110000000000001,0.912,0.51
primary,ipromoter_hs_notata,score_noise_005,11,0.8618966399999999,0.8537485323302001,0.47331311835502315,0.7164,0.7163999999999999,0.9188,0.514
primary,ipromoter_hs_notata,score_noise_005,12,0.8597782399999999,0.8544824560840298,0.46122296680214087,0.7092,0.7092,0.9196,0.4988
primary,ipromoter_hs_notata,score_noise_005,13,0.8552510400000001,0.8504093654670637,0.46165318949980383,0.7102,0.7101999999999999,0.9168,0.5036
primary,ipromoter_hs_notata,score_noise_005,14,0.86143744,0.8603546808996391,0.44784910430268704,0.7028,0.7028,0.9148,0.4908
primary,ipromoter_hs_notata,score_noise_005,15,0.85988992,0.8513151649061831,0.4601368900744477,0.7078,0.7078,0.9224,0.4932
primary,ipromoter_hs_notata,score_noise_005,16,0.86182832,0.8535672024702983,0.4727118919972101,0.7176,0.7176,0.9128,0.5224
primary,ipromoter_hs_notata,score_noise_005,17,0.8564259200000001,0.8482683620146214,0.45484215142527984,0.7066,0.7066,0.9156,0.4976
primary,ipromoter_hs_notata,score_noise_005,18,0.8617694400000001,0.8592523957236564,0.4653287063534159,0.712,0.712,0.918,0.506
primary,ipromoter_hs_notata,score_noise_005,19,0.8603515199999999,0.8547330705132086,0.4729897573108978,0.716,0.716,0.9196,0.5124
primary,ipromoter_hs_notata,score_noise_005,20,0.8563794399999999,0.8480174038822121,0.45409546378954946,0.7068,0.7068,0.9132,0.5004
primary,ipromoter_mm_tata,complete,0,0.954992,0.9673761127397215,0.696417806248397,0.842,0.8420000000000001,0.936,0.748
primary,ipromoter_mm_tata,conflicting_strongest,0,0.31967999999999996,0.3876193649722377,-0.22685806494692282,0.416,0.416,0.752,0.08
primary,ipromoter_mm_tata,missing_engineered,0,0.927344,0.9442962872925672,0.5659453309702791,0.764,0.764,0.944,0.584
primary,ipromoter_mm_tata,missing_foundation,0,0.959696,0.9708060258212754,0.7320619338840961,0.862,0.8620000000000001,0.936,0.788
primary,ipromoter_mm_tata,missing_local_derived,0,0.957648,0.9668893785285004,0.6523803408371128,0.816,0.816,0.94,0.692
primary,ipromoter_mm_tata,missing_sequence_grammar,0,0.955008,0.9673826008119779,0.6999507893974879,0.844,0.8440000000000001,0.936,0.752
primary,ipromoter_mm_tata,missing_strongest,0,0.954224,0.9637447712495479,0.6200855906224597,0.798,0.798,0.936,0.66
primary,ipromoter_mm_tata,random_missing_20,1,0.9480799999999999,0.9627370406540782,0.6455104869648443,0.812,0.812,0.94,0.684
primary,ipromoter_mm_tata,random_missing_20,2,0.9576,0.969430399021476,0.7010429563582953,0.844,0.844,0.94,0.748
primary,ipromoter_mm_tata,random_missing_20,3,0.913472,0.9151141179472804,0.6554735253444622,0.82,0.8200000000000001,0.928,0.712
primary,ipromoter_mm_tata,random_missing_20,4,0.936768,0.9486464457707043,0.6531972647421808,0.82,0.8200000000000001,0.92,0.72
primary,ipromoter_mm_tata,random_missing_20,5,0.954608,0.9681617587475155,0.6753509527522147,0.83,0.8300000000000001,0.936,0.724
primary,ipromoter_mm_tata,random_missing_20,6,0.9525440000000001,0.965768783558432,0.654487265766241,0.818,0.8180000000000001,0.936,0.7
primary,ipromoter_mm_tata,random_missing_20,7,0.952272,0.9610041779577914,0.6852784378854606,0.838,0.8380000000000001,0.92,0.756
primary,ipromoter_mm_tata,random_missing_20,8,0.953472,0.9654634101826298,0.6836728640626626,0.836,0.8360000000000001,0.928,0.744
primary,ipromoter_mm_tata,random_missing_20,9,0.945232,0.9608901877388791,0.5044492055465091,0.726,0.726,0.948,0.504
primary,ipromoter_mm_tata,random_missing_20,10,0.944704,0.9605955861351322,0.6475727359064425,0.814,0.8140000000000001,0.936,0.692
primary,ipromoter_mm_tata,random_missing_20,11,0.95224,0.9635886334326209,0.5289202332388668,0.738,0.738,0.956,0.52
primary,ipromoter_mm_tata,random_missing_20,12,0.9566719999999999,0.9688131527272609,0.7303911296200235,0.862,0.8620000000000001,0.928,0.796
primary,ipromoter_mm_tata,random_missing_20,13,0.9635999999999999,0.9715725126727257,0.7080897520649005,0.848,0.848,0.94,0.756
primary,ipromoter_mm_tata,random_missing_20,14,0.94928,0.9638620423887312,0.6624894214960872,0.824,0.8240000000000001,0.928,0.72
primary,ipromoter_mm_tata,random_missing_20,15,0.956928,0.9687375396343212,0.7203703479149709,0.856,0.8560000000000001,0.932,0.78
primary,ipromoter_mm_tata,random_missing_20,16,0.9463680000000001,0.9610542698432626,0.6566869781038028,0.82,0.8200000000000001,0.932,0.708
primary,ipromoter_mm_tata,random_missing_20,17,0.9477760000000001,0.9621686655861984,0.6601743563243074,0.822,0.8220000000000001,0.932,0.712
primary,ipromoter_mm_tata,random_missing_20,18,0.9534239999999998,0.9660995527754934,0.6953575458547193,0.842,0.8420000000000001,0.932,0.752
primary,ipromoter_mm_tata,random_missing_20,19,0.954704,0.9638079592509035,0.6299381571489879,0.802,0.802,0.944,0.66
primary,ipromoter_mm_tata,random_missing_20,20,0.956176,0.9689461802976344,0.6928912940750593,0.84,0.8400000000000001,0.936,0.744
primary,ipromoter_mm_tata,random_missing_40,1,0.9489920000000001,0.9630252915241317,0.6475727359064425,0.814,0.8140000000000001,0.936,0.692
primary,ipromoter_mm_tata,random_missing_40,2,0.947216,0.9625215207530697,0.6532046716116685,0.818,0.8180000000000001,0.932,0.704
primary,ipromoter_mm_tata,random_missing_40,3,0.959728,0.9707867168297173,0.771563594570388,0.884,0.884,0.932,0.836
primary,ipromoter_mm_tata,random_missing_40,4,0.95632,0.9651930637328333,0.6601489674719483,0.818,0.8180000000000001,0.952,0.684
primary,ipromoter_mm_tata,random_missing_40,5,0.926656,0.9432438108566971,0.5946473740283671,0.784,0.784,0.932,0.636
primary,ipromoter_mm_tata,random_missing_40,6,0.9590719999999998,0.9672369030003051,0.6882472016116853,0.836,0.836,0.944,0.728
primary,ipromoter_mm_tata,random_missing_40,7,0.95712,0.9691456885405081,0.7384617498368193,0.866,0.8660000000000001,0.932,0.8
primary,ipromoter_mm_tata,random_missing_40,8,0.9450560000000001,0.9578562877322453,0.6507927362884978,0.818,0.8180000000000001,0.924,0.712
primary,ipromoter_mm_tata,random_missing_40,9,0.7600160000000001,0.7517368865081673,0.2700691249368129,0.6,0.6000000000000001,0.936,0.264
primary,ipromoter_mm_tata,random_missing_40,10,0.9520319999999999,0.9651918123081731,0.6741773508647697,0.83,0.8300000000000001,0.932,0.728
primary,ipromoter_mm_tata,random_missing_40,11,0.943248,0.9597595262780808,0.6449882606479997,0.814,0.8140000000000001,0.928,0.7
primary,ipromoter_mm_tata,random_missing_40,12,0.94024,0.9578583523723224,0.49909338094043154,0.72,0.72,0.956,0.484
primary,ipromoter_mm_tata,random_missing_40,13,0.957952,0.9691867488049715,0.6482519081813745,0.81,0.81,0.956,0.664
primary,ipromoter_mm_tata,random_missing_40,14,0.927184,0.9481147631549851,0.4422319942582257,0.692,0.692,0.94,0.444
primary,ipromoter_mm_tata,random_missing_40,15,0.9456000000000001,0.9604800817611122,0.5826307236951956,0.768,0.768,0.964,0.572
primary,ipromoter_mm_tata,random_missing_40,16,0.956672,0.9684601069932629,0.7303911296200235,0.862,0.8620000000000001,0.928,0.796
primary,ipromoter_mm_tata,random_missing_40,17,0.944144,0.9604704712281078,0.6501487131297992,0.82,0.8200000000000001,0.908,0.732
primary,ipromoter_mm_tata,random_missing_40,18,0.955376,0.968128648410108,0.6953575458547193,0.842,0.8420000000000001,0.932,0.752
primary,ipromoter_mm_tata,random_missing_40,19,0.95632,0.9676929439817572,0.6882725687484158,0.838,0.8380000000000001,0.932,0.744
primary,ipromoter_mm_tata,random_missing_40,20,0.9504319999999999,0.9604965458482801,0.6898041902337702,0.84,0.8400000000000001,0.924,0.756
primary,ipromoter_mm_tata,score_noise_005,1,0.870512,0.8621878967905663,0.49964129416431735,0.736,0.736,0.9,0.572
primary,ipromoter_mm_tata,score_noise_005,2,0.8531360000000001,0.8249226011967492,0.5215845987060774,0.746,0.746,0.912,0.58
primary,ipromoter_mm_tata,score_noise_005,3,0.8872319999999999,0.8601648058073201,0.5180118867824779,0.74,0.74,0.928,0.552
primary,ipromoter_mm_tata,score_noise_005,4,0.871424,0.8519619189188221,0.49964129416431735,0.736,0.736,0.9,0.572
primary,ipromoter_mm_tata,score_noise_005,5,0.8884480000000001,0.886032062783693,0.5128024307957474,0.738,0.738,0.924,0.552
primary,ipromoter_mm_tata,score_noise_005,6,0.8772639999999999,0.850486917764504,0.5784691080303483,0.778,0.778,0.916,0.64
primary,ipromoter_mm_tata,score_noise_005,7,0.853472,0.8282598850149957,0.4750961549381806,0.726,0.726,0.88,0.572
primary,ipromoter_mm_tata,score_noise_005,8,0.875584,0.8854013288490834,0.5290383082791119,0.752,0.752,0.904,0.6
primary,ipromoter_mm_tata,score_noise_005,9,0.880784,0.8590806826741649,0.5128024307957474,0.738,0.738,0.924,0.552
primary,ipromoter_mm_tata,score_noise_005,10,0.879984,0.8448402996110403,0.5278410804171958,0.74,0.74,0.948,0.532
primary,ipromoter_mm_tata,score_noise_005,11,0.897216,0.8836592514408546,0.5266454182288526,0.744,0.744,0.932,0.556
primary,ipromoter_mm_tata,score_noise_005,12,0.8927520000000001,0.8813830659304092,0.5299145299145299,0.748,0.748,0.924,0.572
primary,ipromoter_mm_tata,score_noise_005,13,0.882976,0.8715613014588892,0.5181226203398316,0.744,0.744,0.912,0.576
primary,ipromoter_mm_tata,score_noise_005,14,0.855136,0.8201295922465346,0.5220601452279174,0.748,0.748,0.904,0.592
primary,ipromoter_mm_tata,score_noise_005,15,0.863936,0.8445789966039895,0.5197186096506352,0.744,0.744,0.916,0.572
primary,ipromoter_mm_tata,score_noise_005,16,0.8520160000000001,0.8514579554359067,0.42811436256376645,0.698,0.698,0.888,0.508
primary,ipromoter_mm_tata,score_noise_005,17,0.899152,0.8905354326412689,0.5470085470085471,0.756,0.756,0.932,0.58
primary,ipromoter_mm_tata,score_noise_005,18,0.874368,0.8530230483025047,0.5470277498624714,0.758,0.758,0.924,0.592
primary,ipromoter_mm_tata,score_noise_005,19,0.8961600000000001,0.8893242402700814,0.5473211199970102,0.76,0.76,0.916,0.604
primary,ipromoter_mm_tata,score_noise_005,20,0.8685600000000001,0.8266047018554257,0.5391508189418228,0.748,0.748,0.944,0.552
primary,ipromoter_mm_notata,complete,0,0.90043776,0.9188584751680455,0.5135154450531131,0.738,0.738,0.9256,0.5504
primary,ipromoter_mm_notata,conflicting_strongest,0,0.12370704000000002,0.3265461407047978,-0.6575381849297655,0.173,0.173,0.2248,0.1212
primary,ipromoter_mm_notata,missing_engineered,0,0.89059584,0.9022340630762689,0.5989045844488021,0.7968,0.7968,0.8632,0.7304
primary,ipromoter_mm_notata,missing_foundation,0,0.9001529599999999,0.9204202047754472,0.523032421345146,0.7462,0.7462,0.9148,0.5776
primary,ipromoter_mm_notata,missing_local_derived,0,0.81675408,0.8265108022768931,0.24307225214682857,0.5708,0.5708,0.9772,0.1644
primary,ipromoter_mm_notata,missing_sequence_grammar,0,0.9044028800000001,0.9240958719939238,0.5129798339343468,0.738,0.738,0.9244,0.5516
primary,ipromoter_mm_notata,missing_strongest,0,0.79887128,0.7954799810477826,0.324798582366121,0.6212,0.6212,0.954,0.2884
primary,ipromoter_mm_notata,random_missing_20,1,0.89220432,0.9062808329997082,0.5833722355250551,0.7874,0.7874,0.8728,0.702
primary,ipromoter_mm_notata,random_missing_20,2,0.89617992,0.9143309696971611,0.5084865250106534,0.737,0.7370000000000001,0.918,0.556
primary,ipromoter_mm_notata,random_missing_20,3,0.89503592,0.9165480213534541,0.45361457959027635,0.703,0.7030000000000001,0.926,0.48
primary,ipromoter_mm_notata,random_missing_20,4,0.89313104,0.9157165228172723,0.47464175076974296,0.7162,0.7162,0.9224,0.51
primary,ipromoter_mm_notata,random_missing_20,5,0.90038272,0.9201780772480631,0.5181154697914001,0.7424,0.7424,0.9188,0.566
primary,ipromoter_mm_notata,random_missing_20,6,0.8917128,0.9124177805347654,0.48302079026950445,0.7216,0.7216,0.9204,0.5228
primary,ipromoter_mm_notata,random_missing_20,7,0.88934336,0.9071179515745343,0.580711911562179,0.787,0.787,0.8628,0.7112
primary,ipromoter_mm_notata,random_missing_20,8,0.89553232,0.9162210946851266,0.4960853885820068,0.7304,0.7303999999999999,0.9156,0.5452
primary,ipromoter_mm_notata,random_missing_20,9,0.8966151199999999,0.9172365188607776,0.5009137632584972,0.7322,0.7322,0.9196,0.5448
primary,ipromoter_mm_notata,random_missing_20,10,0.75830776,0.7606595026561804,0.17033195137400997,0.5412,0.5412,0.9788,0.1036
primary,ipromoter_mm_notata,random_missing_20,11,0.9124940000000001,0.9310503009129805,0.5497364259302471,0.7606,0.7605999999999999,0.9196,0.6016
primary,ipromoter_mm_notata,random_missing_20,12,0.9072473600000002,0.9225949431901752,0.5582325710700421,0.7664,0.7664,0.9156,0.6172
primary,ipromoter_mm_notata,random_missing_20,13,0.9057603200000001,0.9247522043916352,0.5157451532813695,0.7392,0.7392000000000001,0.926,0.5524
primary,ipromoter_mm_notata,random_missing_20,14,0.90051784,0.9210185845930221,0.5183055711325072,0.7428,0.7427999999999999,0.9176,0.568
primary,ipromoter_mm_notata,random_missing_20,15,0.9111992,0.9278737318959431,0.556016723290479,0.7638,0.7638,0.9216,0.606
primary,ipromoter_mm_notata,random_missing_20,16,0.8134663999999999,0.8147419139261245,0.25737843524098625,0.5768,0.5768,0.978,0.1756
primary,ipromoter_mm_notata,random_missing_20,17,0.88733184,0.9000951232552109,0.5725324804440158,0.782,0.782,0.868,0.696
primary,ipromoter_mm_notata,random_missing_20,18,0.8965997600000001,0.9191030183560036,0.499242317750353,0.733,0.733,0.9124,0.5536
primary,ipromoter_mm_notata,random_missing_20,19,0.8954256799999999,0.9144442726707582,0.4945513851519156,0.7284,0.7284,0.92,0.5368
primary,ipromoter_mm_notata,random_missing_20,20,0.8973058399999999,0.9155616747497648,0.5194754478966108,0.7446,0.7445999999999999,0.9128,0.5764
primary,ipromoter_mm_notata,random_missing_40,1,0.8941979199999999,0.9115322910366632,0.5977257536610279,0.7958,0.7958000000000001,0.8672,0.7244
primary,ipromoter_mm_notata,random_missing_40,2,0.8901889599999999,0.9031087281349801,0.5731519423000054,0.7814,0.7814,0.876,0.6868
primary,ipromoter_mm_notata,random_missing_40,3,0.68201448,0.6659943607897845,0.25920095183870917,0.6294,0.6294,0.6572,0.6016
primary,ipromoter_mm_notata,random_missing_40,4,0.90870848,0.9257619955667613,0.6427814170924504,0.8202,0.8202,0.8632,0.7772
primary,ipromoter_mm_notata,random_missing_40,5,0.76979504,0.7551005934543791,0.4059790040389512,0.7028,0.7028000000000001,0.7244,0.6812
primary,ipromoter_mm_notata,random_missing_40,6,0.74698552,0.7748648561781051,0.11441481457303614,0.5212,0.5212,0.9856,0.0568
primary,ipromoter_mm_notata,random_missing_40,7,0.69169808,0.6642727796742903,0.2782116137965095,0.6386,0.6386000000000001,0.6812,0.596
primary,ipromoter_mm_notata,random_missing_40,8,0.75743896,0.7712949264802251,0.16523580712020747,0.5356,0.5356,0.9868,0.0844
primary,ipromoter_mm_notata,random_missing_40,9,0.6512027199999999,0.6310075634881052,0.21884866196096622,0.6092,0.6092,0.6412,0.5772
primary,ipromoter_mm_notata,random_missing_40,10,0.83648584,0.854992922105889,0.2915314838754325,0.603,0.603,0.9568,0.2492
primary,ipromoter_mm_notata,random_missing_40,11,0.7027966400000001,0.7271350041807614,0.112956498944981,0.532,0.532,0.944,0.12
primary,ipromoter_mm_notata,random_missing_40,12,0.89264456,0.912534801040334,0.6008461826760323,0.7986,0.7986,0.8536,0.7436
primary,ipromoter_mm_notata,random_missing_40,13,0.78781664,0.820020929943253,0.10665369051030418,0.5186,0.5186,0.9872,0.05
primary,ipromoter_mm_notata,random_missing_40,14,0.69742968,0.6766753724500925,0.28528690957432407,0.6424,0.6424,0.6716,0.6132
primary,ipromoter_mm_notata,random_missing_40,15,0.68269832,0.6718401864366566,0.25731055749668563,0.628,0.628,0.6784,0.5776
primary,ipromoter_mm_notata,random_missing_40,16,0.9094055999999999,0.929570785437986,0.548115644582942,0.7614,0.7614,0.9116,0.6112
primary,ipromoter_mm_notata,random_missing_40,17,0.82766536,0.8366463360562759,0.3334363076008673,0.6256,0.6256,0.9544,0.2968
primary,ipromoter_mm_notata,random_missing_40,18,0.80049904,0.8036339665665757,0.2190164041622786,0.5644,0.5644,0.9688,0.16
primary,ipromoter_mm_notata,random_missing_40,19,0.8973795200000001,0.912320682861336,0.6173968063880169,0.8066,0.8066,0.8648,0.7484
primary,ipromoter_mm_notata,random_missing_40,20,0.80010256,0.7960730204386055,0.3730017426275811,0.6574,0.6574,0.9256,0.3892
primary,ipromoter_mm_notata,score_noise_005,1,0.8360934400000001,0.8207931309453502,0.47772741397150825,0.729,0.729,0.8712,0.5868
primary,ipromoter_mm_notata,score_noise_005,2,0.83921592,0.8323557563651173,0.4722923995335959,0.725,0.7250000000000001,0.8768,0.5732
primary,ipromoter_mm_notata,score_noise_005,3,0.8347922400000001,0.8186317784870321,0.48166597734159333,0.7306,0.7306,0.8748,0.5864
primary,ipromoter_mm_notata,score_noise_005,4,0.83362608,0.8175218648115654,0.47771527961787635,0.7274,0.7274,0.8804,0.5744
primary,ipromoter_mm_notata,score_noise_005,5,0.83633368,0.8228950051742555,0.47665312034774787,0.7284,0.7283999999999999,0.8712,0.5856
primary,ipromoter_mm_notata,score_noise_005,6,0.8374296,0.8253589990882968,0.48363392418530676,0.7308,0.7308,0.88,0.5816
primary,ipromoter_mm_notata,score_noise_005,7,0.8394544799999999,0.8250864221076004,0.487514480102029,0.7334,0.7334,0.8776,0.5892
primary,ipromoter_mm_notata,score_noise_005,8,0.82932384,0.8118984959662141,0.47283877778388045,0.726,0.726,0.8728,0.5792
primary,ipromoter_mm_notata,score_noise_005,9,0.8325913600000001,0.8149971527456848,0.48976230783631575,0.735,0.7350000000000001,0.8756,0.5944
primary,ipromoter_mm_notata,score_noise_005,10,0.84682496,0.8333422394703924,0.4895245352162107,0.7328,0.7328,0.8872,0.5784
primary,ipromoter_mm_notata,score_noise_005,11,0.8397121599999999,0.8218525194515709,0.4883646508171349,0.7336,0.7336,0.8792,0.588
primary,ipromoter_mm_notata,score_noise_005,12,0.8411056000000001,0.8274780495683027,0.4918267809807766,0.7344,0.7344,0.8856,0.5832
primary,ipromoter_mm_notata,score_noise_005,13,0.83958216,0.8251737736687387,0.4877774781556333,0.7332,0.7332000000000001,0.8796,0.5868
primary,ipromoter_mm_notata,score_noise_005,14,0.8390883200000001,0.8261174750007962,0.4783257852626344,0.7294,0.7294,0.8708,0.588
primary,ipromoter_mm_notata,score_noise_005,15,0.8289,0.8129882459904025,0.46817587775748826,0.724,0.724,0.8692,0.5788
primary,ipromoter_mm_notata,score_noise_005,16,0.83463888,0.8233466443746476,0.48122434875414427,0.7298,0.7298,0.878,0.5816
primary,ipromoter_mm_notata,score_noise_005,17,0.83186096,0.808801113705624,0.47477522850646464,0.7256,0.7256,0.8812,0.57
primary,ipromoter_mm_notata,score_noise_005,18,0.82538288,0.8124754636634031,0.46486027037785166,0.7214,0.7214,0.8736,0.5692
primary,ipromoter_mm_notata,score_noise_005,19,0.8402166400000001,0.8241003027870594,0.4829277425302012,0.7296,0.7296,0.8844,0.5748
primary,ipromoter_mm_notata,score_noise_005,20,0.8400272,0.8263545180435579,0.4921136725727759,0.735,0.735,0.8832,0.5868
primary,snnrice6ma_rice_chen,complete,0,0.8987035123966943,0.9005747255963822,0.6099990216107299,0.8045454545454546,0.8045454545454545,0.8318181818181818,0.7772727272727272
primary,snnrice6ma_rice_chen,conflicting_strongest,0,0.8936893078512396,0.8949874773287354,0.6255835253825934,0.8125,0.8125,0.8340909090909091,0.7909090909090909
primary,snnrice6ma_rice_chen,missing_engineered,0,0.7656592200413224,0.7814953456078164,0.3545802051084162,0.6704545454545454,0.6704545454545454,0.8079545454545455,0.5329545454545455
primary,snnrice6ma_rice_chen,missing_foundation,0,0.8908780991735538,0.8883896080082081,0.6048640297183363,0.8017045454545455,0.8017045454545455,0.8363636363636363,0.7670454545454546
primary,snnrice6ma_rice_chen,missing_local_derived,0,0.8970583677685952,0.8978717495313726,0.6202033882317416,0.8096590909090909,0.8096590909090908,0.8363636363636363,0.7829545454545455
primary,snnrice6ma_rice_chen,missing_sequence_grammar,0,0.8962164256198346,0.8963017105916263,0.6207148385666564,0.8096590909090909,0.8096590909090908,0.8431818181818181,0.7761363636363636
primary,snnrice6ma_rice_chen,missing_strongest,0,0.89650826446281,0.8971319511888237,0.6301968209427067,0.8147727272727273,0.8147727272727272,0.8375,0.7920454545454545
primary,snnrice6ma_rice_chen,random_missing_20,1,0.8765444214876033,0.8772729656948633,0.5759592428825204,0.7869318181818182,0.7869318181818181,0.8295454545454546,0.7443181818181818
primary,snnrice6ma_rice_chen,random_missing_20,2,0.87489798553719,0.8720382861876976,0.5906165401473548,0.7943181818181818,0.7943181818181818,0.8352272727272727,0.7534090909090909
primary,snnrice6ma_rice_chen,random_missing_20,3,0.8945854855371901,0.8946996417847447,0.6116986515230634,0.8051136363636363,0.8051136363636364,0.8397727272727272,0.7704545454545455
primary,snnrice6ma_rice_chen,random_missing_20,4,0.8649160640495868,0.8694550779204513,0.5410851938362321,0.7681818181818182,0.7681818181818182,0.8340909090909091,0.7022727272727273
primary,snnrice6ma_rice_chen,random_missing_20,5,0.8908432334710743,0.8914780713694268,0.6234003819597514,0.8107954545454545,0.8107954545454545,0.8488636363636364,0.7727272727272727
primary,snnrice6ma_rice_chen,random_missing_20,6,0.8850309917355371,0.8791289996232847,0.6015930993855523,0.8,0.8,0.8363636363636363,0.7636363636363637
primary,snnrice6ma_rice_chen,random_missing_20,7,0.8760924586776859,0.88033966172419,0.5889259889986441,0.7931818181818182,0.7931818181818182,0.8397727272727272,0.7465909090909091
primary,snnrice6ma_rice_chen,random_missing_20,8,0.890364152892562,0.8911536382546662,0.6157006403080532,0.8068181818181818,0.8068181818181819,0.8477272727272728,0.7659090909090909
primary,snnrice6ma_rice_chen,random_missing_20,9,0.8681314566115703,0.870015842935427,0.5859476366352991,0.7920454545454545,0.7920454545454545,0.8318181818181818,0.7522727272727273
primary,snnrice6ma_rice_chen,random_missing_20,10,0.8735847107438015,0.8798698401215355,0.5690066315317909,0.7835227272727273,0.7835227272727272,0.825,0.7420454545454546
primary,snnrice6ma_rice_chen,random_missing_20,11,0.8761092458677687,0.8785666014217633,0.5584175108412855,0.7778409090909091,0.7778409090909091,0.8272727272727273,0.7284090909090909
primary,snnrice6ma_rice_chen,random_missing_20,12,0.8661647727272728,0.866304544716433,0.5746838734991366,0.7869318181818182,0.7869318181818181,0.8136363636363636,0.7602272727272728
primary,snnrice6ma_rice_chen,random_missing_20,13,0.8591335227272727,0.8585714659625695,0.5317535568501377,0.7636363636363637,0.7636363636363637,0.8284090909090909,0.6988636363636364
primary,snnrice6ma_rice_chen,random_missing_20,14,0.8808212809917355,0.882067189641907,0.584181301658839,0.7914772727272728,0.7914772727272728,0.8238636363636364,0.759090909090909
primary,snnrice6ma_rice_chen,random_missing_20,15,0.8744486053719008,0.8736888991553884,0.5644567978835072,0.7806818181818181,0.7806818181818183,0.8329545454545455,0.7284090909090909
primary,snnrice6ma_rice_chen,random_missing_20,16,0.8823863636363638,0.8859460850429344,0.584551334723698,0.7914772727272728,0.7914772727272728,0.8284090909090909,0.7545454545454545
primary,snnrice6ma_rice_chen,random_missing_20,17,0.8861221590909091,0.8902843327511094,0.6003076151818517,0.7994318181818182,0.7994318181818182,0.8340909090909091,0.7647727272727273
primary,snnrice6ma_rice_chen,random_missing_20,18,0.8839888946280992,0.8840314917741324,0.6071872599753463,0.8022727272727272,0.8022727272727272,0.8488636363636364,0.7556818181818182
primary,snnrice6ma_rice_chen,random_missing_20,19,0.8885343491735537,0.8884746400995335,0.595946097583809,0.7971590909090909,0.7971590909090909,0.8340909090909091,0.7602272727272728
primary,snnrice6ma_rice_chen,random_missing_20,20,0.8775761880165288,0.877833301053565,0.5893143409573727,0.79375,0.79375,0.8329545454545455,0.7545454545454545
primary,snnrice6ma_rice_chen,random_missing_40,1,0.869819214876033,0.874395389435002,0.5435564506479138,0.76875,0.76875,0.8431818181818181,0.6943181818181818
primary,snnrice6ma_rice_chen,random_missing_40,2,0.8400503615702479,0.8393443012726769,0.4900223534372678,0.7403409090909091,0.7403409090909091,0.8375,0.6431818181818182
primary,snnrice6ma_rice_chen,random_missing_40,3,0.8677815082644627,0.8671846441853884,0.5502561293249818,0.7727272727272727,0.7727272727272727,0.8386363636363636,0.7068181818181818
primary,snnrice6ma_rice_chen,random_missing_40,4,0.868928202479339,0.8705617118707022,0.5525147776525468,0.7744318181818182,0.7744318181818182,0.8318181818181818,0.7170454545454545
primary,snnrice6ma_rice_chen,random_missing_40,5,0.8684077995867768,0.8709754374563444,0.5535859031547299,0.775,0.7749999999999999,0.8318181818181818,0.7181818181818181
primary,snnrice6ma_rice_chen,random_missing_40,6,0.8620170454545455,0.8642412633275395,0.5820780123823808,0.7897727272727273,0.7897727272727273,0.8363636363636363,0.7431818181818182
primary,snnrice6ma_rice_chen,random_missing_40,7,0.8572352789256199,0.8563504321815518,0.5504514584785427,0.772159090909091,0.772159090909091,0.8465909090909091,0.6977272727272728
primary,snnrice6ma_rice_chen,random_missing_40,8,0.8602569731404958,0.8634269245169649,0.540921721623416,0.7681818181818182,0.7681818181818182,0.8329545454545455,0.7034090909090909
primary,snnrice6ma_rice_chen,random_missing_40,9,0.8132076446280991,0.8036682217848286,0.47765545878366306,0.7323863636363637,0.7323863636363637,0.8477272727272728,0.6170454545454546
primary,snnrice6ma_rice_chen,random_missing_40,10,0.8551407541322313,0.8578736123591016,0.5352721189613802,0.7653409090909091,0.7653409090909091,0.8306818181818182,0.7
primary,snnrice6ma_rice_chen,random_missing_40,11,0.8059116735537191,0.8029683246560448,0.41237672112072793,0.7034090909090909,0.7034090909090909,0.7852272727272728,0.6215909090909091
primary,snnrice6ma_rice_chen,random_missing_40,12,0.8435550103305784,0.8449085406694248,0.49767077253245134,0.74375,0.74375,0.8443181818181819,0.6431818181818182
primary,snnrice6ma_rice_chen,random_missing_40,13,0.8412809917355373,0.84259094507662,0.4935173313598068,0.74375,0.7437499999999999,0.821590909090909,0.6659090909090909
primary,snnrice6ma_rice_chen,random_missing_40,14,0.8740689566115702,0.8759294168738182,0.5664758595097378,0.7818181818181819,0.7818181818181817,0.8318181818181818,0.7318181818181818
primary,snnrice6ma_rice_chen,random_missing_40,15,0.8595674070247933,0.8632445013395538,0.5348784510925262,0.7659090909090909,0.7659090909090909,0.8193181818181818,0.7125
primary,snnrice6ma_rice_chen,random_missing_40,16,0.8695118801652892,0.8672680760304804,0.5726734439533746,0.7840909090909091,0.7840909090909091,0.8465909090909091,0.7215909090909091
primary,snnrice6ma_rice_chen,random_missing_40,17,0.8334755940082643,0.8288162676083397,0.4931650244477026,0.74375,0.74375,0.8193181818181818,0.6681818181818182
primary,snnrice6ma_rice_chen,random_missing_40,18,0.8704971590909092,0.8727663534767867,0.5754355244356091,0.7869318181818182,0.7869318181818181,0.8238636363636364,0.75
primary,snnrice6ma_rice_chen,random_missing_40,19,0.8367032541322313,0.8390680143006755,0.4944018240174211,0.7443181818181818,0.7443181818181819,0.8204545454545454,0.6681818181818182
primary,snnrice6ma_rice_chen,random_missing_40,20,0.8808535640495868,0.8813865857661123,0.5816054504921156,0.7897727272727273,0.7897727272727273,0.8318181818181818,0.7477272727272727
primary,snnrice6ma_rice_chen,score_noise_005,1,0.8711596074380165,0.866571800074464,0.5716976265196214,0.7852272727272728,0.7852272727272728,0.8181818181818182,0.7522727272727273
primary,snnrice6ma_rice_chen,score_noise_005,2,0.868988894628099,0.8584035228502327,0.5544155268843731,0.7767045454545455,0.7767045454545454,0.8068181818181818,0.7465909090909091
primary,snnrice6ma_rice_chen,score_noise_005,3,0.8730049070247934,0.8710811062387044,0.5685986667195425,0.7835227272727273,0.7835227272727272,0.8204545454545454,0.7465909090909091
primary,snnrice6ma_rice_chen,score_noise_005,4,0.8654984504132233,0.8658869851534976,0.5586913217610112,0.7784090909090909,0.7784090909090909,0.8193181818181818,0.7375
primary,snnrice6ma_rice_chen,score_noise_005,5,0.8782334710743801,0.8739270371876291,0.5885684340846425,0.79375,0.79375,0.8238636363636364,0.7636363636363637
primary,snnrice6ma_rice_chen,score_noise_005,6,0.8665573347107438,0.8618217232916827,0.5625869073718984,0.7806818181818181,0.7806818181818181,0.8136363636363636,0.7477272727272727
primary,snnrice6ma_rice_chen,score_noise_005,7,0.8727763429752066,0.8714294831110418,0.5860637521822879,0.7926136363636364,0.7926136363636364,0.8193181818181818,0.7659090909090909
primary,snnrice6ma_rice_chen,score_noise_005,8,0.8726110537190083,0.8712812532176277,0.5747630334275026,0.7863636363636364,0.7863636363636364,0.8284090909090909,0.7443181818181818
primary,snnrice6ma_rice_chen,score_noise_005,9,0.8732463842975207,0.8776785093463424,0.5660463757204187,0.7823863636363636,0.7823863636363637,0.8159090909090909,0.7488636363636364
primary,snnrice6ma_rice_chen,score_noise_005,10,0.8723669938016528,0.867994504369406,0.5698857808048186,0.7840909090909091,0.7840909090909092,0.8227272727272728,0.7454545454545455
primary,snnrice6ma_rice_chen,score_noise_005,11,0.8718853305785125,0.8677896476403624,0.5760856470254242,0.7875,0.7875000000000001,0.8181818181818182,0.7568181818181818
primary,snnrice6ma_rice_chen,score_noise_005,12,0.8705552685950413,0.8743222125287312,0.5742479585043908,0.7863636363636364,0.7863636363636364,0.8227272727272728,0.75
primary,snnrice6ma_rice_chen,score_noise_005,13,0.8720105888429752,0.8707098789322197,0.5626730259168705,0.7806818181818181,0.7806818181818183,0.8147727272727273,0.7465909090909091
primary,snnrice6ma_rice_chen,score_noise_005,14,0.866355888429752,0.8734982861886604,0.571969196764294,0.7852272727272728,0.7852272727272727,0.821590909090909,0.7488636363636364
primary,snnrice6ma_rice_chen,score_noise_005,15,0.8778318698347107,0.8724155996668108,0.5794376912597382,0.7886363636363637,0.7886363636363636,0.8318181818181818,0.7454545454545455
primary,snnrice6ma_rice_chen,score_noise_005,16,0.8740173037190084,0.8749326480032633,0.5767029935349989,0.7880681818181818,0.7880681818181818,0.8102272727272727,0.7659090909090909
primary,snnrice6ma_rice_chen,score_noise_005,17,0.8640289256198348,0.861284724339773,0.5457184523138884,0.772159090909091,0.772159090909091,0.8079545454545455,0.7363636363636363
primary,snnrice6ma_rice_chen,score_noise_005,18,0.8785847107438016,0.8760124828647283,0.5834614813834474,0.7909090909090909,0.7909090909090909,0.8284090909090909,0.7534090909090909
primary,snnrice6ma_rice_chen,score_noise_005,19,0.8722378615702479,0.8703892808464393,0.5717851396969008,0.7852272727272728,0.7852272727272727,0.8193181818181818,0.7511363636363636
primary,snnrice6ma_rice_chen,score_noise_005,20,0.8743091425619833,0.8711867539660849,0.5735678069348513,0.7857954545454545,0.7857954545454545,0.8272727272727273,0.7443181818181818
auxiliary,ienhancer_recognition,complete,0,0.8157999999999999,0.796815612839707,0.4623173950192375,0.73,0.73,0.78,0.68
auxiliary,ienhancer_recognition,conflicting_strongest,0,0.821725,0.7908269033639996,0.515161012978766,0.7575,0.7575000000000001,0.77,0.745
auxiliary,ienhancer_recognition,missing_engineered,0,0.841425,0.8382513453706881,0.536065041669624,0.765,0.7649999999999999,0.84,0.69
auxiliary,ienhancer_recognition,missing_foundation,0,0.13624999999999998,0.329069316580352,-0.5924041148964996,0.205,0.20500000000000002,0.25,0.16
auxiliary,ienhancer_recognition,missing_local_derived,0,0.8273249999999999,0.8032716793652777,0.5164545768808172,0.7575,0.7575000000000001,0.795,0.72
auxiliary,ienhancer_recognition,missing_sequence_grammar,0,0.8135249999999999,0.7937559497679222,0.467584704520274,0.7325,0.7325,0.785,0.68
auxiliary,ienhancer_recognition,missing_strongest,0,0.8235250000000001,0.8003206231371238,0.496049012731919,0.7475,0.7475,0.78,0.715
auxiliary,ienhancer_recognition,random_missing_20,1,0.8361000000000002,0.8257408919939229,0.5143649037365505,0.755,0.7549999999999999,0.82,0.69
auxiliary,ienhancer_recognition,random_missing_20,2,0.839575,0.8361792887010012,0.5092616848751034,0.7475,0.7475,0.865,0.63
auxiliary,ienhancer_recognition,random_missing_20,3,0.8318000000000001,0.8180760345977645,0.5244504900843261,0.76,0.76,0.825,0.695
auxiliary,ienhancer_recognition,random_missing_20,4,0.790225,0.7728754249790042,0.3904884159709719,0.695,0.6950000000000001,0.72,0.67
auxiliary,ienhancer_recognition,random_missing_20,5,0.8293999999999999,0.8150160760608587,0.501607721190705,0.75,0.75,0.79,0.71
auxiliary,ienhancer_recognition,random_missing_20,6,0.832575,0.8234869344227059,0.5205008323469453,0.7575,0.7575000000000001,0.83,0.685
auxiliary,ienhancer_recognition,random_missing_20,7,0.807525,0.7844024163980812,0.45628511161314916,0.7275,0.7275,0.765,0.69
auxiliary,ienhancer_recognition,random_missing_20,8,0.8095,0.7938109253585128,0.42305705611332467,0.71,0.71,0.77,0.65
auxiliary,ienhancer_recognition,random_missing_20,9,0.839125,0.8242240608296802,0.5178626297375077,0.7575,0.7575000000000001,0.81,0.705
auxiliary,ienhancer_recognition,random_missing_20,10,0.8418,0.8299690353262748,0.5259506069211406,0.76,0.76,0.835,0.685
auxiliary,ienhancer_recognition,random_missing_20,11,0.7315250000000001,0.7268877059894822,0.29634026628119914,0.6475,0.6475,0.695,0.6
auxiliary,ienhancer_recognition,random_missing_20,12,0.8238000000000001,0.8013468395038919,0.49199663779539793,0.745,0.745,0.79,0.7
auxiliary,ienhancer_recognition,random_missing_20,13,0.8140750000000001,0.8020103545497062,0.47402255834544854,0.735,0.7350000000000001,0.8,0.67
auxiliary,ienhancer_recognition,random_missing_20,14,0.79505,0.7840111444022093,0.43886691224865276,0.715,0.715,0.815,0.615
auxiliary,ienhancer_recognition,random_missing_20,15,0.782875,0.7715285149851995,0.411019165371407,0.7,0.7,0.815,0.585
auxiliary,ienhancer_recognition,random_missing_20,16,0.6857,0.6905591847066213,0.2643171957927295,0.63,0.63,0.72,0.54
auxiliary,ienhancer_recognition,random_missing_20,17,0.7978,0.7824192896177995,0.4106282486415249,0.7025,0.7025,0.785,0.62
auxiliary,ienhancer_recognition,random_missing_20,18,0.83145,0.8277434182635803,0.48883405175860056,0.7425,0.7425,0.805,0.68
auxiliary,ienhancer_recognition,random_missing_20,19,0.7711749999999999,0.7613590653601945,0.35175250767932975,0.6725,0.6725,0.77,0.575
auxiliary,ienhancer_recognition,random_missing_20,20,0.782675,0.7685405239896212,0.3655533181574998,0.6825,0.6825,0.71,0.655
auxiliary,ienhancer_recognition,random_missing_40,1,0.8455,0.8487164431818839,0.5046883805833862,0.7475,0.7475,0.845,0.65
auxiliary,ienhancer_recognition,random_missing_40,2,0.7843999999999999,0.7742156129459837,0.4146981098256823,0.7025,0.7025,0.81,0.595
auxiliary,ienhancer_recognition,random_missing_40,3,0.4343,0.48826467790653044,-0.15641436809147216,0.4275,0.4275,0.615,0.24
auxiliary,ienhancer_recognition,random_missing_40,4,0.85235,0.8524913456309862,0.5634190594416914,0.78,0.78,0.835,0.725
auxiliary,ienhancer_recognition,random_missing_40,5,0.7484999999999999,0.7449630330064423,0.31457899219979124,0.655,0.655,0.74,0.57
auxiliary,ienhancer_recognition,random_missing_40,6,0.831675,0.8147955589262569,0.5057217374241736,0.75,0.75,0.825,0.675
auxiliary,ienhancer_recognition,random_missing_40,7,0.8301249999999999,0.8199716362061826,0.5143649037365505,0.755,0.7549999999999999,0.82,0.69
auxiliary,ienhancer_recognition,random_missing_40,8,0.759525,0.7420220010303982,0.327991624339339,0.6375,0.6375,0.91,0.365
auxiliary,ienhancer_recognition,random_missing_40,9,0.8302750000000001,0.8168367195682353,0.5065255615456924,0.75,0.75,0.83,0.67
auxiliary,ienhancer_recognition,random_missing_40,10,0.8207749999999999,0.7983020157739631,0.5092769427934508,0.75,0.75,0.845,0.655
auxiliary,ienhancer_recognition,random_missing_40,11,0.828275,0.8124521237708964,0.5042793173887751,0.75,0.75,0.815,0.685
auxiliary,ienhancer_recognition,random_missing_40,12,0.7320500000000001,0.705797769324248,0.3313446744336353,0.665,0.665,0.71,0.62
auxiliary,ienhancer_recognition,random_missing_40,13,0.706475,0.7210954206283858,0.24490550378651849,0.5975,0.5975,0.9,0.295
auxiliary,ienhancer_recognition,random_missing_40,14,0.79675,0.7897632880501579,0.4225230815011658,0.7025,0.7025,0.845,0.56
auxiliary,ienhancer_recognition,random_missing_40,15,0.7966249999999999,0.770733129894299,0.4470217576106224,0.7225,0.7225,0.77,0.675
auxiliary,ienhancer_recognition,random_missing_40,16,0.8353499999999999,0.8235308786480643,0.5322958778686434,0.7625,0.7625,0.845,0.68
auxiliary,ienhancer_recognition,random_missing_40,17,0.84475,0.8438583258937087,0.519549799721065,0.7525,0.7525,0.87,0.635
auxiliary,ienhancer_recognition,random_missing_40,18,0.8385,0.8261782690658587,0.5461794764181075,0.77,0.77,0.845,0.695
auxiliary,ienhancer_recognition,random_missing_40,19,0.7742749999999998,0.7498155641485996,0.3551109895290523,0.6775,0.6775,0.69,0.665
auxiliary,ienhancer_recognition,random_missing_40,20,0.83895,0.8425668811121515,0.5083022996014029,0.75,0.75,0.84,0.66
auxiliary,ienhancer_recognition,score_noise_005,1,0.8062499999999999,0.7799848466908417,0.49157556676689085,0.745,0.745,0.785,0.705
auxiliary,ienhancer_recognition,score_noise_005,2,0.8112999999999999,0.7908663162172704,0.45596424402630936,0.7275,0.7275,0.76,0.695
auxiliary,ienhancer_recognition,score_noise_005,3,0.8106500000000001,0.7852474155119957,0.47600662837911417,0.7375,0.7375,0.77,0.705
auxiliary,ienhancer_recognition,score_noise_005,4,0.80185,0.7805761068766457,0.4614791034954486,0.73,0.73,0.77,0.69
auxiliary,ienhancer_recognition,score_noise_005,5,0.8005,0.7758525084980064,0.46711262312121216,0.7325,0.7325,0.78,0.685
auxiliary,ienhancer_recognition,score_noise_005,6,0.804125,0.7759829897877624,0.45183364695495726,0.725,0.7250000000000001,0.77,0.68
auxiliary,ienhancer_recognition,score_noise_005,7,0.808725,0.7960452506343669,0.4611311587098753,0.73,0.73,0.765,0.695
auxiliary,ienhancer_recognition,score_noise_005,8,0.8076249999999998,0.782646406890078,0.4608302423279951,0.73,0.73,0.76,0.7
auxiliary,ienhancer_recognition,score_noise_005,9,0.8135749999999999,0.7881825250511086,0.4570671903659173,0.7275,0.7275,0.775,0.68
auxiliary,ienhancer_recognition,score_noise_005,10,0.809275,0.7805874678826863,0.45596424402630936,0.7275,0.7275,0.76,0.695
auxiliary,ienhancer_recognition,score_noise_005,11,0.8061750000000001,0.7887973901191548,0.4470217576106224,0.7225,0.7225,0.77,0.675
auxiliary,ienhancer_recognition,score_noise_005,12,0.812,0.7877216538779319,0.5009024373130382,0.75,0.75,0.78,0.72
auxiliary,ienhancer_recognition,score_noise_005,13,0.813725,0.8005845681270726,0.44594305184990696,0.7225,0.7224999999999999,0.755,0.69
auxiliary,ienhancer_recognition,score_noise_005,14,0.80255,0.7873266057707511,0.4623173950192375,0.73,0.73,0.78,0.68
auxiliary,ienhancer_recognition,score_noise_005,15,0.8198249999999999,0.7968349285826339,0.43592185967350455,0.7175,0.7175,0.75,0.685
auxiliary,ienhancer_recognition,score_noise_005,16,0.812775,0.792029400572402,0.4618743946650674,0.73,0.73,0.775,0.685
auxiliary,ienhancer_recognition,score_noise_005,17,0.8080999999999999,0.7824837218034263,0.48118033952334816,0.74,0.74,0.775,0.705
auxiliary,ienhancer_recognition,score_noise_005,18,0.8083499999999999,0.7840266433965266,0.47191514237517757,0.735,0.735,0.78,0.69
auxiliary,ienhancer_recognition,score_noise_005,19,0.8129,0.7861632865258532,0.49639808845826117,0.7475,0.7475,0.785,0.71
auxiliary,ienhancer_recognition,score_noise_005,20,0.80425,0.7933520724967096,0.4657049121732532,0.7325,0.7324999999999999,0.76,0.705
auxiliary,ienhancer_strength,complete,0,0.9994999999999999,0.9995008706512909,0.5078007830046403,0.705,0.705,1.0,0.41
auxiliary,ienhancer_strength,conflicting_strongest,0,0.9789,0.9794764802747018,0.6624567313140605,0.805,0.8049999999999999,1.0,0.61
auxiliary,ienhancer_strength,missing_engineered,0,0.4042,0.4109551912081731,0.06546536707079771,0.53,0.53,0.73,0.33
auxiliary,ienhancer_strength,missing_foundation,0,0.971,0.9701730492096058,0.37796447300922725,0.625,0.625,1.0,0.25
auxiliary,ienhancer_strength,missing_local_derived,0,0.9885999999999999,0.9888214640382189,0.5927489783638191,0.76,0.76,1.0,0.52
auxiliary,ienhancer_strength,missing_sequence_grammar,0,0.9999,0.9999009900990099,0.5155800469472481,0.71,0.71,1.0,0.42
auxiliary,ienhancer_strength,missing_strongest,0,0.9886,0.9886947105287471,0.6468691647559471,0.795,0.7949999999999999,1.0,0.59
auxiliary,ienhancer_strength,random_missing_20,1,0.9967,0.9966435914765012,0.6313488723371561,0.785,0.7849999999999999,1.0,0.57
auxiliary,ienhancer_strength,random_missing_20,2,0.9450000000000001,0.9402403702637302,0.6468691647559471,0.795,0.7949999999999999,1.0,0.59
auxiliary,ienhancer_strength,random_missing_20,3,0.9693999999999999,0.9668734277580507,0.42008402520840293,0.65,0.65,1.0,0.3
auxiliary,ienhancer_strength,random_missing_20,4,0.9995999999999999,0.9996153846153846,0.3333333333333333,0.6,0.6,1.0,0.2
auxiliary,ienhancer_strength,random_missing_20,5,0.9898,0.9902637492609332,0.4921747909480132,0.695,0.6950000000000001,1.0,0.39
auxiliary,ienhancer_strength,random_missing_20,6,1.0,1.0,0.5927489783638191,0.76,0.76,1.0,0.52
auxiliary,ienhancer_strength,random_missing_20,7,0.9990999999999999,0.9991477745905432,0.47643873166512696,0.685,0.685,1.0,0.37
auxiliary,ienhancer_strength,random_missing_20,8,1.0,1.0,0.5078007830046403,0.705,0.705,1.0,0.41
auxiliary,ienhancer_strength,random_missing_20,9,0.7535000000000001,0.6437568792560288,0.4605661864718383,0.675,0.675,1.0,0.35
auxiliary,ienhancer_strength,random_missing_20,10,0.9922,0.992510899396539,0.6158817620514397,0.775,0.775,1.0,0.55
auxiliary,ienhancer_strength,random_missing_20,11,0.9291,0.922326816779392,0.4445276036638914,0.665,0.665,1.0,0.33
auxiliary,ienhancer_strength,random_missing_20,12,0.9999,0.9999009900990099,0.47643873166512696,0.685,0.685,1.0,0.37
auxiliary,ienhancer_strength,random_missing_20,13,1.0,1.0,0.5773502691896257,0.75,0.75,1.0,0.5
auxiliary,ienhancer_strength,random_missing_20,14,0.9091,0.8706774805427336,0.42008402520840293,0.65,0.65,1.0,0.3
auxiliary,ienhancer_strength,random_missing_20,15,0.5129,0.4577119820322788,0.345834250622541,0.62,0.62,0.98,0.26
auxiliary,ienhancer_strength,random_missing_20,16,0.9895,0.9897606582853479,0.4685212856658182,0.68,0.6799999999999999,1.0,0.36
auxiliary,ienhancer_strength,random_missing_20,17,0.5293,0.46461920750352625,0.40793005087505674,0.655,0.655,0.98,0.33
auxiliary,ienhancer_strength,random_missing_20,18,1.0,1.0,0.5542468245138263,0.735,0.735,1.0,0.47
auxiliary,ienhancer_strength,random_missing_20,19,0.9787999999999999,0.9796122578204159,0.37796447300922725,0.625,0.625,1.0,0.25
auxiliary,ienhancer_strength,random_missing_20,20,0.9938,0.9930649408076949,0.5233405681948146,0.715,0.715,1.0,0.43
auxiliary,ienhancer_strength,random_missing_40,1,0.9974,0.9974793819979232,0.37796447300922725,0.625,0.625,1.0,0.25
auxiliary,ienhancer_strength,random_missing_40,2,0.9986,0.9985158139257897,0.5619514869490164,0.74,0.74,1.0,0.48
auxiliary,ienhancer_strength,random_missing_40,3,0.8826,0.8783031950130865,0.4525696378552518,0.67,0.67,1.0,0.34
auxiliary,ienhancer_strength,random_missing_40,4,0.9832000000000001,0.9842626412848897,0.4685212856658182,0.68,0.6799999999999999,1.0,0.36
auxiliary,ienhancer_strength,random_missing_40,5,0.3298,0.3862333820996984,0.1529438225803745,0.56,0.56,0.87,0.25
auxiliary,ienhancer_strength,random_missing_40,6,0.9766,0.9777040445637059,0.5388159060803247,0.725,0.725,1.0,0.45
auxiliary,ienhancer_strength,random_missing_40,7,0.5011,0.45203235455895485,0.3515615246553262,0.61,0.61,1.0,0.22
auxiliary,ienhancer_strength,random_missing_40,8,0.9546,0.9568347434580715,0.5773502691896257,0.75,0.75,1.0,0.5
auxiliary,ienhancer_strength,random_missing_40,9,0.9987,0.9988285714285714,0.5388159060803247,0.725,0.725,1.0,0.45
auxiliary,ienhancer_strength,random_missing_40,10,0.9571000000000001,0.9545858109752817,0.3425177889602085,0.605,0.605,1.0,0.21
auxiliary,ienhancer_strength,random_missing_40,11,0.9978,0.9978474911742132,0.4118138454142281,0.645,0.645,1.0,0.29
auxiliary,ienhancer_strength,random_missing_40,12,0.8383,0.843495114682628,0.3692744729379982,0.62,0.62,1.0,0.24
auxiliary,ienhancer_strength,random_missing_40,13,0.5363000000000001,0.5989122423020851,0.01705233720429863,0.505,0.505,0.91,0.1
auxiliary,ienhancer_strength,random_missing_40,14,0.9918,0.9914582466317369,0.4364357804719848,0.66,0.66,1.0,0.32
auxiliary,ienhancer_strength,random_missing_40,15,0.9529000000000001,0.956682667013348,0.5619514869490164,0.74,0.74,1.0,0.48
auxiliary,ienhancer_strength,random_missing_40,16,0.3283,0.38687150748757115,0.23959569062925093,0.59,0.5900000000000001,0.92,0.26
auxiliary,ienhancer_strength,random_missing_40,17,0.9240999999999999,0.9289333842732894,0.5773502691896257,0.75,0.75,1.0,0.5
auxiliary,ienhancer_strength,random_missing_40,18,0.45289999999999997,0.430558314958521,0.40793005087505674,0.655,0.655,0.98,0.33
auxiliary,ienhancer_strength,random_missing_40,19,0.8529,0.886720537964073,0.16012815380508713,0.525,0.525,1.0,0.05
auxiliary,ienhancer_strength,random_missing_40,20,0.9504,0.9543018596209845,0.5310850045437944,0.72,0.72,1.0,0.44
auxiliary,ienhancer_strength,score_noise_005,1,0.9339999999999999,0.9276576812171609,0.6081636405595373,0.77,0.77,1.0,0.54
auxiliary,ienhancer_strength,score_noise_005,2,0.9691,0.9653793718845386,0.5773502691896257,0.75,0.75,1.0,0.5
auxiliary,ienhancer_strength,score_noise_005,3,0.9446,0.9379601762546881,0.5621055298263866,0.745,0.745,0.99,0.5
auxiliary,ienhancer_strength,score_noise_005,4,0.9497000000000001,0.9501773624729546,0.5696519211398116,0.745,0.745,1.0,0.49
auxiliary,ienhancer_strength,score_noise_005,5,0.9239999999999999,0.9248781198341693,0.5465357250000211,0.73,0.73,1.0,0.46
auxiliary,ienhancer_strength,score_noise_005,6,0.9369000000000001,0.9409505226893995,0.5155800469472481,0.71,0.71,1.0,0.42
auxiliary,ienhancer_strength,score_noise_005,7,0.9243,0.9216896856245567,0.5465357250000211,0.73,0.73,1.0,0.46
auxiliary,ienhancer_strength,score_noise_005,8,0.9338,0.9239210158296526,0.6081636405595373,0.77,0.77,1.0,0.54
auxiliary,ienhancer_strength,score_noise_005,9,0.9204,0.9260243253607692,0.5773502691896257,0.75,0.75,1.0,0.5
auxiliary,ienhancer_strength,score_noise_005,10,0.9356,0.9438504402817133,0.5927489783638191,0.76,0.76,1.0,0.52
auxiliary,ienhancer_strength,score_noise_005,11,0.9308000000000001,0.9237844359302819,0.5934860616132056,0.765,0.765,0.99,0.54
auxiliary,ienhancer_strength,score_noise_005,12,0.9557,0.9590200170025187,0.6158817620514397,0.775,0.775,1.0,0.55
auxiliary,ienhancer_strength,score_noise_005,13,0.9525999999999999,0.9486146164211464,0.6313488723371561,0.785,0.7849999999999999,1.0,0.57
auxiliary,ienhancer_strength,score_noise_005,14,0.9242,0.9325124697013444,0.5391624469763301,0.735,0.735,0.98,0.49
auxiliary,ienhancer_strength,score_noise_005,15,0.9527999999999999,0.956222224502261,0.5850486126764433,0.755,0.755,1.0,0.51
auxiliary,ienhancer_strength,score_noise_005,16,0.8901000000000001,0.8883247160058846,0.600453343472309,0.765,0.765,1.0,0.53
auxiliary,ienhancer_strength,score_noise_005,17,0.9424000000000001,0.9467943308814487,0.6158817620514397,0.775,0.775,1.0,0.55
auxiliary,ienhancer_strength,score_noise_005,18,0.9356,0.9363242438163595,0.5850486126764433,0.755,0.755,1.0,0.51
auxiliary,ienhancer_strength,score_noise_005,19,0.9595,0.9627995070487565,0.600453343472309,0.765,0.765,1.0,0.53
auxiliary,ienhancer_strength,score_noise_005,20,0.9211,0.9247268695893978,0.5471529031050638,0.74,0.74,0.98,0.5
