run_task_id,evaluation_task,source,source_family,oof_auc,test_auc,oof_selected,oof_selected_individual_channel,oof_selected_standalone_source
gue_emp_H3,gue_emp_H3,kmer13__logreg_l2_c1,composition,0.8450589888307404,0.8313828742792881,False,False,False
gue_emp_H3,gue_emp_H3,kmer13__logreg_l2_c03,composition,0.8415593386993825,0.8273076167865622,False,False,False
gue_emp_H3,gue_emp_H3,kmer46__logreg_l2_c1,composition,0.873977259236602,0.8661144927794934,False,False,False
gue_emp_H3,gue_emp_H3,kmer46__logreg_l2_c03,composition,0.873560405763824,0.8657199978579462,False,False,False
gue_emp_H3,gue_emp_H3,fcgr4__scaled_logreg_l2_c1,composition,0.9012479067240424,0.8942914264293748,False,False,False
gue_emp_H3,gue_emp_H3,fcgr4__extratrees_300,composition,0.9081644396584835,0.9046152335731243,False,False,False
gue_emp_H3,gue_emp_H3,basicpos__scaled_logreg_l2_c1,motif_position,0.8812381858228477,0.872761999964299,False,False,False
gue_emp_H3,gue_emp_H3,basicpos__extratrees_300,motif_position,0.9075585034840212,0.8996528087681405,False,False,False
gue_emp_H3,gue_emp_H3,cksnap5__scaled_logreg_l2_c1,physicochemical,0.8963855287066871,0.8942771460702237,False,False,False
gue_emp_H3,gue_emp_H3,cksnap5__extratrees_300,physicochemical,0.9099305430436198,0.9037030756323522,False,False,False
gue_emp_H3,gue_emp_H3,zcurve12__scaled_logreg_l2_c1,physicochemical,0.8289316087113799,0.8126345477588761,False,False,False
gue_emp_H3,gue_emp_H3,zcurve12__extratrees_300,physicochemical,0.886046246908097,0.8734635226075935,False,False,False
gue_emp_H3,gue_emp_H3,eiip_auto__scaled_logreg_l2_c1,physicochemical,0.8038547563280134,0.7803645061673301,False,False,False
gue_emp_H3,gue_emp_H3,eiip_auto__extratrees_300,physicochemical,0.7826226321016003,0.7691338962174898,False,False,False
gue_emp_H3,gue_emp_H3,dinuc_auto__scaled_logreg_l2_c1,physicochemical,0.8942313993488672,0.8913211117259598,False,False,False
gue_emp_H3,gue_emp_H3,dinuc_auto__extratrees_300,physicochemical,0.9098704159176965,0.9046482569036611,False,False,False
gue_emp_H3,gue_emp_H3,center_context__scaled_logreg_l2_c1,motif_position,0.7214589033538505,0.7039592295746238,False,False,False
gue_emp_H3,gue_emp_H3,center_context__extratrees_300,motif_position,0.7286270344407618,0.7225022759322397,False,False,False
gue_emp_H3,gue_emp_H3,dnabert2__scaled_logreg_l2_c1,foundation_db2,0.9003611119258417,0.9045929205119507,False,False,False
gue_emp_H3,gue_emp_H3,dnabert2__scaled_logreg_l2_c03,foundation_db2,0.9046639375515899,0.906922404098463,False,False,False
gue_emp_H3,gue_emp_H3,dnabert1_6mer_mean__linear,foundation_db1,0.9152985475912138,0.9132735938308848,False,False,False
gue_emp_H3,gue_emp_H3,dnabert1_6mer_cls__linear,foundation_db1,0.7238274512104338,0.724903161314507,False,False,False
gue_emp_H3,gue_emp_H3,nt_500m_human_ref_mean__linear,foundation_nt,0.8958969556539749,0.8873690223309116,False,False,False
gue_emp_H3,gue_emp_H3,nt_500m_human_ref_cls__linear,foundation_nt,0.8938897012917904,0.8842416236768356,False,False,False
gue_emp_H3,gue_emp_H3,dnashaper_shape4__logreg_c1,dna_shape,0.8936143735256283,0.8891308616411702,False,False,False
gue_emp_H3,gue_emp_H3,dnashaper_shape4__histgb,dna_shape,0.913562919789995,0.9154995448135519,False,False,False
gue_emp_H3,gue_emp_H3,dnashaper_ep__logreg_c1,dna_shape,0.8809641011029592,0.8773085093090089,False,False,False
gue_emp_H3,gue_emp_H3,dnashaper_all5__logreg_c03,dna_shape,0.9021035415645345,0.8989343281983542,False,False,False
gue_emp_H3,gue_emp_H3,dnabert1_6mer__pool_interaction,foundation_db1,0.9062644224793046,0.9140143874618447,False,False,False
gue_emp_H3,gue_emp_H3,nt_500m_human_ref__pool_interaction,foundation_nt,0.903798092971481,0.9019760446975241,False,False,False
gue_emp_H3,gue_emp_H3,dnabert2__pool_interaction,foundation_db2,0.9175338660275452,0.929378268863462,False,False,True
gue_emp_H3,gue_emp_H3,cross_foundation__attention_interaction,foundation_cross,0.9287171064117443,0.9310222952107245,False,False,False
gue_emp_H3,gue_emp_H3,cross_foundation__anchor_residual,foundation_residual,0.9285073109277734,0.9290498206029881,False,False,False
gue_emp_H3,gue_emp_H3,aligned_score_anchor,derived_anchor,0.9491366973796864,0.9470591385373343,True,True,False
gue_emp_H3,gue_emp_H3,local_cross,preclassifier_local,0.9154868202177985,0.9301708287963442,False,False,False
gue_emp_H3,gue_emp_H3,local_cross_db1,preclassifier_local,0.9262283881041868,0.939104978490209,False,False,False
gue_emp_H3,gue_emp_H3,local_cross_db1_nt,preclassifier_local,0.9261691269206112,0.93610967315828,False,False,False
gue_emp_H3,gue_emp_H3,local_cross_nt,preclassifier_local,0.9188333661553417,0.9280412702379465,False,False,False
gue_emp_H3,gue_emp_H3,local_cross_db1_nt_mean,preclassifier_local,0.9206014109273544,0.9359954302850717,False,False,False
gue_emp_H3,gue_emp_H3,rc_multiscale_seed0,sequence_grammar_rc,0.8797554131871846,0.9182922475500258,False,False,False
gue_emp_H3,gue_emp_H3,rc_multiscale_seed1,sequence_grammar_rc,0.8943893500264672,0.9145972046196962,False,False,False
gue_emp_H3,gue_emp_H3,rc_multiscale_seed2,sequence_grammar_rc,0.8621635709227733,0.9161725067385444,False,False,False
gue_emp_H3,gue_emp_H3,rc_multiscale_biophysical_seed3,sequence_grammar_biophysical,0.8990244740447748,0.9255038289212973,False,False,False
gue_emp_H3,gue_emp_H3,rc_multiscale_biophysical_position_seed4,sequence_grammar_position,0.9158140905580161,0.9195524892451046,False,False,False
gue_human_tf_0,gue_human_tf_0,kmer13__logreg_l2_c1,composition,0.8117275990189263,0.869312,False,False,False
gue_human_tf_0,gue_human_tf_0,kmer13__logreg_l2_c03,composition,0.8060746281741304,0.866252,False,False,False
gue_human_tf_0,gue_human_tf_0,kmer46__logreg_l2_c1,composition,0.8203967734976852,0.871372,False,False,False
gue_human_tf_0,gue_human_tf_0,kmer46__logreg_l2_c03,composition,0.8106046646245079,0.859952,False,False,False
gue_human_tf_0,gue_human_tf_0,fcgr4__scaled_logreg_l2_c1,composition,0.8449561702931301,0.884844,False,False,False
gue_human_tf_0,gue_human_tf_0,fcgr4__extratrees_300,composition,0.8628085292320193,0.903266,False,False,False
gue_human_tf_0,gue_human_tf_0,basicpos__scaled_logreg_l2_c1,motif_position,0.8233826566343193,0.874,False,False,False
gue_human_tf_0,gue_human_tf_0,basicpos__extratrees_300,motif_position,0.8437856270136145,0.891844,False,False,False
gue_human_tf_0,gue_human_tf_0,cksnap5__scaled_logreg_l2_c1,physicochemical,0.8365307559769746,0.881284,False,False,False
gue_human_tf_0,gue_human_tf_0,cksnap5__extratrees_300,physicochemical,0.8651856443943393,0.905124,False,False,False
gue_human_tf_0,gue_human_tf_0,zcurve12__scaled_logreg_l2_c1,physicochemical,0.528849194862497,0.49113,False,False,False
gue_human_tf_0,gue_human_tf_0,zcurve12__extratrees_300,physicochemical,0.7074457056865769,0.754542,False,False,False
gue_human_tf_0,gue_human_tf_0,eiip_auto__scaled_logreg_l2_c1,physicochemical,0.6927769054855784,0.808012,False,False,False
gue_human_tf_0,gue_human_tf_0,eiip_auto__extratrees_300,physicochemical,0.7133276322480393,0.827234,False,False,False
gue_human_tf_0,gue_human_tf_0,dinuc_auto__scaled_logreg_l2_c1,physicochemical,0.8337217878770757,0.8787200000000002,False,False,False
gue_human_tf_0,gue_human_tf_0,dinuc_auto__extratrees_300,physicochemical,0.8494425336279937,0.879796,False,False,False
gue_human_tf_0,gue_human_tf_0,center_context__scaled_logreg_l2_c1,motif_position,0.7282872635001207,0.766588,False,False,False
gue_human_tf_0,gue_human_tf_0,center_context__extratrees_300,motif_position,0.7470080825254151,0.7762140000000001,False,False,False
gue_human_tf_0,gue_human_tf_0,dnabert2__scaled_logreg_l2_c1,foundation_db2,0.8481458415883382,0.888304,False,False,False
gue_human_tf_0,gue_human_tf_0,dnabert2__scaled_logreg_l2_c03,foundation_db2,0.8483708806133154,0.8886839999999999,False,False,False
gue_human_tf_0,gue_human_tf_0,dnabert1_6mer_mean__linear,foundation_db1,0.8774550884239031,0.9153560000000001,False,False,True
gue_human_tf_0,gue_human_tf_0,dnabert1_6mer_cls__linear,foundation_db1,0.8435783456926037,0.8778440000000001,False,False,False
gue_human_tf_0,gue_human_tf_0,nt_500m_human_ref_mean__linear,foundation_nt,0.811475833771896,0.854224,False,False,False
gue_human_tf_0,gue_human_tf_0,nt_500m_human_ref_cls__linear,foundation_nt,0.8140309094395559,0.8623519999999999,False,False,False
gue_human_tf_0,gue_human_tf_0,dnashaper_shape4__logreg_c1,dna_shape,0.8222432236769549,0.874052,False,False,False
gue_human_tf_0,gue_human_tf_0,dnashaper_shape4__histgb,dna_shape,0.8441084059064062,0.89436,False,False,False
gue_human_tf_0,gue_human_tf_0,dnashaper_ep__logreg_c1,dna_shape,0.7639914643669654,0.7826960000000001,False,False,False
gue_human_tf_0,gue_human_tf_0,dnashaper_all5__logreg_c03,dna_shape,0.8380455102556807,0.8861919999999999,False,False,False
gue_human_tf_0,gue_human_tf_0,dnabert1_6mer__pool_interaction,foundation_db1,0.8174673456657117,0.8872960000000001,False,False,False
gue_human_tf_0,gue_human_tf_0,nt_500m_human_ref__pool_interaction,foundation_nt,0.7724821136347146,0.8437720000000001,False,False,False
gue_human_tf_0,gue_human_tf_0,dnabert2__pool_interaction,foundation_db2,0.7962446515886591,0.878012,False,False,False
gue_human_tf_0,gue_human_tf_0,cross_foundation__attention_interaction,foundation_cross,0.8199696976648261,0.893376,False,False,False
gue_human_tf_0,gue_human_tf_0,cross_foundation__anchor_residual,foundation_residual,0.8720652990380559,0.918076,False,False,False
gue_human_tf_0,gue_human_tf_0,aligned_score_anchor,derived_anchor,0.8871944488272727,0.9216519999999999,True,True,False
gue_human_tf_0,gue_human_tf_0,local_cross,preclassifier_local,0.8246865734725268,0.887036,False,False,False
gue_human_tf_0,gue_human_tf_0,local_cross_db1,preclassifier_local,0.8370357955324699,0.9064639999999999,False,False,False
gue_human_tf_0,gue_human_tf_0,local_cross_db1_nt,preclassifier_local,0.8365231915919051,0.8894360000000001,False,False,False
gue_human_tf_0,gue_human_tf_0,local_cross_nt,preclassifier_local,0.826439957868073,0.8966080000000001,False,False,False
gue_human_tf_0,gue_human_tf_0,local_cross_db1_nt_mean,preclassifier_local,0.8376575727228724,0.899156,False,False,False
gue_human_tf_0,gue_human_tf_0,rc_multiscale_seed0,sequence_grammar_rc,0.8414701639743484,0.9147719999999999,False,False,False
gue_human_tf_0,gue_human_tf_0,rc_multiscale_seed1,sequence_grammar_rc,0.8567032768404834,0.9121560000000001,False,False,False
gue_human_tf_0,gue_human_tf_0,rc_multiscale_seed2,sequence_grammar_rc,0.8611336732647792,0.9116000000000001,False,False,False
gue_human_tf_0,gue_human_tf_0,rc_multiscale_biophysical_seed3,sequence_grammar_biophysical,0.8632765118857265,0.913814,False,False,False
gue_human_tf_0,gue_human_tf_0,rc_multiscale_biophysical_position_seed4,sequence_grammar_position,0.8585893346360025,0.91338,False,False,False
gue_mouse_0,gue_mouse_0,kmer13__logreg_l2_c1,composition,0.6615774098631583,0.7007529340039628,False,False,False
gue_mouse_0,gue_mouse_0,kmer13__logreg_l2_c03,composition,0.631203292796764,0.6860813900320073,False,False,False
gue_mouse_0,gue_mouse_0,kmer46__logreg_l2_c1,composition,0.8174503701784601,0.8195397043133669,False,False,False
gue_mouse_0,gue_mouse_0,kmer46__logreg_l2_c03,composition,0.8156738986605785,0.8185550983081847,False,False,False
gue_mouse_0,gue_mouse_0,fcgr4__scaled_logreg_l2_c1,composition,0.8032417435824406,0.7978600823045268,False,False,False
gue_mouse_0,gue_mouse_0,fcgr4__extratrees_300,composition,0.7944152432828036,0.8072001219326322,False,False,False
gue_mouse_0,gue_mouse_0,basicpos__scaled_logreg_l2_c1,motif_position,0.5492093190929652,0.5616826703246457,False,False,False
gue_mouse_0,gue_mouse_0,basicpos__extratrees_300,motif_position,0.5199285179202292,0.5928577960676725,False,False,False
gue_mouse_0,gue_mouse_0,cksnap5__scaled_logreg_l2_c1,physicochemical,0.7377893915187093,0.7344855967078189,False,False,False
gue_mouse_0,gue_mouse_0,cksnap5__extratrees_300,physicochemical,0.7074620763794105,0.7125743026977595,False,False,False
gue_mouse_0,gue_mouse_0,zcurve12__scaled_logreg_l2_c1,physicochemical,0.5430881798825873,0.5593964334705075,False,False,False
gue_mouse_0,gue_mouse_0,zcurve12__extratrees_300,physicochemical,0.5656290269555271,0.5991403749428441,False,False,False
gue_mouse_0,gue_mouse_0,dinuc_auto__scaled_logreg_l2_c1,physicochemical,0.679626368110406,0.6962658131382412,False,False,False
gue_mouse_0,gue_mouse_0,dinuc_auto__extratrees_300,physicochemical,0.6389185094568012,0.6778661789361378,False,False,False
gue_mouse_0,gue_mouse_0,dnabert2__scaled_logreg_l2_c1,foundation_db2,0.714226813577058,0.7250053345526597,False,False,False
gue_mouse_0,gue_mouse_0,dnabert2__scaled_logreg_l2_c03,foundation_db2,0.7222523908778755,0.7288888888888889,False,False,False
gue_mouse_0,gue_mouse_0,dnabert1_6mer_mean__linear,foundation_db1,0.7442337595168287,0.7467398262459991,False,False,False
gue_mouse_0,gue_mouse_0,dnabert1_6mer_cls__linear,foundation_db1,0.560497734205279,0.6042798353909464,False,False,False
gue_mouse_0,gue_mouse_0,nt_500m_human_ref_mean__linear,foundation_nt,0.6036967231311423,0.6228928516994361,False,False,False
gue_mouse_0,gue_mouse_0,nt_500m_human_ref_cls__linear,foundation_nt,0.6051861873119879,0.6423472031702484,False,False,False
gue_mouse_0,gue_mouse_0,dnashaper_shape4__logreg_c1,dna_shape,0.721370493872808,0.7268587105624142,False,False,False
gue_mouse_0,gue_mouse_0,dnashaper_shape4__histgb,dna_shape,0.7240251449310797,0.7433257125438196,False,False,False
gue_mouse_0,gue_mouse_0,dnashaper_ep__logreg_c1,dna_shape,0.6117879756412651,0.6159426916628563,False,False,False
gue_mouse_0,gue_mouse_0,dnashaper_all5__logreg_c03,dna_shape,0.7341740141402825,0.7311019661636946,False,False,False
gue_mouse_0,gue_mouse_0,dnabert1_6mer__pool_interaction,foundation_db1,0.7008835460342706,0.748306660570035,False,False,False
gue_mouse_0,gue_mouse_0,nt_500m_human_ref__pool_interaction,foundation_nt,0.586669162133981,0.6115896966925773,False,False,False
gue_mouse_0,gue_mouse_0,dnabert2__pool_interaction,foundation_db2,0.7247624897519508,0.732223746380125,False,False,False
gue_mouse_0,gue_mouse_0,cross_foundation__attention_interaction,foundation_cross,0.7263000426745881,0.7674013107757964,False,False,False
gue_mouse_0,gue_mouse_0,cross_foundation__anchor_residual,foundation_residual,0.7735680826489624,0.7808931565310167,False,False,False
gue_mouse_0,gue_mouse_0,aligned_score_anchor,derived_anchor,0.8545830763278426,0.8624417009602194,True,True,False
gue_mouse_0,gue_mouse_0,local_cross,preclassifier_local,0.7396969751561836,0.7592623075750647,False,False,False
gue_mouse_0,gue_mouse_0,local_cross_db1,preclassifier_local,0.767833130826828,0.7886724584666971,False,False,False
gue_mouse_0,gue_mouse_0,local_cross_db1_nt,preclassifier_local,0.7797381208177927,0.7899771376314587,False,False,False
gue_mouse_0,gue_mouse_0,local_cross_nt,preclassifier_local,0.7464131470140036,0.7673769242493522,False,False,False
gue_mouse_0,gue_mouse_0,local_cross_db1_nt_mean,preclassifier_local,0.7658935674611651,0.7923487273281512,False,False,False
gue_mouse_0,gue_mouse_0,rc_multiscale_seed0,sequence_grammar_rc,0.8398299364761542,0.8720469440634049,False,False,False
gue_mouse_0,gue_mouse_0,rc_multiscale_seed1,sequence_grammar_rc,0.8421332394625842,0.879817101051669,False,False,True
gue_mouse_0,gue_mouse_0,rc_multiscale_seed2,sequence_grammar_rc,0.8399536136663914,0.8732418838591678,False,False,False
gue_mouse_0,gue_mouse_0,rc_multiscale_biophysical_seed3,sequence_grammar_biophysical,0.8377115535275356,0.8756744398719706,False,False,False
gue_mouse_0,gue_mouse_0,rc_multiscale_biophysical_position_seed4,sequence_grammar_position,0.8214755742076963,0.8747965249199817,False,False,False
gue_prom_300_all,gue_prom_300_all,kmer13__logreg_l2_c1,composition,0.8678044512192442,0.8643807925854905,False,False,False
gue_prom_300_all,gue_prom_300_all,kmer13__logreg_l2_c03,composition,0.8101487094796481,0.807049890425969,False,False,False
gue_prom_300_all,gue_prom_300_all,kmer46__logreg_l2_c1,composition,0.8396244828266899,0.8384437634114048,False,False,False
gue_prom_300_all,gue_prom_300_all,kmer46__logreg_l2_c03,composition,0.798775690217468,0.7954619230242432,False,False,False
gue_prom_300_all,gue_prom_300_all,fcgr4__scaled_logreg_l2_c1,composition,0.9382593762348219,0.9325009131169246,False,False,False
gue_prom_300_all,gue_prom_300_all,fcgr4__extratrees_300,composition,0.9493447701041636,0.9435903757476145,False,False,False
gue_prom_300_all,gue_prom_300_all,basicpos__scaled_logreg_l2_c1,motif_position,0.9509212968284849,0.9463577477971055,False,False,False
gue_prom_300_all,gue_prom_300_all,basicpos__extratrees_300,motif_position,0.9603273489519749,0.9557998333561614,False,False,False
gue_prom_300_all,gue_prom_300_all,cksnap5__scaled_logreg_l2_c1,physicochemical,0.9319271620310089,0.9252571565538966,False,False,False
gue_prom_300_all,gue_prom_300_all,cksnap5__extratrees_300,physicochemical,0.9451063451174951,0.9382343172168196,False,False,False
gue_prom_300_all,gue_prom_300_all,zcurve12__scaled_logreg_l2_c1,physicochemical,0.7431331442952919,0.7368667534127744,False,False,False
gue_prom_300_all,gue_prom_300_all,zcurve12__extratrees_300,physicochemical,0.892121069773934,0.8904909144865999,False,False,False
gue_prom_300_all,gue_prom_300_all,eiip_auto__scaled_logreg_l2_c1,physicochemical,0.7272296324696256,0.7127282792311556,False,False,False
gue_prom_300_all,gue_prom_300_all,eiip_auto__extratrees_300,physicochemical,0.7955380569080707,0.7944664543669817,False,False,False
gue_prom_300_all,gue_prom_300_all,dinuc_auto__scaled_logreg_l2_c1,physicochemical,0.9355117610339105,0.9313527827238278,False,False,False
gue_prom_300_all,gue_prom_300_all,dinuc_auto__extratrees_300,physicochemical,0.9472919870342522,0.9406900881157831,False,False,False
gue_prom_300_all,gue_prom_300_all,promoter_motif__scaled_logreg_l2_c1,motif_position,0.8668693264543936,0.8589973976167649,False,False,False
gue_prom_300_all,gue_prom_300_all,promoter_motif__extratrees_300,motif_position,0.9263909825587996,0.9246191731726248,False,False,False
gue_prom_300_all,gue_prom_300_all,dnabert2__scaled_logreg_l2_c1,foundation_db2,0.9605441027374112,0.9592498744464228,False,False,False
gue_prom_300_all,gue_prom_300_all,dnabert2__scaled_logreg_l2_c03,foundation_db2,0.9606727735706116,0.9593384467881112,False,False,False
gue_prom_300_all,gue_prom_300_all,dnabert1_6mer_mean__linear,foundation_db1,0.954669263144755,0.9508529082774048,False,False,False
gue_prom_300_all,gue_prom_300_all,dnabert1_6mer_cls__linear,foundation_db1,0.8969284795786746,0.8945239236634251,False,False,False
gue_prom_300_all,gue_prom_300_all,nt_500m_human_ref_mean__linear,foundation_nt,0.9416209117852218,0.9333296808656348,False,False,False
gue_prom_300_all,gue_prom_300_all,nt_500m_human_ref_cls__linear,foundation_nt,0.9495762862809691,0.9438785782769485,False,False,False
gue_prom_300_all,gue_prom_300_all,dnashaper_shape4__logreg_c1,dna_shape,0.9383608918662583,0.9339795347669271,False,False,False
gue_prom_300_all,gue_prom_300_all,dnashaper_shape4__histgb,dna_shape,0.9521503727061029,0.9464327945943478,False,False,False
gue_prom_300_all,gue_prom_300_all,dnashaper_ep__logreg_c1,dna_shape,0.8962456906623819,0.885846915947587,False,False,False
gue_prom_300_all,gue_prom_300_all,dnashaper_all5__logreg_c03,dna_shape,0.952846828851764,0.9473612062274572,False,False,False
gue_prom_300_all,gue_prom_300_all,dnabert1_6mer__pool_interaction,foundation_db1,0.9397360113423681,0.9545214125918824,False,False,False
gue_prom_300_all,gue_prom_300_all,nt_500m_human_ref__pool_interaction,foundation_nt,0.9375837834603741,0.9515380313199105,False,False,False
gue_prom_300_all,gue_prom_300_all,dnabert2__pool_interaction,foundation_db2,0.9436277899091446,0.9547543715472766,False,False,False
gue_prom_300_all,gue_prom_300_all,cross_foundation__attention_interaction,foundation_cross,0.9518550312370169,0.9616615874537735,False,False,False
gue_prom_300_all,gue_prom_300_all,cross_foundation__anchor_residual,foundation_residual,0.963363740892747,0.9680070081723964,False,False,False
gue_prom_300_all,gue_prom_300_all,aligned_score_anchor,derived_anchor,0.9768774362181932,0.974369835182395,False,False,False
gue_prom_300_all,gue_prom_300_all,local_cross,preclassifier_local,0.9640166830772114,0.9727572136237046,False,False,False
gue_prom_300_all,gue_prom_300_all,local_cross_db1,preclassifier_local,0.9706982173944659,0.9757903597680683,False,False,False
gue_prom_300_all,gue_prom_300_all,local_cross_db1_nt,preclassifier_local,0.9749795436580517,0.980624457836826,False,False,False
gue_prom_300_all,gue_prom_300_all,local_cross_nt,preclassifier_local,0.9684486164115684,0.9773107565173721,False,False,False
gue_prom_300_all,gue_prom_300_all,local_cross_db1_nt_mean,preclassifier_local,0.9739055544918651,0.9797705793726887,False,False,False
gue_prom_300_all,gue_prom_300_all,rc_multiscale_seed0,sequence_grammar_rc,0.9555256093752488,0.9658186093229237,False,False,False
gue_prom_300_all,gue_prom_300_all,rc_multiscale_seed1,sequence_grammar_rc,0.9375618900304384,0.9656373556133863,False,False,False
gue_prom_300_all,gue_prom_300_all,rc_multiscale_seed2,sequence_grammar_rc,0.9614080321621183,0.9644016230653335,False,False,False
gue_prom_300_all,gue_prom_300_all,rc_multiscale_biophysical_seed3,sequence_grammar_biophysical,0.9706236705732154,0.9737932589143039,False,False,False
gue_prom_300_all,gue_prom_300_all,rc_multiscale_biophysical_position_seed4,sequence_grammar_position,0.9772685892013231,0.978638371455965,True,True,True
gue_prom_core_all,gue_prom_core_all,kmer13__logreg_l2_c1,composition,0.8298563460493601,0.8328952822884024,False,False,False
gue_prom_core_all,gue_prom_core_all,kmer13__logreg_l2_c03,composition,0.8025806222384637,0.8079981637922848,False,False,False
gue_prom_core_all,gue_prom_core_all,kmer46__logreg_l2_c1,composition,0.8183303858307764,0.8222983390127028,False,False,False
gue_prom_core_all,gue_prom_core_all,kmer46__logreg_l2_c03,composition,0.7920870336306383,0.7955897230805191,False,False,False
gue_prom_core_all,gue_prom_core_all,fcgr4__scaled_logreg_l2_c1,composition,0.8618818022475481,0.8621945398615036,False,False,False
gue_prom_core_all,gue_prom_core_all,fcgr4__extratrees_300,composition,0.8723650519068636,0.8752367735520348,False,False,False
gue_prom_core_all,gue_prom_core_all,basicpos__scaled_logreg_l2_c1,motif_position,0.8735908884049857,0.8712213817303267,False,False,False
gue_prom_core_all,gue_prom_core_all,basicpos__extratrees_300,motif_position,0.8808064283520456,0.8823228598273178,False,False,False
gue_prom_core_all,gue_prom_core_all,cksnap5__scaled_logreg_l2_c1,physicochemical,0.8581812104910121,0.8572136780582765,False,False,False
gue_prom_core_all,gue_prom_core_all,cksnap5__extratrees_300,physicochemical,0.8731530852602241,0.8745739331550998,False,False,False
gue_prom_core_all,gue_prom_core_all,zcurve12__scaled_logreg_l2_c1,physicochemical,0.7396555083403601,0.7444200993980965,False,False,False
gue_prom_core_all,gue_prom_core_all,zcurve12__extratrees_300,physicochemical,0.8066042818336542,0.8146281085873527,False,False,False
gue_prom_core_all,gue_prom_core_all,eiip_auto__scaled_logreg_l2_c1,physicochemical,0.6548720558020332,0.6518232647791437,False,False,False
gue_prom_core_all,gue_prom_core_all,eiip_auto__extratrees_300,physicochemical,0.7012187643113125,0.7011271197196473,False,False,False
gue_prom_core_all,gue_prom_core_all,dinuc_auto__scaled_logreg_l2_c1,physicochemical,0.8502050323273405,0.8524861964842694,False,False,False
gue_prom_core_all,gue_prom_core_all,dinuc_auto__extratrees_300,physicochemical,0.8770824502203887,0.8822918150424766,False,False,False
gue_prom_core_all,gue_prom_core_all,promoter_motif__scaled_logreg_l2_c1,motif_position,0.7880443656382652,0.7891694447183689,False,False,False
gue_prom_core_all,gue_prom_core_all,promoter_motif__extratrees_300,motif_position,0.8331093192149773,0.8378225575972067,False,False,False
gue_prom_core_all,gue_prom_core_all,dnabert2__scaled_logreg_l2_c1,foundation_db2,0.866897259791592,0.8680121270973492,False,False,False
gue_prom_core_all,gue_prom_core_all,dnabert2__scaled_logreg_l2_c03,foundation_db2,0.8669870551602301,0.8681141640004675,False,False,False
gue_prom_core_all,gue_prom_core_all,dnabert1_6mer_mean__linear,foundation_db1,0.8847164478044834,0.8862384974506752,False,False,False
gue_prom_core_all,gue_prom_core_all,dnabert1_6mer_cls__linear,foundation_db1,0.8469507900921356,0.8514585227978291,False,False,False
gue_prom_core_all,gue_prom_core_all,nt_500m_human_ref_mean__linear,foundation_nt,0.8266503543214643,0.8288630555190324,False,False,False
gue_prom_core_all,gue_prom_core_all,nt_500m_human_ref_cls__linear,foundation_nt,0.8360811065138132,0.8383616183281104,False,False,False
gue_prom_core_all,gue_prom_core_all,dnashaper_shape4__logreg_c1,dna_shape,0.8410757764661363,0.8492802517732051,False,False,False
gue_prom_core_all,gue_prom_core_all,dnashaper_shape4__histgb,dna_shape,0.864160531291925,0.8692326893366642,False,False,False
gue_prom_core_all,gue_prom_core_all,dnashaper_ep__logreg_c1,dna_shape,0.7845902873047799,0.7980214314019825,False,False,False
gue_prom_core_all,gue_prom_core_all,dnashaper_all5__logreg_c03,dna_shape,0.863339249742291,0.8704109074025376,False,False,False
gue_prom_core_all,gue_prom_core_all,dnabert1_6mer__pool_interaction,foundation_db1,0.8357013434595396,0.8742610884666797,False,False,False
gue_prom_core_all,gue_prom_core_all,nt_500m_human_ref__pool_interaction,foundation_nt,0.7903782764681206,0.8285354873848605,False,False,False
gue_prom_core_all,gue_prom_core_all,dnabert2__pool_interaction,foundation_db2,0.8087141960844146,0.8539108325298215,False,False,False
gue_prom_core_all,gue_prom_core_all,cross_foundation__attention_interaction,foundation_cross,0.8445222831897838,0.874853564489149,False,False,False
gue_prom_core_all,gue_prom_core_all,cross_foundation__anchor_residual,foundation_residual,0.8844792593228299,0.892575285885945,False,False,False
gue_prom_core_all,gue_prom_core_all,aligned_score_anchor,derived_anchor,0.9045505740774069,0.9045776334195282,False,False,False
gue_prom_core_all,gue_prom_core_all,local_cross,preclassifier_local,0.8477444107406238,0.8802317310572026,False,False,False
gue_prom_core_all,gue_prom_core_all,local_cross_db1,preclassifier_local,0.8660638770436201,0.8899491481858889,False,False,False
gue_prom_core_all,gue_prom_core_all,local_cross_db1_nt,preclassifier_local,0.8701944265442412,0.8934221122871605,False,False,False
gue_prom_core_all,gue_prom_core_all,local_cross_nt,preclassifier_local,0.8522549114709809,0.8848252749289621,False,False,False
gue_prom_core_all,gue_prom_core_all,local_cross_db1_nt_mean,preclassifier_local,0.8687634814675842,0.8951275210191456,False,False,False
gue_prom_core_all,gue_prom_core_all,rc_multiscale_seed0,sequence_grammar_rc,0.9133091233858569,0.9174495202667661,True,True,True
gue_prom_core_all,gue_prom_core_all,rc_multiscale_seed1,sequence_grammar_rc,0.9091888655669235,0.9168822110643613,False,False,False
gue_prom_core_all,gue_prom_core_all,rc_multiscale_seed2,sequence_grammar_rc,0.9001534976677079,0.9155746777733951,False,False,False
gue_prom_core_all,gue_prom_core_all,rc_multiscale_biophysical_seed3,sequence_grammar_biophysical,0.9067090045998734,0.9143707792788844,False,False,False
gue_prom_core_all,gue_prom_core_all,rc_multiscale_biophysical_position_seed4,sequence_grammar_position,0.9047862500207461,0.917218852949985,False,False,False
ienhancer_recognition,ienhancer_recognition,kmer13__logreg_l2_c1,composition,0.829907149759156,0.8150999999999999,False,False,False
ienhancer_recognition,ienhancer_recognition,kmer13__logreg_l2_c03,composition,0.8295366206290276,0.8151999999999999,False,False,False
ienhancer_recognition,ienhancer_recognition,kmer46__logreg_l2_c1,composition,0.8294896233680371,0.814025,False,False,False
ienhancer_recognition,ienhancer_recognition,kmer46__logreg_l2_c03,composition,0.8292798384928909,0.81385,False,False,False
ienhancer_recognition,ienhancer_recognition,fcgr4__scaled_logreg_l2_c1,composition,0.826933381041986,0.8153499999999999,False,False,False
ienhancer_recognition,ienhancer_recognition,fcgr4__extratrees_300,composition,0.8375688385001562,0.8731000000000001,False,False,False
ienhancer_recognition,ienhancer_recognition,basicpos__scaled_logreg_l2_c1,motif_position,0.8342417956858784,0.8250000000000001,False,False,False
ienhancer_recognition,ienhancer_recognition,basicpos__extratrees_300,motif_position,0.836425919602444,0.877325,False,False,False
ienhancer_recognition,ienhancer_recognition,cksnap5__scaled_logreg_l2_c1,physicochemical,0.8383816413713937,0.8225,False,False,False
ienhancer_recognition,ienhancer_recognition,cksnap5__extratrees_300,physicochemical,0.8402946796376078,0.8768374999999999,False,False,False
ienhancer_recognition,ienhancer_recognition,zcurve12__scaled_logreg_l2_c1,physicochemical,0.8214117704753672,0.817825,False,False,False
ienhancer_recognition,ienhancer_recognition,zcurve12__extratrees_300,physicochemical,0.8219416816210285,0.8729,False,False,False
ienhancer_recognition,ienhancer_recognition,eiip_auto__scaled_logreg_l2_c1,physicochemical,0.778148407814532,0.7682,False,False,False
ienhancer_recognition,ienhancer_recognition,eiip_auto__extratrees_300,physicochemical,0.7605582638893933,0.8606749999999999,False,False,False
ienhancer_recognition,ienhancer_recognition,dinuc_auto__scaled_logreg_l2_c1,physicochemical,0.8118697372149286,0.8237,False,False,False
ienhancer_recognition,ienhancer_recognition,dinuc_auto__extratrees_300,physicochemical,0.8399073495542753,0.8744375,False,False,False
ienhancer_recognition,ienhancer_recognition,promoter_motif__scaled_logreg_l2_c1,motif_position,0.8265317474444388,0.816625,False,False,False
ienhancer_recognition,ienhancer_recognition,promoter_motif__extratrees_300,motif_position,0.8164543540805429,0.8629,False,False,False
ienhancer_recognition,ienhancer_recognition,dnabert2__scaled_logreg_l2_c1,foundation_db2,0.7738798305010861,0.793825,False,False,False
ienhancer_recognition,ienhancer_recognition,dnabert2__scaled_logreg_l2_c03,foundation_db2,0.7829298682805269,0.7940875000000001,False,False,False
ienhancer_recognition,ienhancer_recognition,dnabert1_6mer_mean__linear,foundation_db1,0.8750022703990816,0.8181499999999999,False,False,True
ienhancer_recognition,ienhancer_recognition,dnabert1_6mer_cls__linear,foundation_db1,0.8116495085040069,0.7965249999999999,False,False,False
ienhancer_recognition,ienhancer_recognition,nt_500m_human_ref_mean__linear,foundation_nt,0.8576223654289057,0.8224,False,False,False
ienhancer_recognition,ienhancer_recognition,nt_500m_human_ref_cls__linear,foundation_nt,0.857633717424314,0.8254250000000001,False,False,False
ienhancer_recognition,ienhancer_recognition,dnashaper_shape4__logreg_c1,dna_shape,0.8317852238795127,0.824025,False,False,False
ienhancer_recognition,ienhancer_recognition,dnashaper_shape4__histgb,dna_shape,0.8280027390094522,0.848025,False,False,False
ienhancer_recognition,ienhancer_recognition,dnashaper_ep__logreg_c1,dna_shape,0.8262059451762194,0.806975,False,False,False
ienhancer_recognition,ienhancer_recognition,dnashaper_all5__logreg_c03,dna_shape,0.825938946244215,0.819775,False,False,False
ienhancer_recognition,ienhancer_recognition,dnabert1_6mer__pool_interaction,foundation_db1,0.8360299620026009,0.82945,False,False,False
ienhancer_recognition,ienhancer_recognition,nt_500m_human_ref__pool_interaction,foundation_nt,0.8476584920190932,0.8547,False,False,False
ienhancer_recognition,ienhancer_recognition,dnabert2__pool_interaction,foundation_db2,0.8313820010026083,0.8532749999999999,False,False,False
ienhancer_recognition,ienhancer_recognition,cross_foundation__attention_interaction,foundation_cross,0.8482449361018883,0.8456999999999998,False,False,False
ienhancer_recognition,ienhancer_recognition,cross_foundation__anchor_residual,foundation_residual,0.8762323726215299,0.835275,False,False,False
ienhancer_recognition,ienhancer_recognition,aligned_score_anchor,derived_anchor,0.8784650830784433,0.8402499999999999,True,True,False
ienhancer_recognition,ienhancer_recognition,local_cross,preclassifier_local,0.8257909162240902,0.8409,False,False,False
ienhancer_recognition,ienhancer_recognition,local_cross_db1,preclassifier_local,0.8143876097964996,0.8411,False,False,False
ienhancer_recognition,ienhancer_recognition,local_cross_db1_nt,preclassifier_local,0.8278597038673069,0.8335250000000002,False,False,False
ienhancer_recognition,ienhancer_recognition,local_cross_nt,preclassifier_local,0.8154188250593937,0.847775,False,False,False
ienhancer_recognition,ienhancer_recognition,local_cross_db1_nt_mean,preclassifier_local,0.828005236448442,0.832025,False,False,False
ienhancer_recognition,ienhancer_recognition,rc_multiscale_seed0,sequence_grammar_rc,0.8305074432763493,0.8329374999999999,False,False,False
ienhancer_recognition,ienhancer_recognition,rc_multiscale_seed1,sequence_grammar_rc,0.8331222618987076,0.8268125,False,False,False
ienhancer_recognition,ienhancer_recognition,rc_multiscale_seed2,sequence_grammar_rc,0.8368661499843796,0.8313125000000001,False,False,False
ienhancer_recognition,ienhancer_recognition,rc_multiscale_biophysical_seed3,sequence_grammar_biophysical,0.8408302667809737,0.8330124999999999,False,False,False
ienhancer_recognition,ienhancer_recognition,rc_multiscale_biophysical_position_seed4,sequence_grammar_position,0.8349994278594315,0.8397874999999999,False,False,False
ienhancer_strength,ienhancer_strength,kmer13__logreg_l2_c1,composition,0.6568300869653665,0.622,False,False,False
ienhancer_strength,ienhancer_strength,kmer13__logreg_l2_c03,composition,0.656090845024375,0.6225999999999999,False,False,False
ienhancer_strength,ienhancer_strength,kmer46__logreg_l2_c1,composition,0.6614698745286651,0.6391,False,False,False
ienhancer_strength,ienhancer_strength,kmer46__logreg_l2_c03,composition,0.6612110490333549,0.6384000000000001,False,False,False
ienhancer_strength,ienhancer_strength,fcgr4__scaled_logreg_l2_c1,composition,0.597480038651274,0.7036,False,False,False
ienhancer_strength,ienhancer_strength,fcgr4__extratrees_300,composition,0.6723051271060222,1.0,False,False,False
ienhancer_strength,ienhancer_strength,basicpos__scaled_logreg_l2_c1,motif_position,0.6785133063549378,0.7022999999999999,False,False,False
ienhancer_strength,ienhancer_strength,basicpos__extratrees_300,motif_position,0.6730234813754623,1.0,False,False,False
ienhancer_strength,ienhancer_strength,cksnap5__scaled_logreg_l2_c1,physicochemical,0.6536115692271924,0.7134,False,False,False
ienhancer_strength,ienhancer_strength,cksnap5__extratrees_300,physicochemical,0.6818389869297665,1.0,False,False,False
ienhancer_strength,ienhancer_strength,zcurve12__scaled_logreg_l2_c1,physicochemical,0.6537387115757659,0.611,False,False,False
ienhancer_strength,ienhancer_strength,zcurve12__extratrees_300,physicochemical,0.6692864044870351,1.0,False,False,False
ienhancer_strength,ienhancer_strength,eiip_auto__scaled_logreg_l2_c1,physicochemical,0.6224308163991834,0.6371,False,False,False
ienhancer_strength,ienhancer_strength,eiip_auto__extratrees_300,physicochemical,0.6086476776541874,1.0,False,False,False
ienhancer_strength,ienhancer_strength,dinuc_auto__scaled_logreg_l2_c1,physicochemical,0.6074479987794335,0.6857,False,False,False
ienhancer_strength,ienhancer_strength,dinuc_auto__extratrees_300,physicochemical,0.6771873932912431,1.0,False,False,False
ienhancer_strength,ienhancer_strength,promoter_motif__scaled_logreg_l2_c1,motif_position,0.6385215887707877,0.6232,False,False,False
ienhancer_strength,ienhancer_strength,promoter_motif__extratrees_300,motif_position,0.6398892771775853,1.0,False,False,False
ienhancer_strength,ienhancer_strength,dnabert2__scaled_logreg_l2_c1,foundation_db2,0.6082090365516089,0.8654499999999999,False,False,False
ienhancer_strength,ienhancer_strength,dnabert2__scaled_logreg_l2_c03,foundation_db2,0.6113657994347614,0.8495999999999999,False,False,False
ienhancer_strength,ienhancer_strength,dnabert1_6mer_mean__linear,foundation_db1,0.69437522249911,0.7017,False,False,True
ienhancer_strength,ienhancer_strength,dnabert1_6mer_cls__linear,foundation_db1,0.6114439011631709,0.6304000000000001,False,False,False
ienhancer_strength,ienhancer_strength,nt_500m_human_ref_mean__linear,foundation_nt,0.6639791195937258,0.7106000000000001,False,False,False
ienhancer_strength,ienhancer_strength,nt_500m_human_ref_cls__linear,foundation_nt,0.6714550896898455,0.738,False,False,False
ienhancer_strength,ienhancer_strength,dnashaper_shape4__logreg_c1,dna_shape,0.6482134683706163,0.6719999999999999,False,False,False
ienhancer_strength,ienhancer_strength,dnashaper_shape4__histgb,dna_shape,0.6534426515355163,0.9125,False,False,False
ienhancer_strength,ienhancer_strength,dnashaper_ep__logreg_c1,dna_shape,0.6539475882912794,0.6447999999999999,False,False,False
ienhancer_strength,ienhancer_strength,dnashaper_all5__logreg_c03,dna_shape,0.6317013099294542,0.6878,False,False,False
ienhancer_strength,ienhancer_strength,dnabert1_6mer__pool_interaction,foundation_db1,0.642944326181879,0.8948,False,False,False
ienhancer_strength,ienhancer_strength,nt_500m_human_ref__pool_interaction,foundation_nt,0.6475614097543609,0.915,False,False,False
ienhancer_strength,ienhancer_strength,dnabert2__pool_interaction,foundation_db2,0.659732565151372,0.9244,False,False,False
ienhancer_strength,ienhancer_strength,cross_foundation__attention_interaction,foundation_cross,0.662533329458519,0.8803000000000001,False,False,False
ienhancer_strength,ienhancer_strength,cross_foundation__anchor_residual,foundation_residual,0.6917924165038033,0.8846,False,False,False
ienhancer_strength,ienhancer_strength,aligned_score_anchor,derived_anchor,0.6997896702290741,0.9430000000000001,True,True,False
ienhancer_strength,ienhancer_strength,local_cross,preclassifier_local,0.6477484906386906,0.8471,False,False,False
ienhancer_strength,ienhancer_strength,local_cross_db1,preclassifier_local,0.6327384282299606,0.8704000000000001,False,False,False
ienhancer_strength,ienhancer_strength,local_cross_db1_nt,preclassifier_local,0.6562579463967859,0.8649,False,False,False
ienhancer_strength,ienhancer_strength,local_cross_nt,preclassifier_local,0.627565550962286,0.8734,False,False,False
ienhancer_strength,ienhancer_strength,local_cross_db1_nt_mean,preclassifier_local,0.6530739387246532,0.8611,False,False,False
ienhancer_strength,ienhancer_strength,rc_multiscale_seed0,sequence_grammar_rc,0.6577327976402381,0.6703,False,False,False
ienhancer_strength,ienhancer_strength,rc_multiscale_seed1,sequence_grammar_rc,0.6559355497271888,0.68675,False,False,False
ienhancer_strength,ienhancer_strength,rc_multiscale_seed2,sequence_grammar_rc,0.6632734795591431,0.67275,False,False,False
ienhancer_strength,ienhancer_strength,rc_multiscale_biophysical_seed3,sequence_grammar_biophysical,0.6689413038266214,0.7011499999999999,False,False,False
ienhancer_strength,ienhancer_strength,rc_multiscale_biophysical_position_seed4,sequence_grammar_position,0.6650680029932943,0.70495,False,False,False
ipromoter_hs_notata,ipromoter_hs_notata,kmer13__logreg_l2_c1,composition,0.5370772229015635,0.50954112,False,False,False
ipromoter_hs_notata,ipromoter_hs_notata,kmer13__logreg_l2_c03,composition,0.5278478622587126,0.49620096,False,False,False
ipromoter_hs_notata,ipromoter_hs_notata,kmer46__logreg_l2_c1,composition,0.5545669468949253,0.5557881600000001,False,False,False
ipromoter_hs_notata,ipromoter_hs_notata,kmer46__logreg_l2_c03,composition,0.547481319329199,0.54882672,False,False,False
ipromoter_hs_notata,ipromoter_hs_notata,fcgr4__scaled_logreg_l2_c1,composition,0.5683370862084025,0.59878808,False,False,False
ipromoter_hs_notata,ipromoter_hs_notata,fcgr4__extratrees_300,composition,0.07636935867761377,0.10802832,False,False,False
ipromoter_hs_notata,ipromoter_hs_notata,basicpos__scaled_logreg_l2_c1,motif_position,0.6254551838588523,0.6946045599999999,False,False,False
ipromoter_hs_notata,ipromoter_hs_notata,basicpos__extratrees_300,motif_position,0.6456023812123329,0.61449456,False,False,False
ipromoter_hs_notata,ipromoter_hs_notata,cksnap5__scaled_logreg_l2_c1,physicochemical,0.6229793540920605,0.54620728,False,False,False
ipromoter_hs_notata,ipromoter_hs_notata,cksnap5__extratrees_300,physicochemical,0.21937683422132936,0.27425232000000005,False,False,False
ipromoter_hs_notata,ipromoter_hs_notata,zcurve12__scaled_logreg_l2_c1,physicochemical,0.6040725696567386,0.69614224,False,False,False
ipromoter_hs_notata,ipromoter_hs_notata,zcurve12__extratrees_300,physicochemical,0.6623321207092323,0.65801608,False,False,False
ipromoter_hs_notata,ipromoter_hs_notata,eiip_auto__scaled_logreg_l2_c1,physicochemical,0.6802186708446153,0.5038064,False,False,False
ipromoter_hs_notata,ipromoter_hs_notata,eiip_auto__extratrees_300,physicochemical,0.6724298716045071,0.5111604,False,False,False
ipromoter_hs_notata,ipromoter_hs_notata,dinuc_auto__scaled_logreg_l2_c1,physicochemical,0.6723859714822255,0.5391227199999999,False,False,False
ipromoter_hs_notata,ipromoter_hs_notata,dinuc_auto__extratrees_300,physicochemical,0.5702381911083938,0.47800040000000005,False,False,False
ipromoter_hs_notata,ipromoter_hs_notata,promoter_motif__scaled_logreg_l2_c1,motif_position,0.6158019619617434,0.7067569600000001,False,False,False
ipromoter_hs_notata,ipromoter_hs_notata,promoter_motif__extratrees_300,motif_position,0.5869020580400035,0.6215576,False,False,False
ipromoter_hs_notata,ipromoter_hs_notata,dnabert2__scaled_logreg_l2_c1,foundation_db2,0.7254122237750023,0.60287872,False,False,False
ipromoter_hs_notata,ipromoter_hs_notata,dnabert2__scaled_logreg_l2_c03,foundation_db2,0.7254601122368767,0.6029057600000001,False,False,False
ipromoter_hs_notata,ipromoter_hs_notata,dnabert1_6mer_mean__linear,foundation_db1,0.7377990042798497,0.51443136,False,False,False
ipromoter_hs_notata,ipromoter_hs_notata,dnabert1_6mer_cls__linear,foundation_db1,0.6388102945672112,0.56533816,False,False,False
ipromoter_hs_notata,ipromoter_hs_notata,nt_500m_human_ref_mean__linear,foundation_nt,0.7215784937549132,0.54668776,False,False,False
ipromoter_hs_notata,ipromoter_hs_notata,nt_500m_human_ref_cls__linear,foundation_nt,0.7398093261420211,0.61159456,False,False,False
ipromoter_hs_notata,ipromoter_hs_notata,dnashaper_shape4__logreg_c1,dna_shape,0.6509836666957812,0.6478488,False,False,False
ipromoter_hs_notata,ipromoter_hs_notata,dnashaper_shape4__histgb,dna_shape,0.6563073663638745,0.62978784,False,False,False
ipromoter_hs_notata,ipromoter_hs_notata,dnashaper_ep__logreg_c1,dna_shape,0.6228251069962443,0.6536873599999999,False,False,False
ipromoter_hs_notata,ipromoter_hs_notata,dnashaper_all5__logreg_c03,dna_shape,0.6582754814830989,0.66135144,False,False,False
ipromoter_hs_notata,ipromoter_hs_notata,dnabert1_6mer__pool_interaction,foundation_db1,0.671476934666783,0.53760792,False,False,False
ipromoter_hs_notata,ipromoter_hs_notata,nt_500m_human_ref__pool_interaction,foundation_nt,0.6667498930037558,0.58165568,False,False,False
ipromoter_hs_notata,ipromoter_hs_notata,dnabert2__pool_interaction,foundation_db2,0.6156558487640842,0.55083744,False,False,False
ipromoter_hs_notata,ipromoter_hs_notata,cross_foundation__attention_interaction,foundation_cross,0.6796634902611581,0.5768544,False,False,False
ipromoter_hs_notata,ipromoter_hs_notata,cross_foundation__anchor_residual,foundation_residual,0.7301177559175474,0.6046188800000001,False,False,False
ipromoter_hs_notata,ipromoter_hs_notata,aligned_score_anchor,derived_anchor,0.9670350106996243,0.89782072,True,True,False
ipromoter_hs_notata,ipromoter_hs_notata,local_cross,preclassifier_local,0.699064205389117,0.5878872799999999,False,False,False
ipromoter_hs_notata,ipromoter_hs_notata,local_cross_db1,preclassifier_local,0.7205367619442746,0.60701096,False,False,False
ipromoter_hs_notata,ipromoter_hs_notata,local_cross_db1_nt,preclassifier_local,0.7239178487204122,0.5997075199999999,False,False,False
ipromoter_hs_notata,ipromoter_hs_notata,local_cross_nt,preclassifier_local,0.7116357684077212,0.5845685599999999,False,False,False
ipromoter_hs_notata,ipromoter_hs_notata,local_cross_db1_nt_mean,preclassifier_local,0.724707324875535,0.61008872,False,False,False
ipromoter_hs_notata,ipromoter_hs_notata,rc_multiscale_seed0,sequence_grammar_rc,0.7307795036684426,0.5600328,False,False,False
ipromoter_hs_notata,ipromoter_hs_notata,rc_multiscale_seed1,sequence_grammar_rc,0.7459927373569745,0.56221024,False,False,False
ipromoter_hs_notata,ipromoter_hs_notata,rc_multiscale_seed2,sequence_grammar_rc,0.7447186326316709,0.55742592,False,False,False
ipromoter_hs_notata,ipromoter_hs_notata,rc_multiscale_biophysical_seed3,sequence_grammar_biophysical,0.7525681598829592,0.6187100799999999,False,False,True
ipromoter_hs_notata,ipromoter_hs_notata,rc_multiscale_biophysical_position_seed4,sequence_grammar_position,0.751369622892829,0.67336432,False,False,False
ipromoter_hs_tata,ipromoter_hs_tata,kmer13__logreg_l2_c1,composition,0.49784881182652313,0.498,False,False,False
ipromoter_hs_tata,ipromoter_hs_tata,kmer13__logreg_l2_c03,composition,0.49195916127093237,0.47444000000000003,False,False,False
ipromoter_hs_tata,ipromoter_hs_tata,kmer46__logreg_l2_c1,composition,0.49243829694240004,0.5572400000000001,False,False,False
ipromoter_hs_tata,ipromoter_hs_tata,kmer46__logreg_l2_c03,composition,0.4918952114258358,0.551952,False,False,False
ipromoter_hs_tata,ipromoter_hs_tata,fcgr4__scaled_logreg_l2_c1,composition,0.4984197228482057,0.6401760000000001,False,False,False
ipromoter_hs_tata,ipromoter_hs_tata,fcgr4__extratrees_300,composition,0.06292949521441993,0.118088,False,False,False
ipromoter_hs_tata,ipromoter_hs_tata,basicpos__scaled_logreg_l2_c1,motif_position,0.6773257606736441,0.810384,False,False,False
ipromoter_hs_tata,ipromoter_hs_tata,basicpos__extratrees_300,motif_position,0.5526278748750497,0.6787599999999999,False,False,False
ipromoter_hs_tata,ipromoter_hs_tata,cksnap5__scaled_logreg_l2_c1,physicochemical,0.594857960559706,0.558832,False,False,False
ipromoter_hs_tata,ipromoter_hs_tata,cksnap5__extratrees_300,physicochemical,0.10839726555018592,0.152128,False,False,False
ipromoter_hs_tata,ipromoter_hs_tata,zcurve12__scaled_logreg_l2_c1,physicochemical,0.6774451988067253,0.8116959999999999,False,False,False
ipromoter_hs_tata,ipromoter_hs_tata,zcurve12__extratrees_300,physicochemical,0.6588986860340861,0.7888319999999999,False,False,False
ipromoter_hs_tata,ipromoter_hs_tata,eiip_auto__scaled_logreg_l2_c1,physicochemical,0.6408444080742131,0.493072,False,False,False
ipromoter_hs_tata,ipromoter_hs_tata,eiip_auto__extratrees_300,physicochemical,0.6272105614552316,0.487352,False,False,False
ipromoter_hs_tata,ipromoter_hs_tata,dinuc_auto__scaled_logreg_l2_c1,physicochemical,0.6085623472749961,0.544272,False,False,False
ipromoter_hs_tata,ipromoter_hs_tata,dinuc_auto__extratrees_300,physicochemical,0.39363619307385755,0.418192,False,False,False
ipromoter_hs_tata,ipromoter_hs_tata,promoter_motif__scaled_logreg_l2_c1,motif_position,0.7113697780191852,0.840512,False,False,False
ipromoter_hs_tata,ipromoter_hs_tata,promoter_motif__extratrees_300,motif_position,0.6532933926141347,0.7751599999999998,False,False,False
ipromoter_hs_tata,ipromoter_hs_tata,dnabert2__scaled_logreg_l2_c1,foundation_db2,0.5876928116306055,0.568736,False,False,False
ipromoter_hs_tata,ipromoter_hs_tata,dnabert2__scaled_logreg_l2_c03,foundation_db2,0.5917714448808474,0.568512,False,False,False
ipromoter_hs_tata,ipromoter_hs_tata,dnabert1_6mer_mean__linear,foundation_db1,0.6553861634990882,0.446048,False,False,False
ipromoter_hs_tata,ipromoter_hs_tata,dnabert1_6mer_cls__linear,foundation_db1,0.5577396317042178,0.495568,False,False,False
ipromoter_hs_tata,ipromoter_hs_tata,nt_500m_human_ref_mean__linear,foundation_nt,0.6494069343436866,0.48889600000000005,False,False,False
ipromoter_hs_tata,ipromoter_hs_tata,nt_500m_human_ref_cls__linear,foundation_nt,0.6874481424522666,0.5767039999999999,False,False,False
ipromoter_hs_tata,ipromoter_hs_tata,dnashaper_shape4__logreg_c1,dna_shape,0.6589859051612406,0.7200960000000001,False,False,False
ipromoter_hs_tata,ipromoter_hs_tata,dnashaper_shape4__histgb,dna_shape,0.7293396031301904,0.851248,False,False,True
ipromoter_hs_tata,ipromoter_hs_tata,dnashaper_ep__logreg_c1,dna_shape,0.6334162186245055,0.724512,False,False,False
ipromoter_hs_tata,ipromoter_hs_tata,dnashaper_all5__logreg_c03,dna_shape,0.6658768670954615,0.750256,False,False,False
ipromoter_hs_tata,ipromoter_hs_tata,dnabert1_6mer__pool_interaction,foundation_db1,0.5517010902879061,0.489504,False,False,False
ipromoter_hs_tata,ipromoter_hs_tata,nt_500m_human_ref__pool_interaction,foundation_nt,0.6239093337646557,0.557408,False,False,False
ipromoter_hs_tata,ipromoter_hs_tata,dnabert2__pool_interaction,foundation_db2,0.5334768489356582,0.49696,False,False,False
ipromoter_hs_tata,ipromoter_hs_tata,cross_foundation__attention_interaction,foundation_cross,0.5893961881661544,0.516144,False,False,False
ipromoter_hs_tata,ipromoter_hs_tata,cross_foundation__anchor_residual,foundation_residual,0.701573979800636,0.7670879999999999,False,False,False
ipromoter_hs_tata,ipromoter_hs_tata,aligned_score_anchor,derived_anchor,0.9735120717943595,0.952544,True,True,False
ipromoter_hs_tata,ipromoter_hs_tata,local_cross,preclassifier_local,0.593996264873424,0.55816,False,False,False
ipromoter_hs_tata,ipromoter_hs_tata,local_cross_db1,preclassifier_local,0.5967313004876298,0.570208,False,False,False
ipromoter_hs_tata,ipromoter_hs_tata,local_cross_db1_nt,preclassifier_local,0.6278538025179967,0.565392,False,False,False
ipromoter_hs_tata,ipromoter_hs_tata,local_cross_nt,preclassifier_local,0.6107224851723416,0.550528,False,False,False
ipromoter_hs_tata,ipromoter_hs_tata,local_cross_db1_nt_mean,preclassifier_local,0.6410999633712211,0.574944,False,False,False
ipromoter_hs_tata,ipromoter_hs_tata,rc_multiscale_seed0,sequence_grammar_rc,0.5706806883346532,0.5359839999999999,False,False,False
ipromoter_hs_tata,ipromoter_hs_tata,rc_multiscale_seed1,sequence_grammar_rc,0.5901587046397484,0.566728,False,False,False
ipromoter_hs_tata,ipromoter_hs_tata,rc_multiscale_seed2,sequence_grammar_rc,0.5947005267807468,0.5455119999999999,False,False,False
ipromoter_hs_tata,ipromoter_hs_tata,rc_multiscale_biophysical_seed3,sequence_grammar_biophysical,0.6139117599534354,0.6568160000000001,False,False,False
ipromoter_hs_tata,ipromoter_hs_tata,rc_multiscale_biophysical_position_seed4,sequence_grammar_position,0.630325472167091,0.75672,False,False,False
ipromoter_mm_notata,ipromoter_mm_notata,kmer13__logreg_l2_c1,composition,0.5341588269868803,0.51161864,False,False,False
ipromoter_mm_notata,ipromoter_mm_notata,kmer13__logreg_l2_c03,composition,0.5286352276040043,0.50142032,False,False,False
ipromoter_mm_notata,ipromoter_mm_notata,kmer46__logreg_l2_c1,composition,0.5534390406588481,0.57974656,False,False,False
ipromoter_mm_notata,ipromoter_mm_notata,kmer46__logreg_l2_c03,composition,0.5509195860849097,0.57358208,False,False,False
ipromoter_mm_notata,ipromoter_mm_notata,fcgr4__scaled_logreg_l2_c1,composition,0.5695433453065325,0.62823688,False,False,False
ipromoter_mm_notata,ipromoter_mm_notata,fcgr4__extratrees_300,composition,0.0883447277053322,0.126886,False,False,False
ipromoter_mm_notata,ipromoter_mm_notata,basicpos__scaled_logreg_l2_c1,motif_position,0.6552199644752948,0.75531456,False,False,False
ipromoter_mm_notata,ipromoter_mm_notata,basicpos__extratrees_300,motif_position,0.6634707686870168,0.69608696,False,False,False
ipromoter_mm_notata,ipromoter_mm_notata,cksnap5__scaled_logreg_l2_c1,physicochemical,0.6259761657223772,0.57754088,False,False,False
ipromoter_mm_notata,ipromoter_mm_notata,cksnap5__extratrees_300,physicochemical,0.20572206688321995,0.28565503999999997,False,False,False
ipromoter_mm_notata,ipromoter_mm_notata,zcurve12__scaled_logreg_l2_c1,physicochemical,0.6296657620545676,0.764144,False,False,False
ipromoter_mm_notata,ipromoter_mm_notata,zcurve12__extratrees_300,physicochemical,0.6760041675552902,0.7458123999999999,False,False,False
ipromoter_mm_notata,ipromoter_mm_notata,eiip_auto__scaled_logreg_l2_c1,physicochemical,0.6810781852043151,0.51521256,False,False,False
ipromoter_mm_notata,ipromoter_mm_notata,eiip_auto__extratrees_300,physicochemical,0.6725328293040553,0.52652768,False,False,False
ipromoter_mm_notata,ipromoter_mm_notata,dinuc_auto__scaled_logreg_l2_c1,physicochemical,0.6701446694507106,0.54994264,False,False,False
ipromoter_mm_notata,ipromoter_mm_notata,dinuc_auto__extratrees_300,physicochemical,0.5509084009524272,0.49671568,False,False,False
ipromoter_mm_notata,ipromoter_mm_notata,promoter_motif__scaled_logreg_l2_c1,motif_position,0.6498750138055597,0.78069392,False,False,False
ipromoter_mm_notata,ipromoter_mm_notata,promoter_motif__extratrees_300,motif_position,0.6213017693166298,0.70633904,False,False,False
ipromoter_mm_notata,ipromoter_mm_notata,dnabert2__scaled_logreg_l2_c1,foundation_db2,0.7241537113558025,0.64659352,False,False,False
ipromoter_mm_notata,ipromoter_mm_notata,dnabert2__scaled_logreg_l2_c03,foundation_db2,0.7242358639252162,0.64680096,False,False,False
ipromoter_mm_notata,ipromoter_mm_notata,dnabert1_6mer_mean__linear,foundation_db1,0.7278617098774707,0.51855184,False,False,False
ipromoter_mm_notata,ipromoter_mm_notata,dnabert1_6mer_cls__linear,foundation_db1,0.6356167992555244,0.57533792,False,False,False
ipromoter_mm_notata,ipromoter_mm_notata,nt_500m_human_ref_mean__linear,foundation_nt,0.7153072483461151,0.5583792,False,False,False
ipromoter_mm_notata,ipromoter_mm_notata,nt_500m_human_ref_cls__linear,foundation_nt,0.7384149398324144,0.6539956,False,False,False
ipromoter_mm_notata,ipromoter_mm_notata,dnashaper_shape4__logreg_c1,dna_shape,0.6723872153852153,0.694916,False,False,False
ipromoter_mm_notata,ipromoter_mm_notata,dnashaper_shape4__histgb,dna_shape,0.6721126799300237,0.6847724800000001,False,False,False
ipromoter_mm_notata,ipromoter_mm_notata,dnashaper_ep__logreg_c1,dna_shape,0.64854596098389,0.6941923200000001,False,False,False
ipromoter_mm_notata,ipromoter_mm_notata,dnashaper_all5__logreg_c03,dna_shape,0.6830839402823131,0.70988704,False,False,False
ipromoter_mm_notata,ipromoter_mm_notata,dnabert1_6mer__pool_interaction,foundation_db1,0.6584265873440658,0.56600704,False,False,False
ipromoter_mm_notata,ipromoter_mm_notata,nt_500m_human_ref__pool_interaction,foundation_nt,0.664085698507136,0.62178032,False,False,False
ipromoter_mm_notata,ipromoter_mm_notata,dnabert2__pool_interaction,foundation_db2,0.6132700833128006,0.59305368,False,False,False
ipromoter_mm_notata,ipromoter_mm_notata,cross_foundation__attention_interaction,foundation_cross,0.6764343076345187,0.6256386399999999,False,False,False
ipromoter_mm_notata,ipromoter_mm_notata,cross_foundation__anchor_residual,foundation_residual,0.7301433741761534,0.65451704,False,False,False
ipromoter_mm_notata,ipromoter_mm_notata,aligned_score_anchor,derived_anchor,0.9617602206655308,0.8977691200000001,True,True,False
ipromoter_mm_notata,ipromoter_mm_notata,local_cross,preclassifier_local,0.695999016126217,0.63160448,False,False,False
ipromoter_mm_notata,ipromoter_mm_notata,local_cross_db1,preclassifier_local,0.7233928455045289,0.65017568,False,False,False
ipromoter_mm_notata,ipromoter_mm_notata,local_cross_db1_nt,preclassifier_local,0.7332034220125832,0.67624776,False,False,False
ipromoter_mm_notata,ipromoter_mm_notata,local_cross_nt,preclassifier_local,0.7180928094794875,0.63821832,False,False,False
ipromoter_mm_notata,ipromoter_mm_notata,local_cross_db1_nt_mean,preclassifier_local,0.7271058411199429,0.6758607200000001,False,False,False
ipromoter_mm_notata,ipromoter_mm_notata,rc_multiscale_seed0,sequence_grammar_rc,0.7322296660385488,0.59107,False,False,False
ipromoter_mm_notata,ipromoter_mm_notata,rc_multiscale_seed1,sequence_grammar_rc,0.7298564260793886,0.59623424,False,False,False
ipromoter_mm_notata,ipromoter_mm_notata,rc_multiscale_seed2,sequence_grammar_rc,0.7352295206596849,0.59402928,False,False,False
ipromoter_mm_notata,ipromoter_mm_notata,rc_multiscale_biophysical_seed3,sequence_grammar_biophysical,0.7254268907494901,0.69650448,False,False,False
ipromoter_mm_notata,ipromoter_mm_notata,rc_multiscale_biophysical_position_seed4,sequence_grammar_position,0.7683755638480305,0.7463938400000001,False,False,True
ipromoter_mm_tata,ipromoter_mm_tata,kmer13__logreg_l2_c1,composition,0.5100035316995217,0.415528,False,False,False
ipromoter_mm_tata,ipromoter_mm_tata,kmer13__logreg_l2_c03,composition,0.5042607062017449,0.40739200000000003,False,False,False
ipromoter_mm_tata,ipromoter_mm_tata,kmer46__logreg_l2_c1,composition,0.5066828850444759,0.508536,False,False,False
ipromoter_mm_tata,ipromoter_mm_tata,kmer46__logreg_l2_c03,composition,0.5067317445386742,0.5073840000000001,False,False,False
ipromoter_mm_tata,ipromoter_mm_tata,fcgr4__scaled_logreg_l2_c1,composition,0.512165366433254,0.5990880000000001,False,False,False
ipromoter_mm_tata,ipromoter_mm_tata,fcgr4__extratrees_300,composition,0.06064923977793181,0.111344,False,False,False
ipromoter_mm_tata,ipromoter_mm_tata,basicpos__scaled_logreg_l2_c1,motif_position,0.6924817974997756,0.798592,False,False,False
ipromoter_mm_tata,ipromoter_mm_tata,basicpos__extratrees_300,motif_position,0.5760286830416251,0.680992,False,False,False
ipromoter_mm_tata,ipromoter_mm_tata,cksnap5__scaled_logreg_l2_c1,physicochemical,0.6023707864263,0.550448,False,False,False
ipromoter_mm_tata,ipromoter_mm_tata,cksnap5__extratrees_300,physicochemical,0.1089792668801997,0.17232,False,False,False
ipromoter_mm_tata,ipromoter_mm_tata,zcurve12__scaled_logreg_l2_c1,physicochemical,0.6912870785274972,0.847104,False,False,False
ipromoter_mm_tata,ipromoter_mm_tata,zcurve12__extratrees_300,physicochemical,0.6810214757265456,0.8305039999999999,False,False,False
ipromoter_mm_tata,ipromoter_mm_tata,eiip_auto__scaled_logreg_l2_c1,physicochemical,0.6296572668387519,0.47136,False,False,False
ipromoter_mm_tata,ipromoter_mm_tata,eiip_auto__extratrees_300,physicochemical,0.622007841696966,0.489944,False,False,False
ipromoter_mm_tata,ipromoter_mm_tata,dinuc_auto__scaled_logreg_l2_c1,physicochemical,0.5899054989741666,0.5508160000000001,False,False,False
ipromoter_mm_tata,ipromoter_mm_tata,dinuc_auto__extratrees_300,physicochemical,0.36060307151360527,0.383088,False,False,False
ipromoter_mm_tata,ipromoter_mm_tata,promoter_motif__scaled_logreg_l2_c1,motif_position,0.7314285710173827,0.840448,False,False,True
ipromoter_mm_tata,ipromoter_mm_tata,promoter_motif__extratrees_300,motif_position,0.6796843518367139,0.7982560000000001,False,False,False
ipromoter_mm_tata,ipromoter_mm_tata,dnabert2__scaled_logreg_l2_c1,foundation_db2,0.5730340062079622,0.573288,False,False,False
ipromoter_mm_tata,ipromoter_mm_tata,dnabert2__scaled_logreg_l2_c03,foundation_db2,0.5769485223852759,0.5721280000000001,False,False,False
ipromoter_mm_tata,ipromoter_mm_tata,dnabert1_6mer_mean__linear,foundation_db1,0.6369566162231366,0.42361600000000005,False,False,False
ipromoter_mm_tata,ipromoter_mm_tata,dnabert1_6mer_cls__linear,foundation_db1,0.5672173517837529,0.5012479999999999,False,False,False
ipromoter_mm_tata,ipromoter_mm_tata,nt_500m_human_ref_mean__linear,foundation_nt,0.6363086342713589,0.47731199999999996,False,False,False
ipromoter_mm_tata,ipromoter_mm_tata,nt_500m_human_ref_cls__linear,foundation_nt,0.6685681333053944,0.640528,False,False,False
ipromoter_mm_tata,ipromoter_mm_tata,dnashaper_shape4__logreg_c1,dna_shape,0.6624573864617609,0.7433919999999998,False,False,False
ipromoter_mm_tata,ipromoter_mm_tata,dnashaper_shape4__histgb,dna_shape,0.7296543741264296,0.863472,False,False,False
ipromoter_mm_tata,ipromoter_mm_tata,dnashaper_ep__logreg_c1,dna_shape,0.6519357570328889,0.7101440000000001,False,False,False
ipromoter_mm_tata,ipromoter_mm_tata,dnashaper_all5__logreg_c03,dna_shape,0.6759269919706365,0.7555999999999999,False,False,False
ipromoter_mm_tata,ipromoter_mm_tata,dnabert1_6mer__pool_interaction,foundation_db1,0.5115996324960107,0.432288,False,False,False
ipromoter_mm_tata,ipromoter_mm_tata,nt_500m_human_ref__pool_interaction,foundation_nt,0.6044160491709285,0.592624,False,False,False
ipromoter_mm_tata,ipromoter_mm_tata,dnabert2__pool_interaction,foundation_db2,0.4982033522074417,0.524,False,False,False
ipromoter_mm_tata,ipromoter_mm_tata,cross_foundation__attention_interaction,foundation_cross,0.5597341496634667,0.5586880000000001,False,False,False
ipromoter_mm_tata,ipromoter_mm_tata,cross_foundation__anchor_residual,foundation_residual,0.6889789531432414,0.7865279999999999,False,False,False
ipromoter_mm_tata,ipromoter_mm_tata,aligned_score_anchor,derived_anchor,0.974836568949597,0.953952,True,True,False
ipromoter_mm_tata,ipromoter_mm_tata,local_cross,preclassifier_local,0.5689611104331067,0.5203840000000001,False,False,False
ipromoter_mm_tata,ipromoter_mm_tata,local_cross_db1,preclassifier_local,0.5631182632903582,0.527792,False,False,False
ipromoter_mm_tata,ipromoter_mm_tata,local_cross_db1_nt,preclassifier_local,0.5824315794381978,0.534992,False,False,False
ipromoter_mm_tata,ipromoter_mm_tata,local_cross_nt,preclassifier_local,0.59246763616184,0.535568,False,False,False
ipromoter_mm_tata,ipromoter_mm_tata,local_cross_db1_nt_mean,preclassifier_local,0.5930446675079039,0.539264,False,False,False
ipromoter_mm_tata,ipromoter_mm_tata,rc_multiscale_seed0,sequence_grammar_rc,0.5694848208878583,0.535064,False,False,False
ipromoter_mm_tata,ipromoter_mm_tata,rc_multiscale_seed1,sequence_grammar_rc,0.5753446501228467,0.5207120000000001,False,False,False
ipromoter_mm_tata,ipromoter_mm_tata,rc_multiscale_seed2,sequence_grammar_rc,0.5828034584750427,0.6419759999999999,False,False,False
ipromoter_mm_tata,ipromoter_mm_tata,rc_multiscale_biophysical_seed3,sequence_grammar_biophysical,0.6152435001761533,0.6926239999999999,False,False,False
ipromoter_mm_tata,ipromoter_mm_tata,rc_multiscale_biophysical_position_seed4,sequence_grammar_position,0.662507181410193,0.7477119999999999,False,False,False
snnrice6ma_rice_chen__fold00,snnrice6ma_rice_chen,kmer13__logreg_l2_c1,composition,0.629064476839098,0.6899535123966941,False,False,False
snnrice6ma_rice_chen__fold00,snnrice6ma_rice_chen,kmer13__logreg_l2_c03,composition,0.6190415837669626,0.6803977272727273,False,False,False
snnrice6ma_rice_chen__fold00,snnrice6ma_rice_chen,kmer46__logreg_l2_c1,composition,0.7134659409754106,0.7798295454545454,False,False,False
snnrice6ma_rice_chen__fold00,snnrice6ma_rice_chen,kmer46__logreg_l2_c03,composition,0.7118884552596674,0.7773114669421488,False,False,False
snnrice6ma_rice_chen__fold00,snnrice6ma_rice_chen,fcgr4__scaled_logreg_l2_c1,composition,0.680566715131109,0.772081611570248,False,False,False
snnrice6ma_rice_chen__fold00,snnrice6ma_rice_chen,fcgr4__extratrees_300,composition,0.7114444635751453,0.7837680785123967,False,False,False
snnrice6ma_rice_chen__fold00,snnrice6ma_rice_chen,basicpos__scaled_logreg_l2_c1,motif_position,0.7494292674216917,0.7595557851239669,False,False,False
snnrice6ma_rice_chen__fold00,snnrice6ma_rice_chen,basicpos__extratrees_300,motif_position,0.7297939942352821,0.8212164256198348,False,False,False
snnrice6ma_rice_chen__fold00,snnrice6ma_rice_chen,cksnap5__scaled_logreg_l2_c1,physicochemical,0.7084544944393429,0.7501291322314049,False,False,False
snnrice6ma_rice_chen__fold00,snnrice6ma_rice_chen,cksnap5__extratrees_300,physicochemical,0.6831278377206409,0.742058367768595,False,False,False
snnrice6ma_rice_chen__fold00,snnrice6ma_rice_chen,zcurve12__scaled_logreg_l2_c1,physicochemical,0.7629211942658912,0.7580061983471075,False,False,False
snnrice6ma_rice_chen__fold00,snnrice6ma_rice_chen,zcurve12__extratrees_300,physicochemical,0.8270345500459136,0.8497546487603306,False,False,True
snnrice6ma_rice_chen__fold00,snnrice6ma_rice_chen,eiip_auto__scaled_logreg_l2_c1,physicochemical,0.5908150316294256,0.5765754132231405,False,False,False
snnrice6ma_rice_chen__fold00,snnrice6ma_rice_chen,eiip_auto__extratrees_300,physicochemical,0.5811914919395981,0.5664385330578512,False,False,False
snnrice6ma_rice_chen__fold00,snnrice6ma_rice_chen,dinuc_auto__scaled_logreg_l2_c1,physicochemical,0.6719021018263442,0.6701962809917356,False,False,False
snnrice6ma_rice_chen__fold00,snnrice6ma_rice_chen,dinuc_auto__extratrees_300,physicochemical,0.6972797737475768,0.75755423553719,False,False,False
snnrice6ma_rice_chen__fold00,snnrice6ma_rice_chen,center_context__scaled_logreg_l2_c1,motif_position,0.762570464748495,0.7896435950413223,False,False,False
snnrice6ma_rice_chen__fold00,snnrice6ma_rice_chen,center_context__extratrees_300,motif_position,0.7289139819916336,0.7968104338842975,False,False,False
snnrice6ma_rice_chen__fold00,snnrice6ma_rice_chen,dnabert2__scaled_logreg_l2_c1,foundation_db2,0.5824891911539639,0.6572830578512396,False,False,False
snnrice6ma_rice_chen__fold00,snnrice6ma_rice_chen,dnabert2__scaled_logreg_l2_c03,foundation_db2,0.5853332886950311,0.6638042355371899,False,False,False
snnrice6ma_rice_chen__fold00,snnrice6ma_rice_chen,dnabert1_6mer_mean__linear,foundation_db1,0.6983917457402307,0.7790547520661156,False,False,False
snnrice6ma_rice_chen__fold00,snnrice6ma_rice_chen,dnabert1_6mer_cls__linear,foundation_db1,0.6694055453525151,0.6743285123966942,False,False,False
snnrice6ma_rice_chen__fold00,snnrice6ma_rice_chen,nt_500m_human_ref_mean__linear,foundation_nt,0.6472362514029181,0.6878873966942148,False,False,False
snnrice6ma_rice_chen__fold00,snnrice6ma_rice_chen,nt_500m_human_ref_cls__linear,foundation_nt,0.6783650902969085,0.7246900826446281,False,False,False
snnrice6ma_rice_chen__fold00,snnrice6ma_rice_chen,dnashaper_shape4__logreg_c1,dna_shape,0.7923952275278032,0.8065599173553718,False,False,False
snnrice6ma_rice_chen__fold00,snnrice6ma_rice_chen,dnashaper_shape4__histgb,dna_shape,0.8236229083766964,0.8827479338842975,False,False,False
snnrice6ma_rice_chen__fold00,snnrice6ma_rice_chen,dnashaper_ep__logreg_c1,dna_shape,0.70780564483216,0.741219008264463,False,False,False
snnrice6ma_rice_chen__fold00,snnrice6ma_rice_chen,dnashaper_all5__logreg_c03,dna_shape,0.8001782343638404,0.81224173553719,False,False,False
snnrice6ma_rice_chen__fold00,snnrice6ma_rice_chen,dnabert1_6mer__pool_interaction,foundation_db1,0.7531023620038771,0.7962293388429752,False,False,False
snnrice6ma_rice_chen__fold00,snnrice6ma_rice_chen,nt_500m_human_ref__pool_interaction,foundation_nt,0.6897446689113356,0.7208161157024794,False,False,False
snnrice6ma_rice_chen__fold00,snnrice6ma_rice_chen,dnabert2__pool_interaction,foundation_db2,0.6183106315682073,0.7045454545454545,False,False,False
snnrice6ma_rice_chen__fold00,snnrice6ma_rice_chen,cross_foundation__attention_interaction,foundation_cross,0.7509780570860117,0.8112086776859505,False,False,False
snnrice6ma_rice_chen__fold00,snnrice6ma_rice_chen,cross_foundation__anchor_residual,foundation_residual,0.8273055683093562,0.9009555785123967,False,False,False
snnrice6ma_rice_chen__fold00,snnrice6ma_rice_chen,aligned_score_anchor,derived_anchor,0.8895648403224161,0.9269111570247934,True,True,False
snnrice6ma_rice_chen__fold00,snnrice6ma_rice_chen,local_cross,preclassifier_local,0.7127764386287114,0.8006198347107438,False,False,False
snnrice6ma_rice_chen__fold00,snnrice6ma_rice_chen,local_cross_db1,preclassifier_local,0.7120590373431284,0.8057851239669421,False,False,False
snnrice6ma_rice_chen__fold00,snnrice6ma_rice_chen,local_cross_db1_nt,preclassifier_local,0.7247347209468422,0.8319989669421488,False,False,False
snnrice6ma_rice_chen__fold00,snnrice6ma_rice_chen,local_cross_nt,preclassifier_local,0.7049846635547393,0.7993285123966942,False,False,False
snnrice6ma_rice_chen__fold00,snnrice6ma_rice_chen,local_cross_db1_nt_mean,preclassifier_local,0.6912830961126417,0.824767561983471,False,False,False
snnrice6ma_rice_chen__fold00,snnrice6ma_rice_chen,rc_multiscale_seed0,sequence_grammar_rc,0.6707797673706765,0.7742122933884298,False,False,False
snnrice6ma_rice_chen__fold00,snnrice6ma_rice_chen,rc_multiscale_seed1,sequence_grammar_rc,0.685700119885726,0.7823476239669421,False,False,False
snnrice6ma_rice_chen__fold00,snnrice6ma_rice_chen,rc_multiscale_seed2,sequence_grammar_rc,0.7143252282930312,0.7835743801652892,False,False,False
snnrice6ma_rice_chen__fold00,snnrice6ma_rice_chen,rc_multiscale_biophysical_seed3,sequence_grammar_biophysical,0.6947377818589942,0.7544550619834711,False,False,False
snnrice6ma_rice_chen__fold00,snnrice6ma_rice_chen,rc_multiscale_biophysical_position_seed4,sequence_grammar_position,0.6882094301601878,0.7715650826446281,False,False,False
snnrice6ma_rice_chen__fold01,snnrice6ma_rice_chen,kmer13__logreg_l2_c1,composition,0.6269752448729721,0.7046745867768596,False,False,False
snnrice6ma_rice_chen__fold01,snnrice6ma_rice_chen,kmer13__logreg_l2_c03,composition,0.6168216253443526,0.6931818181818181,False,False,False
snnrice6ma_rice_chen__fold01,snnrice6ma_rice_chen,kmer46__logreg_l2_c1,composition,0.7198045798898072,0.7607179752066114,False,False,False
snnrice6ma_rice_chen__fold01,snnrice6ma_rice_chen,kmer46__logreg_l2_c03,composition,0.7181019475053565,0.7580061983471074,False,False,False
snnrice6ma_rice_chen__fold01,snnrice6ma_rice_chen,fcgr4__scaled_logreg_l2_c1,composition,0.68708709570452,0.7279183884297521,False,False,False
snnrice6ma_rice_chen__fold01,snnrice6ma_rice_chen,fcgr4__extratrees_300,composition,0.715466693449648,0.7434788223140495,False,False,False
snnrice6ma_rice_chen__fold01,snnrice6ma_rice_chen,basicpos__scaled_logreg_l2_c1,motif_position,0.7412365447403326,0.7580061983471074,False,False,False
snnrice6ma_rice_chen__fold01,snnrice6ma_rice_chen,basicpos__extratrees_300,motif_position,0.7415864771451892,0.7739540289256198,False,False,False
snnrice6ma_rice_chen__fold01,snnrice6ma_rice_chen,cksnap5__scaled_logreg_l2_c1,physicochemical,0.7174682430364248,0.7175878099173553,False,False,False
snnrice6ma_rice_chen__fold01,snnrice6ma_rice_chen,cksnap5__extratrees_300,physicochemical,0.677952983113968,0.7303719008264463,False,False,False
snnrice6ma_rice_chen__fold01,snnrice6ma_rice_chen,zcurve12__scaled_logreg_l2_c1,physicochemical,0.7614194342414039,0.774922520661157,False,False,False
snnrice6ma_rice_chen__fold01,snnrice6ma_rice_chen,zcurve12__extratrees_300,physicochemical,0.8188226966636057,0.8405862603305785,False,False,False
snnrice6ma_rice_chen__fold01,snnrice6ma_rice_chen,eiip_auto__scaled_logreg_l2_c1,physicochemical,0.5661523696561575,0.681043388429752,False,False,False
snnrice6ma_rice_chen__fold01,snnrice6ma_rice_chen,eiip_auto__extratrees_300,physicochemical,0.5676517383430262,0.6737474173553718,False,False,False
snnrice6ma_rice_chen__fold01,snnrice6ma_rice_chen,dinuc_auto__scaled_logreg_l2_c1,physicochemical,0.6551196944189368,0.7119059917355371,False,False,False
snnrice6ma_rice_chen__fold01,snnrice6ma_rice_chen,dinuc_auto__extratrees_300,physicochemical,0.6832561728395061,0.7418001033057852,False,False,False
snnrice6ma_rice_chen__fold01,snnrice6ma_rice_chen,center_context__scaled_logreg_l2_c1,motif_position,0.7679270610141822,0.7667871900826446,False,False,False
snnrice6ma_rice_chen__fold01,snnrice6ma_rice_chen,center_context__extratrees_300,motif_position,0.7355475525456587,0.7665934917355371,False,False,False
snnrice6ma_rice_chen__fold01,snnrice6ma_rice_chen,dnabert2__scaled_logreg_l2_c1,foundation_db2,0.598683329507193,0.5818698347107437,False,False,False
snnrice6ma_rice_chen__fold01,snnrice6ma_rice_chen,dnabert2__scaled_logreg_l2_c03,foundation_db2,0.6025955578512396,0.5906508264462809,False,False,False
snnrice6ma_rice_chen__fold01,snnrice6ma_rice_chen,dnabert1_6mer_mean__linear,foundation_db1,0.716130688195082,0.7723398760330579,False,False,False
snnrice6ma_rice_chen__fold01,snnrice6ma_rice_chen,dnabert1_6mer_cls__linear,foundation_db1,0.6552145508111417,0.7307592975206612,False,False,False
snnrice6ma_rice_chen__fold01,snnrice6ma_rice_chen,nt_500m_human_ref_mean__linear,foundation_nt,0.6684378507295174,0.6712293388429752,False,False,False
snnrice6ma_rice_chen__fold01,snnrice6ma_rice_chen,nt_500m_human_ref_cls__linear,foundation_nt,0.6698455514743393,0.6918904958677685,False,False,False
snnrice6ma_rice_chen__fold01,snnrice6ma_rice_chen,dnashaper_shape4__logreg_c1,dna_shape,0.7947594633200694,0.787448347107438,False,False,False
snnrice6ma_rice_chen__fold01,snnrice6ma_rice_chen,dnashaper_shape4__histgb,dna_shape,0.8342755203550657,0.8504648760330579,False,False,True
snnrice6ma_rice_chen__fold01,snnrice6ma_rice_chen,dnashaper_ep__logreg_c1,dna_shape,0.7122423732272217,0.687887396694215,False,False,False
snnrice6ma_rice_chen__fold01,snnrice6ma_rice_chen,dnashaper_all5__logreg_c03,dna_shape,0.8091935771860014,0.800232438016529,False,False,False
snnrice6ma_rice_chen__fold01,snnrice6ma_rice_chen,dnabert1_6mer__pool_interaction,foundation_db1,0.7203824864809714,0.8074638429752066,False,False,False
snnrice6ma_rice_chen__fold01,snnrice6ma_rice_chen,nt_500m_human_ref__pool_interaction,foundation_nt,0.6705215029078666,0.6996384297520661,False,False,False
snnrice6ma_rice_chen__fold01,snnrice6ma_rice_chen,dnabert2__pool_interaction,foundation_db2,0.6234280940720335,0.6454028925619835,False,False,False
snnrice6ma_rice_chen__fold01,snnrice6ma_rice_chen,cross_foundation__attention_interaction,foundation_cross,0.7371258353739415,0.7915805785123967,False,False,False
snnrice6ma_rice_chen__fold01,snnrice6ma_rice_chen,cross_foundation__anchor_residual,foundation_residual,0.8494573257830834,0.8765495867768596,False,False,False
snnrice6ma_rice_chen__fold01,snnrice6ma_rice_chen,aligned_score_anchor,derived_anchor,0.8874014768901132,0.9043130165289256,True,True,False
snnrice6ma_rice_chen__fold01,snnrice6ma_rice_chen,local_cross,preclassifier_local,0.706831573308846,0.7538739669421488,False,False,False
snnrice6ma_rice_chen__fold01,snnrice6ma_rice_chen,local_cross_db1,preclassifier_local,0.7191102948678705,0.7807334710743802,False,False,False
snnrice6ma_rice_chen__fold01,snnrice6ma_rice_chen,local_cross_db1_nt,preclassifier_local,0.7341055759616366,0.7981663223140497,False,False,False
snnrice6ma_rice_chen__fold01,snnrice6ma_rice_chen,local_cross_nt,preclassifier_local,0.7266637332925212,0.7800878099173553,False,False,False
snnrice6ma_rice_chen__fold01,snnrice6ma_rice_chen,local_cross_db1_nt_mean,preclassifier_local,0.7522622053872055,0.7994576446280992,False,False,False
snnrice6ma_rice_chen__fold01,snnrice6ma_rice_chen,rc_multiscale_seed0,sequence_grammar_rc,0.6817153543005815,0.7616219008264463,False,False,False
snnrice6ma_rice_chen__fold01,snnrice6ma_rice_chen,rc_multiscale_seed1,sequence_grammar_rc,0.7238523173655749,0.7596849173553718,False,False,False
snnrice6ma_rice_chen__fold01,snnrice6ma_rice_chen,rc_multiscale_seed2,sequence_grammar_rc,0.698866027701255,0.7527763429752067,False,False,False
snnrice6ma_rice_chen__fold01,snnrice6ma_rice_chen,rc_multiscale_biophysical_seed3,sequence_grammar_biophysical,0.7066466431996736,0.7605242768595041,False,False,False
snnrice6ma_rice_chen__fold01,snnrice6ma_rice_chen,rc_multiscale_biophysical_position_seed4,sequence_grammar_position,0.7230017982858892,0.770467458677686,False,False,False
snnrice6ma_rice_chen__fold02,snnrice6ma_rice_chen,kmer13__logreg_l2_c1,composition,0.6285200489745945,0.6707128099173554,False,False,False
snnrice6ma_rice_chen__fold02,snnrice6ma_rice_chen,kmer13__logreg_l2_c03,composition,0.6189068717477808,0.6597365702479339,False,False,False
snnrice6ma_rice_chen__fold02,snnrice6ma_rice_chen,kmer46__logreg_l2_c1,composition,0.7203386452912968,0.7126807851239669,False,False,False
snnrice6ma_rice_chen__fold02,snnrice6ma_rice_chen,kmer46__logreg_l2_c03,composition,0.7185140546882971,0.7115185950413223,False,False,False
snnrice6ma_rice_chen__fold02,snnrice6ma_rice_chen,fcgr4__scaled_logreg_l2_c1,composition,0.6848264845423937,0.7614927685950413,False,False,False
snnrice6ma_rice_chen__fold02,snnrice6ma_rice_chen,fcgr4__extratrees_300,composition,0.7036311664626058,0.781379132231405,False,False,False
snnrice6ma_rice_chen__fold02,snnrice6ma_rice_chen,basicpos__scaled_logreg_l2_c1,motif_position,0.7575661922252832,0.7231404958677686,False,False,False
snnrice6ma_rice_chen__fold02,snnrice6ma_rice_chen,basicpos__extratrees_300,motif_position,0.7525188756249362,0.7274018595041323,False,False,False
snnrice6ma_rice_chen__fold02,snnrice6ma_rice_chen,cksnap5__scaled_logreg_l2_c1,physicochemical,0.7154977808386899,0.7135847107438017,False,False,False
snnrice6ma_rice_chen__fold02,snnrice6ma_rice_chen,cksnap5__extratrees_300,physicochemical,0.6807070069380676,0.7019628099173554,False,False,False
snnrice6ma_rice_chen__fold02,snnrice6ma_rice_chen,zcurve12__scaled_logreg_l2_c1,physicochemical,0.7689808437914498,0.7552944214876033,False,False,False
snnrice6ma_rice_chen__fold02,snnrice6ma_rice_chen,zcurve12__extratrees_300,physicochemical,0.8242956713600652,0.8265754132231405,False,False,False
snnrice6ma_rice_chen__fold02,snnrice6ma_rice_chen,eiip_auto__scaled_logreg_l2_c1,physicochemical,0.5727285481073361,0.6447572314049587,False,False,False
snnrice6ma_rice_chen__fold02,snnrice6ma_rice_chen,eiip_auto__extratrees_300,physicochemical,0.5866875828997044,0.6054364669421488,False,False,False
snnrice6ma_rice_chen__fold02,snnrice6ma_rice_chen,dinuc_auto__scaled_logreg_l2_c1,physicochemical,0.6479568411386594,0.7213326446280991,False,False,False
snnrice6ma_rice_chen__fold02,snnrice6ma_rice_chen,dinuc_auto__extratrees_300,physicochemical,0.693696752882359,0.7350852272727273,False,False,False
snnrice6ma_rice_chen__fold02,snnrice6ma_rice_chen,center_context__scaled_logreg_l2_c1,motif_position,0.7662786322824202,0.7899018595041322,False,False,False
snnrice6ma_rice_chen__fold02,snnrice6ma_rice_chen,center_context__extratrees_300,motif_position,0.7394470270890725,0.7319860537190083,False,False,False
snnrice6ma_rice_chen__fold02,snnrice6ma_rice_chen,dnabert2__scaled_logreg_l2_c1,foundation_db2,0.5933362985919803,0.5400309917355373,False,False,False
snnrice6ma_rice_chen__fold02,snnrice6ma_rice_chen,dnabert2__scaled_logreg_l2_c03,foundation_db2,0.5973146872768085,0.5445506198347108,False,False,False
snnrice6ma_rice_chen__fold02,snnrice6ma_rice_chen,dnabert1_6mer_mean__linear,foundation_db1,0.7168735970819304,0.7759555785123967,False,False,False
snnrice6ma_rice_chen__fold02,snnrice6ma_rice_chen,dnabert1_6mer_cls__linear,foundation_db1,0.680195260687685,0.7387654958677685,False,False,False
snnrice6ma_rice_chen__fold02,snnrice6ma_rice_chen,nt_500m_human_ref_mean__linear,foundation_nt,0.6472362514029181,0.70286673553719,False,False,False
snnrice6ma_rice_chen__fold02,snnrice6ma_rice_chen,nt_500m_human_ref_cls__linear,foundation_nt,0.6688364069992858,0.7122933884297521,False,False,False
snnrice6ma_rice_chen__fold02,snnrice6ma_rice_chen,dnashaper_shape4__logreg_c1,dna_shape,0.8070445617794102,0.8171487603305785,False,False,False
snnrice6ma_rice_chen__fold02,snnrice6ma_rice_chen,dnashaper_shape4__histgb,dna_shape,0.8385831165187225,0.831482438016529,False,False,True
snnrice6ma_rice_chen__fold02,snnrice6ma_rice_chen,dnashaper_ep__logreg_c1,dna_shape,0.707807239057239,0.7231404958677685,False,False,False
snnrice6ma_rice_chen__fold02,snnrice6ma_rice_chen,dnashaper_all5__logreg_c03,dna_shape,0.7994385139271503,0.8143078512396694,False,False,False
snnrice6ma_rice_chen__fold02,snnrice6ma_rice_chen,dnabert1_6mer__pool_interaction,foundation_db1,0.7390078180797878,0.8125,False,False,False
snnrice6ma_rice_chen__fold02,snnrice6ma_rice_chen,nt_500m_human_ref__pool_interaction,foundation_nt,0.6668946408529742,0.7644628099173554,False,False,False
snnrice6ma_rice_chen__fold02,snnrice6ma_rice_chen,dnabert2__pool_interaction,foundation_db2,0.6280449699010305,0.6080836776859504,False,False,False
snnrice6ma_rice_chen__fold02,snnrice6ma_rice_chen,cross_foundation__attention_interaction,foundation_cross,0.7516986468217529,0.8115960743801653,False,False,False
snnrice6ma_rice_chen__fold02,snnrice6ma_rice_chen,cross_foundation__anchor_residual,foundation_residual,0.8604622615039281,0.8618285123966943,False,False,False
snnrice6ma_rice_chen__fold02,snnrice6ma_rice_chen,aligned_score_anchor,derived_anchor,0.8906138404244465,0.8890754132231405,True,True,False
snnrice6ma_rice_chen__fold02,snnrice6ma_rice_chen,local_cross,preclassifier_local,0.7111168503213958,0.7662706611570247,False,False,False
snnrice6ma_rice_chen__fold02,snnrice6ma_rice_chen,local_cross_db1,preclassifier_local,0.7231532496684012,0.7729855371900827,False,False,False
snnrice6ma_rice_chen__fold02,snnrice6ma_rice_chen,local_cross_db1_nt,preclassifier_local,0.7483069329660237,0.7737603305785126,False,False,False
snnrice6ma_rice_chen__fold02,snnrice6ma_rice_chen,local_cross_nt,preclassifier_local,0.7239774640342822,0.7769886363636365,False,False,False
snnrice6ma_rice_chen__fold02,snnrice6ma_rice_chen,local_cross_db1_nt_mean,preclassifier_local,0.7512052341597797,0.7760847107438017,False,False,False
snnrice6ma_rice_chen__fold02,snnrice6ma_rice_chen,rc_multiscale_seed0,sequence_grammar_rc,0.6812123762881339,0.7455449380165289,False,False,False
snnrice6ma_rice_chen__fold02,snnrice6ma_rice_chen,rc_multiscale_seed1,sequence_grammar_rc,0.7027009361289664,0.8001678719008264,False,False,False
snnrice6ma_rice_chen__fold02,snnrice6ma_rice_chen,rc_multiscale_seed2,sequence_grammar_rc,0.6721667431894705,0.7565211776859504,False,False,False
snnrice6ma_rice_chen__fold02,snnrice6ma_rice_chen,rc_multiscale_biophysical_seed3,sequence_grammar_biophysical,0.6873182583409857,0.7377970041322314,False,False,False
snnrice6ma_rice_chen__fold02,snnrice6ma_rice_chen,rc_multiscale_biophysical_position_seed4,sequence_grammar_position,0.7129302813488418,0.8099819214876034,False,False,False
snnrice6ma_rice_chen__fold03,snnrice6ma_rice_chen,kmer13__logreg_l2_c1,composition,0.629137014080196,0.6940857438016529,False,False,False
snnrice6ma_rice_chen__fold03,snnrice6ma_rice_chen,kmer13__logreg_l2_c03,composition,0.619147599734721,0.6802685950413223,False,False,False
snnrice6ma_rice_chen__fold03,snnrice6ma_rice_chen,kmer46__logreg_l2_c1,composition,0.7215191689623508,0.7396694214876034,False,False,False
snnrice6ma_rice_chen__fold03,snnrice6ma_rice_chen,kmer46__logreg_l2_c03,composition,0.7195574750025507,0.7390237603305786,False,False,False
snnrice6ma_rice_chen__fold03,snnrice6ma_rice_chen,fcgr4__scaled_logreg_l2_c1,composition,0.7013745408631771,0.637654958677686,False,False,False
snnrice6ma_rice_chen__fold03,snnrice6ma_rice_chen,fcgr4__extratrees_300,composition,0.7337133965921846,0.6985408057851239,False,False,False
snnrice6ma_rice_chen__fold03,snnrice6ma_rice_chen,basicpos__scaled_logreg_l2_c1,motif_position,0.7453863126211611,0.797004132231405,False,False,False
snnrice6ma_rice_chen__fold03,snnrice6ma_rice_chen,basicpos__extratrees_300,motif_position,0.7328301958983778,0.8063016528925618,False,False,False
snnrice6ma_rice_chen__fold03,snnrice6ma_rice_chen,cksnap5__scaled_logreg_l2_c1,physicochemical,0.7100997347209469,0.7332128099173554,False,False,False
snnrice6ma_rice_chen__fold03,snnrice6ma_rice_chen,cksnap5__extratrees_300,physicochemical,0.6847340194878074,0.7192019628099173,False,False,False
snnrice6ma_rice_chen__fold03,snnrice6ma_rice_chen,zcurve12__scaled_logreg_l2_c1,physicochemical,0.7629913401693705,0.7785382231404959,False,False,False
snnrice6ma_rice_chen__fold03,snnrice6ma_rice_chen,zcurve12__extratrees_300,physicochemical,0.821460342056933,0.8552427685950413,False,False,True
snnrice6ma_rice_chen__fold03,snnrice6ma_rice_chen,eiip_auto__scaled_logreg_l2_c1,physicochemical,0.5982855703499643,0.5707644628099173,False,False,False
snnrice6ma_rice_chen__fold03,snnrice6ma_rice_chen,eiip_auto__extratrees_300,physicochemical,0.5859741671768187,0.5817407024793388,False,False,False
snnrice6ma_rice_chen__fold03,snnrice6ma_rice_chen,dinuc_auto__scaled_logreg_l2_c1,physicochemical,0.6702632384450566,0.6286157024793388,False,False,False
snnrice6ma_rice_chen__fold03,snnrice6ma_rice_chen,dinuc_auto__extratrees_300,physicochemical,0.698854071013162,0.7269498966942147,False,False,False
snnrice6ma_rice_chen__fold03,snnrice6ma_rice_chen,center_context__scaled_logreg_l2_c1,motif_position,0.7671833550147944,0.8073347107438016,False,False,False
snnrice6ma_rice_chen__fold03,snnrice6ma_rice_chen,center_context__extratrees_300,motif_position,0.7395689853076216,0.7882877066115703,False,False,False
snnrice6ma_rice_chen__fold03,snnrice6ma_rice_chen,dnabert2__scaled_logreg_l2_c1,foundation_db2,0.5818762116110601,0.5639850206611571,False,False,False
snnrice6ma_rice_chen__fold03,snnrice6ma_rice_chen,dnabert2__scaled_logreg_l2_c03,foundation_db2,0.5858657598714416,0.5613378099173553,False,False,False
snnrice6ma_rice_chen__fold03,snnrice6ma_rice_chen,dnabert1_6mer_mean__linear,foundation_db1,0.7112380114274054,0.765754132231405,False,False,False
snnrice6ma_rice_chen__fold03,snnrice6ma_rice_chen,dnabert1_6mer_cls__linear,foundation_db1,0.6664195617794103,0.7100981404958677,False,False,False
snnrice6ma_rice_chen__fold03,snnrice6ma_rice_chen,nt_500m_human_ref_mean__linear,foundation_nt,0.6410171793694521,0.703254132231405,False,False,False
snnrice6ma_rice_chen__fold03,snnrice6ma_rice_chen,nt_500m_human_ref_cls__linear,foundation_nt,0.6778597209468422,0.7418646694214875,False,False,False
snnrice6ma_rice_chen__fold03,snnrice6ma_rice_chen,dnashaper_shape4__logreg_c1,dna_shape,0.8000634501581473,0.818569214876033,False,False,False
snnrice6ma_rice_chen__fold03,snnrice6ma_rice_chen,dnashaper_shape4__histgb,dna_shape,0.8210099734720948,0.8610537190082644,False,False,False
snnrice6ma_rice_chen__fold03,snnrice6ma_rice_chen,dnashaper_ep__logreg_c1,dna_shape,0.7115727986940108,0.7354080578512396,False,False,False
snnrice6ma_rice_chen__fold03,snnrice6ma_rice_chen,dnashaper_all5__logreg_c03,dna_shape,0.7945043873074177,0.8065599173553719,False,False,False
snnrice6ma_rice_chen__fold03,snnrice6ma_rice_chen,dnabert1_6mer__pool_interaction,foundation_db1,0.7531964212835425,0.7961002066115702,False,False,False
snnrice6ma_rice_chen__fold03,snnrice6ma_rice_chen,nt_500m_human_ref__pool_interaction,foundation_nt,0.6754396872768085,0.7481921487603306,False,False,False
snnrice6ma_rice_chen__fold03,snnrice6ma_rice_chen,dnabert2__pool_interaction,foundation_db2,0.621140381083563,0.609245867768595,False,False,False
snnrice6ma_rice_chen__fold03,snnrice6ma_rice_chen,cross_foundation__attention_interaction,foundation_cross,0.7330653440975411,0.8010072314049587,False,False,False
snnrice6ma_rice_chen__fold03,snnrice6ma_rice_chen,cross_foundation__anchor_residual,foundation_residual,0.8264191791653914,0.8942407024793388,False,False,False
snnrice6ma_rice_chen__fold03,snnrice6ma_rice_chen,aligned_score_anchor,derived_anchor,0.8860671104989285,0.9116735537190083,True,True,False
snnrice6ma_rice_chen__fold03,snnrice6ma_rice_chen,local_cross,preclassifier_local,0.7190401489643914,0.7333419421487603,False,False,False
snnrice6ma_rice_chen__fold03,snnrice6ma_rice_chen,local_cross_db1,preclassifier_local,0.7318656897255382,0.7698863636363635,False,False,False
snnrice6ma_rice_chen__fold03,snnrice6ma_rice_chen,local_cross_db1_nt,preclassifier_local,0.7399579762269155,0.7715650826446281,False,False,False
snnrice6ma_rice_chen__fold03,snnrice6ma_rice_chen,local_cross_nt,preclassifier_local,0.7248431282522192,0.7755681818181818,False,False,False
snnrice6ma_rice_chen__fold03,snnrice6ma_rice_chen,local_cross_db1_nt_mean,preclassifier_local,0.7286262243648607,0.7950671487603305,False,False,False
snnrice6ma_rice_chen__fold03,snnrice6ma_rice_chen,rc_multiscale_seed0,sequence_grammar_rc,0.6961359172533415,0.7942277892561984,False,False,False
snnrice6ma_rice_chen__fold03,snnrice6ma_rice_chen,rc_multiscale_seed1,sequence_grammar_rc,0.7047550951433528,0.778150826446281,False,False,False
snnrice6ma_rice_chen__fold03,snnrice6ma_rice_chen,rc_multiscale_seed2,sequence_grammar_rc,0.702747965768799,0.7821539256198348,False,False,False
snnrice6ma_rice_chen__fold03,snnrice6ma_rice_chen,rc_multiscale_biophysical_seed3,sequence_grammar_biophysical,0.7026020941740639,0.7725335743801652,False,False,False
snnrice6ma_rice_chen__fold03,snnrice6ma_rice_chen,rc_multiscale_biophysical_position_seed4,sequence_grammar_position,0.6881942850219365,0.7804752066115703,False,False,False
snnrice6ma_rice_chen__fold04,snnrice6ma_rice_chen,kmer13__logreg_l2_c1,composition,0.6355202912968064,0.6045971074380165,False,False,False
snnrice6ma_rice_chen__fold04,snnrice6ma_rice_chen,kmer13__logreg_l2_c03,composition,0.6256863138965412,0.5911673553719008,False,False,False
snnrice6ma_rice_chen__fold04,snnrice6ma_rice_chen,kmer46__logreg_l2_c1,composition,0.7185212287011529,0.719137396694215,False,False,False
snnrice6ma_rice_chen__fold04,snnrice6ma_rice_chen,kmer46__logreg_l2_c03,composition,0.7167819291398838,0.7165547520661157,False,False,False
snnrice6ma_rice_chen__fold04,snnrice6ma_rice_chen,fcgr4__scaled_logreg_l2_c1,composition,0.6998791577390062,0.7002840909090909,False,False,False
snnrice6ma_rice_chen__fold04,snnrice6ma_rice_chen,fcgr4__extratrees_300,composition,0.722207077083971,0.7002840909090908,False,False,False
snnrice6ma_rice_chen__fold04,snnrice6ma_rice_chen,basicpos__scaled_logreg_l2_c1,motif_position,0.7546742679318437,0.7456095041322314,False,False,False
snnrice6ma_rice_chen__fold04,snnrice6ma_rice_chen,basicpos__extratrees_300,motif_position,0.7489446229976533,0.7439953512396694,False,False,False
snnrice6ma_rice_chen__fold04,snnrice6ma_rice_chen,cksnap5__scaled_logreg_l2_c1,physicochemical,0.714286169778594,0.6931818181818182,False,False,False
snnrice6ma_rice_chen__fold04,snnrice6ma_rice_chen,cksnap5__extratrees_300,physicochemical,0.6858970066829915,0.6487603305785123,False,False,False
snnrice6ma_rice_chen__fold04,snnrice6ma_rice_chen,zcurve12__scaled_logreg_l2_c1,physicochemical,0.7722059611264157,0.7638171487603306,False,False,False
snnrice6ma_rice_chen__fold04,snnrice6ma_rice_chen,zcurve12__extratrees_300,physicochemical,0.8169295543822059,0.8278667355371901,False,False,False
snnrice6ma_rice_chen__fold04,snnrice6ma_rice_chen,eiip_auto__scaled_logreg_l2_c1,physicochemical,0.5947097234976023,0.6105371900826446,False,False,False
snnrice6ma_rice_chen__fold04,snnrice6ma_rice_chen,eiip_auto__extratrees_300,physicochemical,0.593694999234772,0.6246771694214875,False,False,False
snnrice6ma_rice_chen__fold04,snnrice6ma_rice_chen,dinuc_auto__scaled_logreg_l2_c1,physicochemical,0.6951522803795532,0.6092458677685951,False,False,False
snnrice6ma_rice_chen__fold04,snnrice6ma_rice_chen,dinuc_auto__extratrees_300,physicochemical,0.6923432557902255,0.645467458677686,False,False,False
snnrice6ma_rice_chen__fold04,snnrice6ma_rice_chen,center_context__scaled_logreg_l2_c1,motif_position,0.7720178425670849,0.7742768595041322,False,False,False
snnrice6ma_rice_chen__fold04,snnrice6ma_rice_chen,center_context__extratrees_300,motif_position,0.7396550734618915,0.7413481404958677,False,False,False
snnrice6ma_rice_chen__fold04,snnrice6ma_rice_chen,dnabert2__scaled_logreg_l2_c1,foundation_db2,0.6002121913580247,0.5950413223140496,False,False,False
snnrice6ma_rice_chen__fold04,snnrice6ma_rice_chen,dnabert2__scaled_logreg_l2_c03,foundation_db2,0.6044600040812161,0.5932334710743801,False,False,False
snnrice6ma_rice_chen__fold04,snnrice6ma_rice_chen,dnabert1_6mer_mean__linear,foundation_db1,0.7316680058157331,0.743801652892562,False,False,False
snnrice6ma_rice_chen__fold04,snnrice6ma_rice_chen,dnabert1_6mer_cls__linear,foundation_db1,0.668817276298337,0.7137138429752066,False,False,False
snnrice6ma_rice_chen__fold04,snnrice6ma_rice_chen,nt_500m_human_ref_mean__linear,foundation_nt,0.6579319074584226,0.6242252066115704,False,False,False
snnrice6ma_rice_chen__fold04,snnrice6ma_rice_chen,nt_500m_human_ref_cls__linear,foundation_nt,0.6937493623099684,0.6598657024793388,False,False,False
snnrice6ma_rice_chen__fold04,snnrice6ma_rice_chen,dnashaper_shape4__logreg_c1,dna_shape,0.8105454800530559,0.7683367768595041,False,False,False
snnrice6ma_rice_chen__fold04,snnrice6ma_rice_chen,dnashaper_shape4__histgb,dna_shape,0.8256906183042547,0.8348398760330579,False,False,True
snnrice6ma_rice_chen__fold04,snnrice6ma_rice_chen,dnashaper_ep__logreg_c1,dna_shape,0.7152969084787266,0.6784607438016529,False,False,False
snnrice6ma_rice_chen__fold04,snnrice6ma_rice_chen,dnashaper_all5__logreg_c03,dna_shape,0.8093482170186717,0.7653667355371901,False,False,False
snnrice6ma_rice_chen__fold04,snnrice6ma_rice_chen,dnabert1_6mer__pool_interaction,foundation_db1,0.7308071242730334,0.793517561983471,False,False,False
snnrice6ma_rice_chen__fold04,snnrice6ma_rice_chen,nt_500m_human_ref__pool_interaction,foundation_nt,0.6723979058259361,0.6481146694214875,False,False,False
snnrice6ma_rice_chen__fold04,snnrice6ma_rice_chen,dnabert2__pool_interaction,foundation_db2,0.6265974135292317,0.6144111570247933,False,False,False
snnrice6ma_rice_chen__fold04,snnrice6ma_rice_chen,cross_foundation__attention_interaction,foundation_cross,0.7278474454137333,0.7447055785123966,False,False,False
snnrice6ma_rice_chen__fold04,snnrice6ma_rice_chen,cross_foundation__anchor_residual,foundation_residual,0.8390741378430773,0.8561466942148761,False,False,False
snnrice6ma_rice_chen__fold04,snnrice6ma_rice_chen,aligned_score_anchor,derived_anchor,0.8863413172125294,0.8792613636363636,True,True,False
snnrice6ma_rice_chen__fold04,snnrice6ma_rice_chen,local_cross,preclassifier_local,0.718054917865524,0.7604597107438017,False,False,False
snnrice6ma_rice_chen__fold04,snnrice6ma_rice_chen,local_cross_db1,preclassifier_local,0.7374693908784818,0.7648502066115702,False,False,False
snnrice6ma_rice_chen__fold04,snnrice6ma_rice_chen,local_cross_db1_nt,preclassifier_local,0.7434301984491378,0.7767303719008264,False,False,False
snnrice6ma_rice_chen__fold04,snnrice6ma_rice_chen,local_cross_nt,preclassifier_local,0.7398926129986736,0.7518078512396695,False,False,False
snnrice6ma_rice_chen__fold04,snnrice6ma_rice_chen,local_cross_db1_nt_mean,preclassifier_local,0.740769436792164,0.7816373966942148,False,False,False
snnrice6ma_rice_chen__fold04,snnrice6ma_rice_chen,rc_multiscale_seed0,sequence_grammar_rc,0.6993275558616467,0.7375387396694214,False,False,False
snnrice6ma_rice_chen__fold04,snnrice6ma_rice_chen,rc_multiscale_seed1,sequence_grammar_rc,0.6725724734720946,0.7090005165289256,False,False,False
snnrice6ma_rice_chen__fold04,snnrice6ma_rice_chen,rc_multiscale_seed2,sequence_grammar_rc,0.6626970462197734,0.7044808884297522,False,False,False
snnrice6ma_rice_chen__fold04,snnrice6ma_rice_chen,rc_multiscale_biophysical_seed3,sequence_grammar_biophysical,0.6977827517600246,0.7687887396694214,False,False,False
snnrice6ma_rice_chen__fold04,snnrice6ma_rice_chen,rc_multiscale_biophysical_position_seed4,sequence_grammar_position,0.7247992870625446,0.7918388429752066,False,False,False
snnrice6ma_rice_chen__fold05,snnrice6ma_rice_chen,kmer13__logreg_l2_c1,composition,0.6304984822977248,0.6415289256198348,False,False,False
snnrice6ma_rice_chen__fold05,snnrice6ma_rice_chen,kmer13__logreg_l2_c03,composition,0.6200897867564534,0.6339101239669421,False,False,False
snnrice6ma_rice_chen__fold05,snnrice6ma_rice_chen,kmer46__logreg_l2_c1,composition,0.7162446752882359,0.7450929752066116,False,False,False
snnrice6ma_rice_chen__fold05,snnrice6ma_rice_chen,kmer46__logreg_l2_c03,composition,0.7145715360677483,0.7438016528925621,False,False,False
snnrice6ma_rice_chen__fold05,snnrice6ma_rice_chen,fcgr4__scaled_logreg_l2_c1,composition,0.6836084965819814,0.6924070247933884,False,False,False
snnrice6ma_rice_chen__fold05,snnrice6ma_rice_chen,fcgr4__extratrees_300,composition,0.6938211024385266,0.7827995867768595,False,False,False
snnrice6ma_rice_chen__fold05,snnrice6ma_rice_chen,basicpos__scaled_logreg_l2_c1,motif_position,0.7541003469033771,0.746771694214876,False,False,False
snnrice6ma_rice_chen__fold05,snnrice6ma_rice_chen,basicpos__extratrees_300,motif_position,0.741712420926436,0.748256714876033,False,False,False
snnrice6ma_rice_chen__fold05,snnrice6ma_rice_chen,cksnap5__scaled_logreg_l2_c1,physicochemical,0.7006954009794919,0.7543904958677686,False,False,False
snnrice6ma_rice_chen__fold05,snnrice6ma_rice_chen,cksnap5__extratrees_300,physicochemical,0.6889196574329151,0.7066761363636365,False,False,False
snnrice6ma_rice_chen__fold05,snnrice6ma_rice_chen,zcurve12__scaled_logreg_l2_c1,physicochemical,0.7612982731353943,0.7692407024793388,False,False,False
snnrice6ma_rice_chen__fold05,snnrice6ma_rice_chen,zcurve12__extratrees_300,physicochemical,0.8183436320273441,0.8277376033057852,False,False,False
snnrice6ma_rice_chen__fold05,snnrice6ma_rice_chen,eiip_auto__scaled_logreg_l2_c1,physicochemical,0.5901629935720845,0.5588842975206612,False,False,False
snnrice6ma_rice_chen__fold05,snnrice6ma_rice_chen,eiip_auto__extratrees_300,physicochemical,0.5921964276604428,0.5761880165289256,False,False,False
snnrice6ma_rice_chen__fold05,snnrice6ma_rice_chen,dinuc_auto__scaled_logreg_l2_c1,physicochemical,0.663377780328538,0.7024793388429753,False,False,False
snnrice6ma_rice_chen__fold05,snnrice6ma_rice_chen,dinuc_auto__extratrees_300,physicochemical,0.6991211037139067,0.6875,False,False,False
snnrice6ma_rice_chen__fold05,snnrice6ma_rice_chen,center_context__scaled_logreg_l2_c1,motif_position,0.7713387026833997,0.7661415289256199,False,False,False
snnrice6ma_rice_chen__fold05,snnrice6ma_rice_chen,center_context__extratrees_300,motif_position,0.7434716483011938,0.7556172520661159,False,False,False
snnrice6ma_rice_chen__fold05,snnrice6ma_rice_chen,dnabert2__scaled_logreg_l2_c1,foundation_db2,0.5656828703703702,0.6118285123966942,False,False,False
snnrice6ma_rice_chen__fold05,snnrice6ma_rice_chen,dnabert2__scaled_logreg_l2_c03,foundation_db2,0.5697322020712172,0.618801652892562,False,False,False
snnrice6ma_rice_chen__fold05,snnrice6ma_rice_chen,dnabert1_6mer_mean__linear,foundation_db1,0.7176946229976533,0.7552944214876032,False,False,False
snnrice6ma_rice_chen__fold05,snnrice6ma_rice_chen,dnabert1_6mer_cls__linear,foundation_db1,0.6759498393021119,0.6911157024793387,False,False,False
snnrice6ma_rice_chen__fold05,snnrice6ma_rice_chen,nt_500m_human_ref_mean__linear,foundation_nt,0.6575046551372309,0.6730371900826446,False,False,False
snnrice6ma_rice_chen__fold05,snnrice6ma_rice_chen,nt_500m_human_ref_cls__linear,foundation_nt,0.6688236531986532,0.7195247933884298,False,False,False
snnrice6ma_rice_chen__fold05,snnrice6ma_rice_chen,dnashaper_shape4__logreg_c1,dna_shape,0.7920189904091419,0.8372933884297521,False,False,False
snnrice6ma_rice_chen__fold05,snnrice6ma_rice_chen,dnashaper_shape4__histgb,dna_shape,0.836032356392205,0.8443956611570248,False,False,True
snnrice6ma_rice_chen__fold05,snnrice6ma_rice_chen,dnashaper_ep__logreg_c1,dna_shape,0.7056757601265178,0.7520661157024793,False,False,False
snnrice6ma_rice_chen__fold05,snnrice6ma_rice_chen,dnashaper_all5__logreg_c03,dna_shape,0.799519819406183,0.8414256198347108,False,False,False
snnrice6ma_rice_chen__fold05,snnrice6ma_rice_chen,dnabert1_6mer__pool_interaction,foundation_db1,0.7381565018875624,0.7886105371900827,False,False,False
snnrice6ma_rice_chen__fold05,snnrice6ma_rice_chen,nt_500m_human_ref__pool_interaction,foundation_nt,0.6810401999795939,0.7048037190082643,False,False,False
snnrice6ma_rice_chen__fold05,snnrice6ma_rice_chen,dnabert2__pool_interaction,foundation_db2,0.6115367692072238,0.6699380165289256,False,False,False
snnrice6ma_rice_chen__fold05,snnrice6ma_rice_chen,cross_foundation__attention_interaction,foundation_cross,0.7471335833078258,0.7857696280991736,False,False,False
snnrice6ma_rice_chen__fold05,snnrice6ma_rice_chen,cross_foundation__anchor_residual,foundation_residual,0.8536230359147026,0.8726756198347108,False,False,False
snnrice6ma_rice_chen__fold05,snnrice6ma_rice_chen,aligned_score_anchor,derived_anchor,0.8856159448015508,0.9017303719008265,True,True,False
snnrice6ma_rice_chen__fold05,snnrice6ma_rice_chen,local_cross,preclassifier_local,0.7144671143250689,0.7414772727272728,False,False,False
snnrice6ma_rice_chen__fold05,snnrice6ma_rice_chen,local_cross_db1,preclassifier_local,0.7395036220793796,0.7700154958677686,False,False,False
snnrice6ma_rice_chen__fold05,snnrice6ma_rice_chen,local_cross_db1_nt,preclassifier_local,0.742266414141414,0.7829287190082644,False,False,False
snnrice6ma_rice_chen__fold05,snnrice6ma_rice_chen,local_cross_nt,preclassifier_local,0.7264485129068462,0.7639462809917356,False,False,False
snnrice6ma_rice_chen__fold05,snnrice6ma_rice_chen,local_cross_db1_nt_mean,preclassifier_local,0.7485675887664525,0.7957128099173554,False,False,False
snnrice6ma_rice_chen__fold05,snnrice6ma_rice_chen,rc_multiscale_seed0,sequence_grammar_rc,0.6928279002142638,0.7586518595041323,False,False,False
snnrice6ma_rice_chen__fold05,snnrice6ma_rice_chen,rc_multiscale_seed1,sequence_grammar_rc,0.6834012473217019,0.7611699380165288,False,False,False
snnrice6ma_rice_chen__fold05,snnrice6ma_rice_chen,rc_multiscale_seed2,sequence_grammar_rc,0.6866446982450771,0.7625903925619835,False,False,False
snnrice6ma_rice_chen__fold05,snnrice6ma_rice_chen,rc_multiscale_biophysical_seed3,sequence_grammar_biophysical,0.6793877856851341,0.7512913223140496,False,False,False
snnrice6ma_rice_chen__fold05,snnrice6ma_rice_chen,rc_multiscale_biophysical_position_seed4,sequence_grammar_position,0.7266948206815631,0.8031379132231405,False,False,False
snnrice6ma_rice_chen__fold06,snnrice6ma_rice_chen,kmer13__logreg_l2_c1,composition,0.6292374502601775,0.6505681818181818,False,False,False
snnrice6ma_rice_chen__fold06,snnrice6ma_rice_chen,kmer13__logreg_l2_c03,composition,0.6192958626670748,0.6404958677685951,False,False,False
snnrice6ma_rice_chen__fold06,snnrice6ma_rice_chen,kmer46__logreg_l2_c1,composition,0.7169580910111213,0.7364411157024793,False,False,False
snnrice6ma_rice_chen__fold06,snnrice6ma_rice_chen,kmer46__logreg_l2_c03,composition,0.7153519092439546,0.7356663223140496,False,False,False
snnrice6ma_rice_chen__fold06,snnrice6ma_rice_chen,fcgr4__scaled_logreg_l2_c1,composition,0.6896537980818284,0.7130681818181819,False,False,False
snnrice6ma_rice_chen__fold06,snnrice6ma_rice_chen,fcgr4__extratrees_300,composition,0.7098151655443321,0.7484504132231405,False,False,False
snnrice6ma_rice_chen__fold06,snnrice6ma_rice_chen,basicpos__scaled_logreg_l2_c1,motif_position,0.7458279129680645,0.8075929752066116,False,False,False
snnrice6ma_rice_chen__fold06,snnrice6ma_rice_chen,basicpos__extratrees_300,motif_position,0.7452739197530864,0.8176007231404959,False,False,False
snnrice6ma_rice_chen__fold06,snnrice6ma_rice_chen,cksnap5__scaled_logreg_l2_c1,physicochemical,0.7134492016120804,0.7330836776859504,False,False,False
snnrice6ma_rice_chen__fold06,snnrice6ma_rice_chen,cksnap5__extratrees_300,physicochemical,0.6869372385470871,0.7245609504132231,False,False,False
snnrice6ma_rice_chen__fold06,snnrice6ma_rice_chen,zcurve12__scaled_logreg_l2_c1,physicochemical,0.7620826318742985,0.8068181818181819,False,False,False
snnrice6ma_rice_chen__fold06,snnrice6ma_rice_chen,zcurve12__extratrees_300,physicochemical,0.81392842567085,0.8571151859504132,False,False,False
snnrice6ma_rice_chen__fold06,snnrice6ma_rice_chen,eiip_auto__scaled_logreg_l2_c1,physicochemical,0.582957096214672,0.6240960743801653,False,False,False
snnrice6ma_rice_chen__fold06,snnrice6ma_rice_chen,eiip_auto__extratrees_300,physicochemical,0.5887361621263137,0.6556043388429752,False,False,False
snnrice6ma_rice_chen__fold06,snnrice6ma_rice_chen,dinuc_auto__scaled_logreg_l2_c1,physicochemical,0.6615236965615754,0.6980888429752066,False,False,False
snnrice6ma_rice_chen__fold06,snnrice6ma_rice_chen,dinuc_auto__extratrees_300,physicochemical,0.6917621607489031,0.6848527892561983,False,False,False
snnrice6ma_rice_chen__fold06,snnrice6ma_rice_chen,center_context__scaled_logreg_l2_c1,motif_position,0.7709146388123662,0.7729855371900826,False,False,False
snnrice6ma_rice_chen__fold06,snnrice6ma_rice_chen,center_context__extratrees_300,motif_position,0.7380114274053668,0.7720816115702479,False,False,False
snnrice6ma_rice_chen__fold06,snnrice6ma_rice_chen,dnabert2__scaled_logreg_l2_c1,foundation_db2,0.5845489299561268,0.5634039256198348,False,False,False
snnrice6ma_rice_chen__fold06,snnrice6ma_rice_chen,dnabert2__scaled_logreg_l2_c03,foundation_db2,0.5879486149372513,0.5734762396694215,False,False,False
snnrice6ma_rice_chen__fold06,snnrice6ma_rice_chen,dnabert1_6mer_mean__linear,foundation_db1,0.7158118431792674,0.7459969008264463,False,False,False
snnrice6ma_rice_chen__fold06,snnrice6ma_rice_chen,dnabert1_6mer_cls__linear,foundation_db1,0.6754141796755433,0.6785898760330579,False,False,False
snnrice6ma_rice_chen__fold06,snnrice6ma_rice_chen,nt_500m_human_ref_mean__linear,foundation_nt,0.6513437723191511,0.6730371900826447,False,False,False
snnrice6ma_rice_chen__fold06,snnrice6ma_rice_chen,nt_500m_human_ref_cls__linear,foundation_nt,0.6723006580961126,0.7307592975206612,False,False,False
snnrice6ma_rice_chen__fold06,snnrice6ma_rice_chen,dnashaper_shape4__logreg_c1,dna_shape,0.7907643352719111,0.8698347107438016,False,False,False
snnrice6ma_rice_chen__fold06,snnrice6ma_rice_chen,dnashaper_shape4__histgb,dna_shape,0.8350072696663606,0.8419421487603307,False,False,True
snnrice6ma_rice_chen__fold06,snnrice6ma_rice_chen,dnashaper_ep__logreg_c1,dna_shape,0.7105540888684827,0.7434142561983471,False,False,False
snnrice6ma_rice_chen__fold06,snnrice6ma_rice_chen,dnashaper_all5__logreg_c03,dna_shape,0.8003934547495153,0.8737086776859504,False,False,False
snnrice6ma_rice_chen__fold06,snnrice6ma_rice_chen,dnabert1_6mer__pool_interaction,foundation_db1,0.7307465437200287,0.7642045454545454,False,False,False
snnrice6ma_rice_chen__fold06,snnrice6ma_rice_chen,nt_500m_human_ref__pool_interaction,foundation_nt,0.6803212044689317,0.724948347107438,False,False,False
snnrice6ma_rice_chen__fold06,snnrice6ma_rice_chen,dnabert2__pool_interaction,foundation_db2,0.6174991710029589,0.6632231404958678,False,False,False
snnrice6ma_rice_chen__fold06,snnrice6ma_rice_chen,cross_foundation__attention_interaction,foundation_cross,0.7325033797571675,0.7856404958677686,False,False,False
snnrice6ma_rice_chen__fold06,snnrice6ma_rice_chen,cross_foundation__anchor_residual,foundation_residual,0.8489647102336496,0.8695764462809917,False,False,False
snnrice6ma_rice_chen__fold06,snnrice6ma_rice_chen,aligned_score_anchor,derived_anchor,0.8827766299357207,0.921745867768595,True,True,False
snnrice6ma_rice_chen__fold06,snnrice6ma_rice_chen,local_cross,preclassifier_local,0.7066530200999899,0.7543904958677685,False,False,False
snnrice6ma_rice_chen__fold06,snnrice6ma_rice_chen,local_cross_db1,preclassifier_local,0.7169708448117538,0.765754132231405,False,False,False
snnrice6ma_rice_chen__fold06,snnrice6ma_rice_chen,local_cross_db1_nt,preclassifier_local,0.7271627257422713,0.7951962809917356,False,False,False
snnrice6ma_rice_chen__fold06,snnrice6ma_rice_chen,local_cross_nt,preclassifier_local,0.7259279984185287,0.7842200413223139,False,False,False
snnrice6ma_rice_chen__fold06,snnrice6ma_rice_chen,local_cross_db1_nt_mean,preclassifier_local,0.7449335526987042,0.7837035123966942,False,False,False
snnrice6ma_rice_chen__fold06,snnrice6ma_rice_chen,rc_multiscale_seed0,sequence_grammar_rc,0.6980171028466483,0.7547778925619835,False,False,False
snnrice6ma_rice_chen__fold06,snnrice6ma_rice_chen,rc_multiscale_seed1,sequence_grammar_rc,0.6974455731558004,0.7365702479338843,False,False,False
snnrice6ma_rice_chen__fold06,snnrice6ma_rice_chen,rc_multiscale_seed2,sequence_grammar_rc,0.7168305530047954,0.7465134297520661,False,False,False
snnrice6ma_rice_chen__fold06,snnrice6ma_rice_chen,rc_multiscale_biophysical_seed3,sequence_grammar_biophysical,0.700576631211101,0.8067536157024793,False,False,False
snnrice6ma_rice_chen__fold06,snnrice6ma_rice_chen,rc_multiscale_biophysical_position_seed4,sequence_grammar_position,0.6918992641057035,0.8223786157024794,False,False,False
snnrice6ma_rice_chen__fold07,snnrice6ma_rice_chen,kmer13__logreg_l2_c1,composition,0.6314311039689828,0.6064049586776858,False,False,False
snnrice6ma_rice_chen__fold07,snnrice6ma_rice_chen,kmer13__logreg_l2_c03,composition,0.6211794395980003,0.5960743801652892,False,False,False
snnrice6ma_rice_chen__fold07,snnrice6ma_rice_chen,kmer46__logreg_l2_c1,composition,0.7194187774206714,0.6973140495867769,False,False,False
snnrice6ma_rice_chen__fold07,snnrice6ma_rice_chen,kmer46__logreg_l2_c03,composition,0.7176141146311601,0.6949896694214877,False,False,False
snnrice6ma_rice_chen__fold07,snnrice6ma_rice_chen,fcgr4__scaled_logreg_l2_c1,composition,0.697489414345475,0.6605113636363636,False,False,False
snnrice6ma_rice_chen__fold07,snnrice6ma_rice_chen,fcgr4__extratrees_300,composition,0.7108354695949393,0.6877582644628099,False,False,False
snnrice6ma_rice_chen__fold07,snnrice6ma_rice_chen,basicpos__scaled_logreg_l2_c1,motif_position,0.7443405009692889,0.7747933884297521,False,False,False
snnrice6ma_rice_chen__fold07,snnrice6ma_rice_chen,basicpos__extratrees_300,motif_position,0.742404314610754,0.7510976239669421,False,False,False
snnrice6ma_rice_chen__fold07,snnrice6ma_rice_chen,cksnap5__scaled_logreg_l2_c1,physicochemical,0.7140932685440262,0.6918904958677686,False,False,False
snnrice6ma_rice_chen__fold07,snnrice6ma_rice_chen,cksnap5__extratrees_300,physicochemical,0.6804670760636671,0.6576058884297521,False,False,False
snnrice6ma_rice_chen__fold07,snnrice6ma_rice_chen,zcurve12__scaled_logreg_l2_c1,physicochemical,0.7610447913478218,0.7897727272727274,False,False,False
snnrice6ma_rice_chen__fold07,snnrice6ma_rice_chen,zcurve12__extratrees_300,physicochemical,0.8372312136516682,0.8075284090909091,False,False,True
snnrice6ma_rice_chen__fold07,snnrice6ma_rice_chen,eiip_auto__scaled_logreg_l2_c1,physicochemical,0.5875899142944598,0.5869059917355373,False,False,False
snnrice6ma_rice_chen__fold07,snnrice6ma_rice_chen,eiip_auto__extratrees_300,physicochemical,0.5882563003775124,0.6514075413223142,False,False,False
snnrice6ma_rice_chen__fold07,snnrice6ma_rice_chen,dinuc_auto__scaled_logreg_l2_c1,physicochemical,0.6670891363126212,0.6552169421487604,False,False,False
snnrice6ma_rice_chen__fold07,snnrice6ma_rice_chen,dinuc_auto__extratrees_300,physicochemical,0.697468689419447,0.6783961776859504,False,False,False
snnrice6ma_rice_chen__fold07,snnrice6ma_rice_chen,center_context__scaled_logreg_l2_c1,motif_position,0.7695324456688093,0.7670454545454546,False,False,False
snnrice6ma_rice_chen__fold07,snnrice6ma_rice_chen,center_context__extratrees_300,motif_position,0.7486496913580247,0.7050619834710744,False,False,False
snnrice6ma_rice_chen__fold07,snnrice6ma_rice_chen,dnabert2__scaled_logreg_l2_c1,foundation_db2,0.5810982297724723,0.6216425619834711,False,False,False
snnrice6ma_rice_chen__fold07,snnrice6ma_rice_chen,dnabert2__scaled_logreg_l2_c03,foundation_db2,0.5841663159371493,0.625,False,False,False
snnrice6ma_rice_chen__fold07,snnrice6ma_rice_chen,dnabert1_6mer_mean__linear,foundation_db1,0.723146872768085,0.6813016528925621,False,False,False
snnrice6ma_rice_chen__fold07,snnrice6ma_rice_chen,dnabert1_6mer_cls__linear,foundation_db1,0.6713473114988266,0.659090909090909,False,False,False
snnrice6ma_rice_chen__fold07,snnrice6ma_rice_chen,nt_500m_human_ref_mean__linear,foundation_nt,0.6472171207019692,0.6885330578512397,False,False,False
snnrice6ma_rice_chen__fold07,snnrice6ma_rice_chen,nt_500m_human_ref_cls__linear,foundation_nt,0.6718781884501581,0.7063533057851239,False,False,False
snnrice6ma_rice_chen__fold07,snnrice6ma_rice_chen,dnashaper_shape4__logreg_c1,dna_shape,0.8006389654116927,0.809142561983471,False,False,False
snnrice6ma_rice_chen__fold07,snnrice6ma_rice_chen,dnashaper_shape4__histgb,dna_shape,0.8353420569329661,0.8229597107438016,False,False,False
snnrice6ma_rice_chen__fold07,snnrice6ma_rice_chen,dnashaper_ep__logreg_c1,dna_shape,0.7124161437608407,0.6982179752066117,False,False,False
snnrice6ma_rice_chen__fold07,snnrice6ma_rice_chen,dnashaper_all5__logreg_c03,dna_shape,0.7936052443628201,0.8192148760330578,False,False,False
snnrice6ma_rice_chen__fold07,snnrice6ma_rice_chen,dnabert1_6mer__pool_interaction,foundation_db1,0.7443165875931028,0.7487086776859504,False,False,False
snnrice6ma_rice_chen__fold07,snnrice6ma_rice_chen,nt_500m_human_ref__pool_interaction,foundation_nt,0.7067518620548923,0.6751033057851239,False,False,False
snnrice6ma_rice_chen__fold07,snnrice6ma_rice_chen,dnabert2__pool_interaction,foundation_db2,0.6096189164370982,0.6315857438016529,False,False,False
snnrice6ma_rice_chen__fold07,snnrice6ma_rice_chen,cross_foundation__attention_interaction,foundation_cross,0.7593493329762269,0.7616219008264462,False,False,False
snnrice6ma_rice_chen__fold07,snnrice6ma_rice_chen,cross_foundation__anchor_residual,foundation_residual,0.8403527063564942,0.8669938016528925,False,False,False
snnrice6ma_rice_chen__fold07,snnrice6ma_rice_chen,aligned_score_anchor,derived_anchor,0.892705463728191,0.8867510330578513,True,True,False
snnrice6ma_rice_chen__fold07,snnrice6ma_rice_chen,local_cross,preclassifier_local,0.7158596699316396,0.7294679752066117,False,False,False
snnrice6ma_rice_chen__fold07,snnrice6ma_rice_chen,local_cross_db1,preclassifier_local,0.7416526374859709,0.7400568181818181,False,False,False
snnrice6ma_rice_chen__fold07,snnrice6ma_rice_chen,local_cross_db1_nt,preclassifier_local,0.7480167840016324,0.7647210743801652,False,False,False
snnrice6ma_rice_chen__fold07,snnrice6ma_rice_chen,local_cross_nt,preclassifier_local,0.7246693577186001,0.7515495867768595,False,False,False
snnrice6ma_rice_chen__fold07,snnrice6ma_rice_chen,local_cross_db1_nt_mean,preclassifier_local,0.7332765789205182,0.7670454545454545,False,False,False
snnrice6ma_rice_chen__fold07,snnrice6ma_rice_chen,rc_multiscale_seed0,sequence_grammar_rc,0.7206965488215489,0.7273372933884298,False,False,False
snnrice6ma_rice_chen__fold07,snnrice6ma_rice_chen,rc_multiscale_seed1,sequence_grammar_rc,0.688878207580859,0.7035123966942148,False,False,False
snnrice6ma_rice_chen__fold07,snnrice6ma_rice_chen,rc_multiscale_seed2,sequence_grammar_rc,0.6952152522701764,0.6885976239669421,False,False,False
snnrice6ma_rice_chen__fold07,snnrice6ma_rice_chen,rc_multiscale_biophysical_seed3,sequence_grammar_biophysical,0.7041867539026629,0.7217846074380164,False,False,False
snnrice6ma_rice_chen__fold07,snnrice6ma_rice_chen,rc_multiscale_biophysical_position_seed4,sequence_grammar_position,0.7078391235588205,0.7527117768595042,False,False,False
snnrice6ma_rice_chen__fold08,snnrice6ma_rice_chen,kmer13__logreg_l2_c1,composition,0.6421156004489339,0.547004132231405,False,False,False
snnrice6ma_rice_chen__fold08,snnrice6ma_rice_chen,kmer13__logreg_l2_c03,composition,0.6321803897561473,0.5380940082644629,False,False,False
snnrice6ma_rice_chen__fold08,snnrice6ma_rice_chen,kmer46__logreg_l2_c1,composition,0.7278075897867564,0.6537964876033058,False,False,False
snnrice6ma_rice_chen__fold08,snnrice6ma_rice_chen,kmer46__logreg_l2_c03,composition,0.7261073487399246,0.6512138429752066,False,False,False
snnrice6ma_rice_chen__fold08,snnrice6ma_rice_chen,fcgr4__scaled_logreg_l2_c1,composition,0.7000178553208857,0.6668388429752067,False,False,False
snnrice6ma_rice_chen__fold08,snnrice6ma_rice_chen,fcgr4__extratrees_300,composition,0.725846692939496,0.6271306818181818,False,False,False
snnrice6ma_rice_chen__fold08,snnrice6ma_rice_chen,basicpos__scaled_logreg_l2_c1,motif_position,0.7650925288235894,0.6610278925619835,False,False,False
snnrice6ma_rice_chen__fold08,snnrice6ma_rice_chen,basicpos__extratrees_300,motif_position,0.753587803540455,0.6472753099173554,False,False,False
snnrice6ma_rice_chen__fold08,snnrice6ma_rice_chen,cksnap5__scaled_logreg_l2_c1,physicochemical,0.7179178145087237,0.6929235537190084,False,False,False
snnrice6ma_rice_chen__fold08,snnrice6ma_rice_chen,cksnap5__extratrees_300,physicochemical,0.6882652280379553,0.6473398760330576,False,False,False
snnrice6ma_rice_chen__fold08,snnrice6ma_rice_chen,zcurve12__scaled_logreg_l2_c1,physicochemical,0.7676895214774002,0.7753099173553719,False,False,False
snnrice6ma_rice_chen__fold08,snnrice6ma_rice_chen,zcurve12__extratrees_300,physicochemical,0.8256555453525151,0.8516270661157025,False,False,False
snnrice6ma_rice_chen__fold08,snnrice6ma_rice_chen,eiip_auto__scaled_logreg_l2_c1,physicochemical,0.5805896719722479,0.634555785123967,False,False,False
snnrice6ma_rice_chen__fold08,snnrice6ma_rice_chen,eiip_auto__extratrees_300,physicochemical,0.5889888468013469,0.6069214876033058,False,False,False
snnrice6ma_rice_chen__fold08,snnrice6ma_rice_chen,dinuc_auto__scaled_logreg_l2_c1,physicochemical,0.6791908988878685,0.6547004132231405,False,False,False
snnrice6ma_rice_chen__fold08,snnrice6ma_rice_chen,dinuc_auto__extratrees_300,physicochemical,0.6998456790123456,0.6641916322314049,False,False,False
snnrice6ma_rice_chen__fold08,snnrice6ma_rice_chen,center_context__scaled_logreg_l2_c1,motif_position,0.7742784537292113,0.7447055785123967,False,False,False
snnrice6ma_rice_chen__fold08,snnrice6ma_rice_chen,center_context__extratrees_300,motif_position,0.7444066613100705,0.7412835743801653,False,False,False
snnrice6ma_rice_chen__fold08,snnrice6ma_rice_chen,dnabert2__scaled_logreg_l2_c1,foundation_db2,0.5598511950311192,0.5729597107438017,False,False,False
snnrice6ma_rice_chen__fold08,snnrice6ma_rice_chen,dnabert2__scaled_logreg_l2_c03,foundation_db2,0.5634525494847465,0.5819989669421487,False,False,False
snnrice6ma_rice_chen__fold08,snnrice6ma_rice_chen,dnabert1_6mer_mean__linear,foundation_db1,0.7268948959289868,0.6141528925619835,False,False,False
snnrice6ma_rice_chen__fold08,snnrice6ma_rice_chen,dnabert1_6mer_cls__linear,foundation_db1,0.681802239567391,0.6543130165289257,False,False,False
snnrice6ma_rice_chen__fold08,snnrice6ma_rice_chen,nt_500m_human_ref_mean__linear,foundation_nt,0.6558562264054688,0.6465650826446281,False,False,False
snnrice6ma_rice_chen__fold08,snnrice6ma_rice_chen,nt_500m_human_ref_cls__linear,foundation_nt,0.6736637205387206,0.6698088842975207,False,False,False
snnrice6ma_rice_chen__fold08,snnrice6ma_rice_chen,dnashaper_shape4__logreg_c1,dna_shape,0.7939798872564026,0.8051394628099174,False,False,False
snnrice6ma_rice_chen__fold08,snnrice6ma_rice_chen,dnashaper_shape4__histgb,dna_shape,0.836312940006122,0.8141787190082644,False,False,True
snnrice6ma_rice_chen__fold08,snnrice6ma_rice_chen,dnashaper_ep__logreg_c1,dna_shape,0.7059850397918579,0.7342458677685951,False,False,False
snnrice6ma_rice_chen__fold08,snnrice6ma_rice_chen,dnashaper_all5__logreg_c03,dna_shape,0.7994831522293644,0.8212809917355371,False,False,False
snnrice6ma_rice_chen__fold08,snnrice6ma_rice_chen,dnabert1_6mer__pool_interaction,foundation_db1,0.7525627168146107,0.6868543388429753,False,False,False
snnrice6ma_rice_chen__fold08,snnrice6ma_rice_chen,nt_500m_human_ref__pool_interaction,foundation_nt,0.6741595245383125,0.6703254132231404,False,False,False
snnrice6ma_rice_chen__fold08,snnrice6ma_rice_chen,dnabert2__pool_interaction,foundation_db2,0.6323605371900827,0.6036931818181818,False,False,False
snnrice6ma_rice_chen__fold08,snnrice6ma_rice_chen,cross_foundation__attention_interaction,foundation_cross,0.7555279754616876,0.6975723140495868,False,False,False
snnrice6ma_rice_chen__fold08,snnrice6ma_rice_chen,cross_foundation__anchor_residual,foundation_residual,0.853371148352209,0.8143078512396694,False,False,False
snnrice6ma_rice_chen__fold08,snnrice6ma_rice_chen,aligned_score_anchor,derived_anchor,0.8889335271911029,0.8609245867768595,True,True,False
snnrice6ma_rice_chen__fold08,snnrice6ma_rice_chen,local_cross,preclassifier_local,0.7218109121518212,0.6929235537190083,False,False,False
snnrice6ma_rice_chen__fold08,snnrice6ma_rice_chen,local_cross_db1,preclassifier_local,0.7401747908376696,0.7125516528925618,False,False,False
snnrice6ma_rice_chen__fold08,snnrice6ma_rice_chen,local_cross_db1_nt,preclassifier_local,0.7541083180287727,0.7230113636363636,False,False,False
snnrice6ma_rice_chen__fold08,snnrice6ma_rice_chen,local_cross_nt,preclassifier_local,0.731234376594225,0.7121642561983471,False,False,False
snnrice6ma_rice_chen__fold08,snnrice6ma_rice_chen,local_cross_db1_nt_mean,preclassifier_local,0.756086751351903,0.7090650826446281,False,False,False
snnrice6ma_rice_chen__fold08,snnrice6ma_rice_chen,rc_multiscale_seed0,sequence_grammar_rc,0.6888136414651567,0.6854984504132232,False,False,False
snnrice6ma_rice_chen__fold08,snnrice6ma_rice_chen,rc_multiscale_seed1,sequence_grammar_rc,0.7102910417304358,0.6611570247933884,False,False,False
snnrice6ma_rice_chen__fold08,snnrice6ma_rice_chen,rc_multiscale_seed2,sequence_grammar_rc,0.6988524767880828,0.6891141528925621,False,False,False
snnrice6ma_rice_chen__fold08,snnrice6ma_rice_chen,rc_multiscale_biophysical_seed3,sequence_grammar_biophysical,0.7019452734414856,0.6889204545454546,False,False,False
snnrice6ma_rice_chen__fold08,snnrice6ma_rice_chen,rc_multiscale_biophysical_position_seed4,sequence_grammar_position,0.7389193385878992,0.7490315082644627,False,False,False
snnrice6ma_rice_chen__fold09,snnrice6ma_rice_chen,kmer13__logreg_l2_c1,composition,0.6376621326905417,0.5395144628099172,False,False,False
snnrice6ma_rice_chen__fold09,snnrice6ma_rice_chen,kmer13__logreg_l2_c03,composition,0.6282593931741659,0.5290547520661156,False,False,False
snnrice6ma_rice_chen__fold09,snnrice6ma_rice_chen,kmer46__logreg_l2_c1,composition,0.7247410978471585,0.671875,False,False,False
snnrice6ma_rice_chen__fold09,snnrice6ma_rice_chen,kmer46__logreg_l2_c03,composition,0.7230823066523824,0.668904958677686,False,False,False
snnrice6ma_rice_chen__fold09,snnrice6ma_rice_chen,fcgr4__scaled_logreg_l2_c1,composition,0.6921519487807366,0.6789772727272727,False,False,False
snnrice6ma_rice_chen__fold09,snnrice6ma_rice_chen,fcgr4__extratrees_300,composition,0.7209787266605449,0.7029313016528925,False,False,False
snnrice6ma_rice_chen__fold09,snnrice6ma_rice_chen,basicpos__scaled_logreg_l2_c1,motif_position,0.7476883736353432,0.7541322314049588,False,False,False
snnrice6ma_rice_chen__fold09,snnrice6ma_rice_chen,basicpos__extratrees_300,motif_position,0.7419611200387716,0.6997029958677686,False,False,False
snnrice6ma_rice_chen__fold09,snnrice6ma_rice_chen,cksnap5__scaled_logreg_l2_c1,physicochemical,0.7168162049790838,0.6257747933884298,False,False,False
snnrice6ma_rice_chen__fold09,snnrice6ma_rice_chen,cksnap5__extratrees_300,physicochemical,0.6955077925721865,0.5978176652892564,False,False,False
snnrice6ma_rice_chen__fold09,snnrice6ma_rice_chen,zcurve12__scaled_logreg_l2_c1,physicochemical,0.7688166386083053,0.7054493801652892,False,False,False
snnrice6ma_rice_chen__fold09,snnrice6ma_rice_chen,zcurve12__extratrees_300,physicochemical,0.8224559356188144,0.7916451446280992,False,False,False
snnrice6ma_rice_chen__fold09,snnrice6ma_rice_chen,eiip_auto__scaled_logreg_l2_c1,physicochemical,0.6037999948984798,0.45764462809917356,False,False,False
snnrice6ma_rice_chen__fold09,snnrice6ma_rice_chen,eiip_auto__extratrees_300,physicochemical,0.6172281527395164,0.4604209710743802,False,False,False
snnrice6ma_rice_chen__fold09,snnrice6ma_rice_chen,dinuc_auto__scaled_logreg_l2_c1,physicochemical,0.6640298183858789,0.6549586776859504,False,False,False
snnrice6ma_rice_chen__fold09,snnrice6ma_rice_chen,dinuc_auto__extratrees_300,physicochemical,0.7061444622997654,0.649793388429752,False,False,False
snnrice6ma_rice_chen__fold09,snnrice6ma_rice_chen,center_context__scaled_logreg_l2_c1,motif_position,0.7713434853586368,0.7379907024793388,False,False,False
snnrice6ma_rice_chen__fold09,snnrice6ma_rice_chen,center_context__extratrees_300,motif_position,0.7547085437710437,0.6732954545454546,False,False,False
snnrice6ma_rice_chen__fold09,snnrice6ma_rice_chen,dnabert2__scaled_logreg_l2_c1,foundation_db2,0.590144659983675,0.5107179752066116,False,False,False
snnrice6ma_rice_chen__fold09,snnrice6ma_rice_chen,dnabert2__scaled_logreg_l2_c03,foundation_db2,0.5934383289970411,0.512654958677686,False,False,False
snnrice6ma_rice_chen__fold09,snnrice6ma_rice_chen,dnabert1_6mer_mean__linear,foundation_db1,0.7301359555147435,0.6532799586776858,False,False,False
snnrice6ma_rice_chen__fold09,snnrice6ma_rice_chen,dnabert1_6mer_cls__linear,foundation_db1,0.6867762218141006,0.6292613636363636,False,False,False
snnrice6ma_rice_chen__fold09,snnrice6ma_rice_chen,nt_500m_human_ref_mean__linear,foundation_nt,0.6504167304356698,0.6238378099173555,False,False,False
snnrice6ma_rice_chen__fold09,snnrice6ma_rice_chen,nt_500m_human_ref_cls__linear,foundation_nt,0.671985001530456,0.6649018595041323,False,False,False
snnrice6ma_rice_chen__fold09,snnrice6ma_rice_chen,dnashaper_shape4__logreg_c1,dna_shape,0.8007218651158045,0.7802169421487604,False,False,False
snnrice6ma_rice_chen__fold09,snnrice6ma_rice_chen,dnashaper_shape4__histgb,dna_shape,0.8271445515763697,0.8431043388429752,False,False,True
snnrice6ma_rice_chen__fold09,snnrice6ma_rice_chen,dnashaper_ep__logreg_c1,dna_shape,0.7140550071421284,0.6410123966942148,False,False,False
snnrice6ma_rice_chen__fold09,snnrice6ma_rice_chen,dnashaper_all5__logreg_c03,dna_shape,0.8012925976941128,0.7684659090909091,False,False,False
snnrice6ma_rice_chen__fold09,snnrice6ma_rice_chen,dnabert1_6mer__pool_interaction,foundation_db1,0.7399515993265993,0.7139721074380165,False,False,False
snnrice6ma_rice_chen__fold09,snnrice6ma_rice_chen,nt_500m_human_ref__pool_interaction,foundation_nt,0.6930335552494643,0.6730371900826446,False,False,False
snnrice6ma_rice_chen__fold09,snnrice6ma_rice_chen,dnabert2__pool_interaction,foundation_db2,0.6241470895826957,0.584323347107438,False,False,False
snnrice6ma_rice_chen__fold09,snnrice6ma_rice_chen,cross_foundation__attention_interaction,foundation_cross,0.7551860141822262,0.7159090909090909,False,False,False
snnrice6ma_rice_chen__fold09,snnrice6ma_rice_chen,cross_foundation__anchor_residual,foundation_residual,0.8307809789817365,0.8483987603305786,False,False,False
snnrice6ma_rice_chen__fold09,snnrice6ma_rice_chen,aligned_score_anchor,derived_anchor,0.8833218549127639,0.8540805785123967,True,True,False
snnrice6ma_rice_chen__fold09,snnrice6ma_rice_chen,local_cross,preclassifier_local,0.7254951663095601,0.6606404958677685,False,False,False
snnrice6ma_rice_chen__fold09,snnrice6ma_rice_chen,local_cross_db1,preclassifier_local,0.7299175466789103,0.7139721074380164,False,False,False
snnrice6ma_rice_chen__fold09,snnrice6ma_rice_chen,local_cross_db1_nt,preclassifier_local,0.7537783134374043,0.6979597107438016,False,False,False
snnrice6ma_rice_chen__fold09,snnrice6ma_rice_chen,local_cross_nt,preclassifier_local,0.7394111570247934,0.6818181818181819,False,False,False
snnrice6ma_rice_chen__fold09,snnrice6ma_rice_chen,local_cross_db1_nt_mean,preclassifier_local,0.7411679930619325,0.7138429752066116,False,False,False
snnrice6ma_rice_chen__fold09,snnrice6ma_rice_chen,rc_multiscale_seed0,sequence_grammar_rc,0.7139641363126212,0.6794938016528924,False,False,False
snnrice6ma_rice_chen__fold09,snnrice6ma_rice_chen,rc_multiscale_seed1,sequence_grammar_rc,0.6794061192735436,0.6434013429752066,False,False,False
snnrice6ma_rice_chen__fold09,snnrice6ma_rice_chen,rc_multiscale_seed2,sequence_grammar_rc,0.7174228076216713,0.6505036157024794,False,False,False
snnrice6ma_rice_chen__fold09,snnrice6ma_rice_chen,rc_multiscale_biophysical_seed3,sequence_grammar_biophysical,0.6894298094582185,0.6319731404958677,False,False,False
snnrice6ma_rice_chen__fold09,snnrice6ma_rice_chen,rc_multiscale_biophysical_position_seed4,sequence_grammar_position,0.7277023709315376,0.6723269628099174,False,False,False
